frame_id,frame_name,nm_per_pixel,area_nm2
0,11dd74426e8374ac110c4036c77c09ab_000000000000,0.398252,8078.033307
1,11dd74426e8374ac110c4036c77c09ab_000000000001,0.398252,8020.301348
2,11dd74426e8374ac110c4036c77c09ab_000000000002,0.398252,7963.203807
3,11dd74426e8374ac110c4036c77c09ab_000000000003,0.398252,7948.929421
4,11dd74426e8374ac110c4036c77c09ab_000000000004,0.390658,7766.501335
5,11dd74426e8374ac110c4036c77c09ab_000000000005,0.390658,7769.553605
6,11dd74426e8374ac110c4036c77c09ab_000000000006,0.392232,7868.615385
7,11dd74426e8374ac110c4036c77c09ab_000000000007,0.390658,7361.770317
8,11dd74426e8374ac110c4036c77c09ab_000000000008,0.390658,7303.777184
9,11dd74426e8374ac110c4036c77c09ab_000000000009,0.398252,7708.168121
10,11dd74426e8374ac110c4036c77c09ab_000000000010,0.398252,7724.028549
11,11dd74426e8374ac110c4036c77c09ab_000000000011,0.398252,0.317209
11,11dd74426e8374ac110c4036c77c09ab_000000000011,0.398252,7745.915940
12,11dd74426e8374ac110c4036c77c09ab_000000000012,0.398252,7738.937351
13,11dd74426e8374ac110c4036c77c09ab_000000000013,0.390658,7531.171309
14,11dd74426e8374ac110c4036c77c09ab_000000000014,0.390658,7361.159863
15,11dd74426e8374ac110c4036c77c09ab_000000000015,0.390658,7296.756963
16,11dd74426e8374ac110c4036c77c09ab_000000000016,0.390658,7310.186952
17,11dd74426e8374ac110c4036c77c09ab_000000000017,0.383342,7045.701690
18,11dd74426e8374ac110c4036c77c09ab_000000000018,0.383342,7063.041881
19,11dd74426e8374ac110c4036c77c09ab_000000000019,0.383342,7086.554004
20,11dd74426e8374ac110c4036c77c09ab_000000000020,0.390658,7368.180084
21,11dd74426e8374ac110c4036c77c09ab_000000000021,0.390658,7377.031667
22,11dd74426e8374ac110c4036c77c09ab_000000000022,0.390658,7343.151469
23,11dd74426e8374ac110c4036c77c09ab_000000000023,0.390658,7351.392598
24,11dd74426e8374ac110c4036c77c09ab_000000000024,0.390658,7346.508966
25,11dd74426e8374ac110c4036c77c09ab_000000000025,0.390658,7372.758489
26,11dd74426e8374ac110c4036c77c09ab_000000000026,0.390658,7365.127814
27,11dd74426e8374ac110c4036c77c09ab_000000000027,0.390658,7391.682564
28,11dd74426e8374ac110c4036c77c09ab_000000000028,0.390658,7373.368943
29,11dd74426e8374ac110c4036c77c09ab_000000000029,0.390658,7364.212133
30,11dd74426e8374ac110c4036c77c09ab_000000000030,0.390658,7365.738268
31,11dd74426e8374ac110c4036c77c09ab_000000000031,0.390658,1.526135
31,11dd74426e8374ac110c4036c77c09ab_000000000031,0.390658,7354.139641
32,11dd74426e8374ac110c4036c77c09ab_000000000032,0.390658,7388.935521
33,11dd74426e8374ac110c4036c77c09ab_000000000033,0.390658,7409.080504
34,11dd74426e8374ac110c4036c77c09ab_000000000034,0.383342,7237.031594
35,11dd74426e8374ac110c4036c77c09ab_000000000035,0.383342,7257.016899
36,11dd74426e8374ac110c4036c77c09ab_000000000036,0.383342,7277.590007
37,11dd74426e8374ac110c4036c77c09ab_000000000037,0.383342,7265.833946
38,11dd74426e8374ac110c4036c77c09ab_000000000038,0.383342,7267.009552
39,11dd74426e8374ac110c4036c77c09ab_000000000039,0.383342,7337.545922
40,11dd74426e8374ac110c4036c77c09ab_000000000040,0.383342,7375.165320
41,11dd74426e8374ac110c4036c77c09ab_000000000041,0.390658,7698.435712
42,11dd74426e8374ac110c4036c77c09ab_000000000042,0.390658,7693.552079
43,11dd74426e8374ac110c4036c77c09ab_000000000043,0.390658,8400.152614
44,11dd74426e8374ac110c4036c77c09ab_000000000044,0.390658,8329.034720
45,11dd74426e8374ac110c4036c77c09ab_000000000045,0.390658,8306.753148
46,11dd74426e8374ac110c4036c77c09ab_000000000046,0.390658,8331.171309
47,11dd74426e8374ac110c4036c77c09ab_000000000047,0.390658,8296.070202
48,11dd74426e8374ac110c4036c77c09ab_000000000048,0.390658,8262.190004
49,11dd74426e8374ac110c4036c77c09ab_000000000049,0.383342,7955.914769
50,11dd74426e8374ac110c4036c77c09ab_000000000050,0.392232,8308.307692
51,11dd74426e8374ac110c4036c77c09ab_000000000051,0.392232,8291.384615
52,11dd74426e8374ac110c4036c77c09ab_000000000052,0.390658,8203.586417
53,11dd74426e8374ac110c4036c77c09ab_000000000059,0.390658,8624.494468
54,11dd74426e8374ac110c4036c77c09ab_000000000060,0.390658,8532.621137
55,11dd74426e8374ac110c4036c77c09ab_000000000061,0.390658,8536.283861
56,11dd74426e8374ac110c4036c77c09ab_000000000062,0.390658,8739.259824
57,11dd74426e8374ac110c4036c77c09ab_000000000063,0.390658,8786.264784
58,11dd74426e8374ac110c4036c77c09ab_000000000064,0.390658,8791.453644
59,11dd74426e8374ac110c4036c77c09ab_000000000065,0.390658,8797.558184
60,11dd74426e8374ac110c4036c77c09ab_000000000066,0.390658,8680.045784
61,11dd74426e8374ac110c4036c77c09ab_000000000067,0.390658,8781.533766
62,11dd74426e8374ac110c4036c77c09ab_000000000068,0.390658,8796.642503
63,11dd74426e8374ac110c4036c77c09ab_000000000069,0.390658,8814.498283
64,11dd74426e8374ac110c4036c77c09ab_000000000070,0.390658,8818.618848
65,11dd74426e8374ac110c4036c77c09ab_000000000071,0.390658,8897.367417
66,11dd74426e8374ac110c4036c77c09ab_000000000072,0.390658,8894.009920
67,11dd74426e8374ac110c4036c77c09ab_000000000073,0.383342,8595.738428
68,11dd74426e8374ac110c4036c77c09ab_000000000074,0.383342,8586.333578
69,11dd74426e8374ac110c4036c77c09ab_000000000075,0.383342,8604.702425
70,11dd74426e8374ac110c4036c77c09ab_000000000076,0.390658,8916.596719
71,11dd74426e8374ac110c4036c77c09ab_000000000077,0.390658,8918.733308
72,11dd74426e8374ac110c4036c77c09ab_000000000078,0.390658,8933.078977
73,11dd74426e8374ac110c4036c77c09ab_000000000079,0.390658,8908.660816
74,11dd74426e8374ac110c4036c77c09ab_000000000080,0.383342,8606.318883
75,11dd74426e8374ac110c4036c77c09ab_000000000081,0.383342,8625.716385
76,11dd74426e8374ac110c4036c77c09ab_000000000082,0.383342,8635.121234
77,11dd74426e8374ac110c4036c77c09ab_000000000083,0.383342,8605.437179
78,11dd74426e8374ac110c4036c77c09ab_000000000084,0.383342,8608.963997
79,11dd74426e8374ac110c4036c77c09ab_000000000085,0.383342,8559.294636
80,11dd74426e8374ac110c4036c77c09ab_000000000086,0.383342,8582.512858
81,11dd74426e8374ac110c4036c77c09ab_000000000087,0.383342,8536.664217
82,11dd74426e8374ac110c4036c77c09ab_000000000088,0.383342,8557.237325
83,11dd74426e8374ac110c4036c77c09ab_000000000089,0.383342,8526.965467
84,11dd74426e8374ac110c4036c77c09ab_000000000090,0.383342,8473.769287
85,11dd74426e8374ac110c4036c77c09ab_000000000091,0.383342,8453.196179
86,11dd74426e8374ac110c4036c77c09ab_000000000092,0.376288,8236.176991
87,11dd74426e8374ac110c4036c77c09ab_000000000093,0.376288,8226.265487
88,11dd74426e8374ac110c4036c77c09ab_000000000094,0.383342,8552.534901
89,11dd74426e8374ac110c4036c77c09ab_000000000095,0.383342,8588.684791
90,11dd74426e8374ac110c4036c77c09ab_000000000096,0.383342,8634.533431
91,11dd74426e8374ac110c4036c77c09ab_000000000097,0.383342,8628.361499
92,11dd74426e8374ac110c4036c77c09ab_000000000098,0.383342,8621.013960
93,11dd74426e8374ac110c4036c77c09ab_000000000099,0.383342,8674.797943
94,11dd74426e8374ac110c4036c77c09ab_000000000100,0.383342,8707.714916
95,11dd74426e8374ac110c4036c77c09ab_000000000101,0.376288,8536.637168
96,11dd74426e8374ac110c4036c77c09ab_000000000102,0.376288,8565.238938
97,11dd74426e8374ac110c4036c77c09ab_000000000103,0.390658,9223.349866
98,11dd74426e8374ac110c4036c77c09ab_000000000104,0.390658,9209.614651
99,11dd74426e8374ac110c4036c77c09ab_000000000105,0.383342,8878.471712
100,11dd74426e8374ac110c4036c77c09ab_000000000106,0.390658,9215.719191
101,11dd74426e8374ac110c4036c77c09ab_000000000107,0.390658,9255.703930
102,11dd74426e8374ac110c4036c77c09ab_000000000108,0.390658,9338.420450
103,11dd74426e8374ac110c4036c77c09ab_000000000109,0.390658,9363.143838
104,11dd74426e8374ac110c4036c77c09ab_000000000110,0.383342,9070.095518
105,11dd74426e8374ac110c4036c77c09ab_000000000111,0.390658,9441.892407
106,11dd74426e8374ac110c4036c77c09ab_000000000112,0.390658,9467.531477
107,11dd74426e8374ac110c4036c77c09ab_000000000113,0.383342,9133.578251
108,11dd74426e8374ac110c4036c77c09ab_000000000114,0.383342,9179.720794
109,11dd74426e8374ac110c4036c77c09ab_000000000115,0.376288,8826.619469
110,11dd74426e8374ac110c4036c77c09ab_000000000116,0.376288,8823.504425
111,11dd74426e8374ac110c4036c77c09ab_000000000117,0.383342,9235.562087
112,11dd74426e8374ac110c4036c77c09ab_000000000118,0.383342,9247.024247
113,11dd74426e8374ac110c4036c77c09ab_000000000119,0.383342,9154.151359
114,11dd74426e8374ac110c4036c77c09ab_000000000120,0.383342,9075.385746
115,11dd74426e8374ac110c4036c77c09ab_000000000121,0.383342,8517.854519
116,11dd74426e8374ac110c4036c77c09ab_000000000122,0.383342,8554.592212
117,11dd74426e8374ac110c4036c77c09ab_000000000123,0.383342,8547.685525
118,11dd74426e8374ac110c4036c77c09ab_000000000124,0.376288,8237.876106
119,11dd74426e8374ac110c4036c77c09ab_000000000125,0.376288,8258.831858
120,11dd74426e8374ac110c4036c77c09ab_000000000126,0.376288,8313.769912
121,11dd74426e8374ac110c4036c77c09ab_000000000127,0.383342,8636.296841
122,11dd74426e8374ac110c4036c77c09ab_000000000128,0.383342,8635.415136
123,11dd74426e8374ac110c4036c77c09ab_000000000129,0.383342,8619.838354
124,11dd74426e8374ac110c4036c77c09ab_000000000130,0.383342,8631.300514
125,11dd74426e8374ac110c4036c77c09ab_000000000131,0.383342,8572.226304
126,11dd74426e8374ac110c4036c77c09ab_000000000132,0.383342,8592.799412
127,11dd74426e8374ac110c4036c77c09ab_000000000133,0.383342,8509.919177
128,11dd74426e8374ac110c4036c77c09ab_000000000134,0.383342,8466.127847
129,11dd74426e8374ac110c4036c77c09ab_000000000135,0.383342,8481.704629
130,11dd74426e8374ac110c4036c77c09ab_000000000136,0.383342,8542.248347
131,11dd74426e8374ac110c4036c77c09ab_000000000137,0.383342,8540.191036
132,11dd74426e8374ac110c4036c77c09ab_000000000138,0.376288,8179.823009
133,11dd74426e8374ac110c4036c77c09ab_000000000139,0.376288,8190.584071
134,11dd74426e8374ac110c4036c77c09ab_000000000140,0.383342,8539.015430
135,11dd74426e8374ac110c4036c77c09ab_000000000141,0.383342,8551.065393
136,11dd74426e8374ac110c4036c77c09ab_000000000142,0.383342,8569.581190
137,11dd74426e8374ac110c4036c77c09ab_000000000143,0.390658,8829.607020
138,11dd74426e8374ac110c4036c77c09ab_000000000144,0.390658,8820.144983
139,11dd74426e8374ac110c4036c77c09ab_000000000145,0.390658,8772.834796
140,11dd74426e8374ac110c4036c77c09ab_000000000146,0.390658,8762.457077
141,11dd74426e8374ac110c4036c77c09ab_000000000147,0.390658,8729.492560
142,11dd74426e8374ac110c4036c77c09ab_000000000148,0.390658,8732.850057
143,11dd74426e8374ac110c4036c77c09ab_000000000149,0.383342,8449.963262
144,11dd74426e8374ac110c4036c77c09ab_000000000150,0.390658,8747.195727
145,11dd74426e8374ac110c4036c77c09ab_000000000151,0.390658,8752.689813
146,11dd74426e8374ac110c4036c77c09ab_000000000152,0.390658,8713.315528
147,11dd74426e8374ac110c4036c77c09ab_000000000153,0.390658,8727.355971
148,11dd74426e8374ac110c4036c77c09ab_000000000154,0.390658,8795.421595
149,11dd74426e8374ac110c4036c77c09ab_000000000155,0.390658,8801.526135
150,11dd74426e8374ac110c4036c77c09ab_000000000156,0.390658,8767.951164
151,11dd74426e8374ac110c4036c77c09ab_000000000157,0.390658,8836.627242
152,11dd74426e8374ac110c4036c77c09ab_000000000158,0.388955,8827.231467
153,11dd74426e8374ac110c4036c77c09ab_000000000159,0.390658,8955.665776
154,11dd74426e8374ac110c4036c77c09ab_000000000160,0.383342,8574.283615
155,11dd74426e8374ac110c4036c77c09ab_000000000161,0.383342,8513.445996
156,11dd74426e8374ac110c4036c77c09ab_000000000162,0.383342,8550.183688
157,11dd74426e8374ac110c4036c77c09ab_000000000163,0.376288,8304.424779
158,11dd74426e8374ac110c4036c77c09ab_000000000164,0.383342,8645.113887
159,11dd74426e8374ac110c4036c77c09ab_000000000165,0.383342,8637.178545
160,11dd74426e8374ac110c4036c77c09ab_000000000166,0.383342,8624.246877
161,11dd74426e8374ac110c4036c77c09ab_000000000167,0.383342,8622.483468
162,11dd74426e8374ac110c4036c77c09ab_000000000168,0.390658,9292.331171
163,11dd74426e8374ac110c4036c77c09ab_000000000169,0.398252,9690.087232
164,11dd74426e8374ac110c4036c77c09ab_000000000170,0.390658,9194.353300
165,11dd74426e8374ac110c4036c77c09ab_000000000171,0.390658,9214.193056
166,11dd74426e8374ac110c4036c77c09ab_000000000172,0.390658,9223.960320
167,11dd74426e8374ac110c4036c77c09ab_000000000173,0.390658,9207.172835
168,11dd74426e8374ac110c4036c77c09ab_000000000174,0.390658,9205.646700
169,11dd74426e8374ac110c4036c77c09ab_000000000175,0.390658,8577.031667
170,11dd74426e8374ac110c4036c77c09ab_000000000176,0.390658,8463.945059
171,11dd74426e8374ac110c4036c77c09ab_000000000177,0.390658,8470.354826
172,11dd74426e8374ac110c4036c77c09ab_000000000178,0.390658,8458.145746
173,11dd74426e8374ac110c4036c77c09ab_000000000179,0.390658,8549.408623
174,11dd74426e8374ac110c4036c77c09ab_000000000180,0.383342,8224.834680
175,11dd74426e8374ac110c4036c77c09ab_000000000181,0.383342,8236.296841
176,11dd74426e8374ac110c4036c77c09ab_000000000182,0.381732,8150.091075
177,11dd74426e8374ac110c4036c77c09ab_000000000183,0.381732,8143.096539
178,11dd74426e8374ac110c4036c77c09ab_000000000184,0.376288,7954.973451
179,11dd74426e8374ac110c4036c77c09ab_000000000185,0.376288,7966.300885
180,11dd74426e8374ac110c4036c77c09ab_000000000186,0.376288,7931.185841
181,11dd74426e8374ac110c4036c77c09ab_000000000187,0.383342,8206.612785
182,11dd74426e8374ac110c4036c77c09ab_000000000188,0.383342,8207.494489
183,11dd74426e8374ac110c4036c77c09ab_000000000189,0.383342,8277.149155
184,11dd74426e8374ac110c4036c77c09ab_000000000190,0.383342,8285.084497
185,11dd74426e8374ac110c4036c77c09ab_000000000191,0.390658,8611.980160
186,11dd74426e8374ac110c4036c77c09ab_000000000192,0.390658,8608.317436
187,11dd74426e8374ac110c4036c77c09ab_000000000193,0.376288,7981.309735
188,11dd74426e8374ac110c4036c77c09ab_000000000194,0.383342,8315.650257
189,11dd74426e8374ac110c4036c77c09ab_000000000195,0.383342,8320.352682
190,11dd74426e8374ac110c4036c77c09ab_000000000196,0.383342,8215.723733
191,11dd74426e8374ac110c4036c77c09ab_000000000197,0.383342,1.157237
191,11dd74426e8374ac110c4036c77c09ab_000000000197,0.383342,8223.952976
192,11dd74426e8374ac110c4036c77c09ab_000000000198,0.383342,1.083762
192,11dd74426e8374ac110c4036c77c09ab_000000000198,0.383342,8300.367377
193,11dd74426e8374ac110c4036c77c09ab_000000000199,0.383342,8299.779574
194,11dd74426e8374ac110c4036c77c09ab_000000000200,0.383342,8280.675974
195,11dd74426e8374ac110c4036c77c09ab_000000000201,0.383342,8255.400441
196,11dd74426e8374ac110c4036c77c09ab_000000000202,0.383342,8268.038207
197,11dd74426e8374ac110c4036c77c09ab_000000000203,0.383342,8245.701690
198,11dd74426e8374ac110c4036c77c09ab_000000000204,0.383342,8233.357825
199,11dd74426e8374ac110c4036c77c09ab_000000000205,0.392232,8655.692308
200,11dd74426e8374ac110c4036c77c09ab_000000000206,0.390658,8581.457459
201,11dd74426e8374ac110c4036c77c09ab_000000000207,0.383342,8313.592946
202,11dd74426e8374ac110c4036c77c09ab_000000000208,0.383342,8310.653931
203,11dd74426e8374ac110c4036c77c09ab_000000000209,0.390658,8593.666539
204,11dd74426e8374ac110c4036c77c09ab_000000000210,0.383342,8291.256429
205,11dd74426e8374ac110c4036c77c09ab_000000000211,0.383342,8284.202792
206,11dd74426e8374ac110c4036c77c09ab_000000000212,0.376288,0.283186
206,11dd74426e8374ac110c4036c77c09ab_000000000212,0.376288,7980.743363
207,11dd74426e8374ac110c4036c77c09ab_000000000213,0.376288,7949.309735
208,11dd74426e8374ac110c4036c77c09ab_000000000214,0.383342,1.102131
208,11dd74426e8374ac110c4036c77c09ab_000000000214,0.383342,8290.374724
209,11dd74426e8374ac110c4036c77c09ab_000000000215,0.383342,0.670463
209,11dd74426e8374ac110c4036c77c09ab_000000000215,0.383342,8283.321087
210,11dd74426e8374ac110c4036c77c09ab_000000000216,0.383342,0.587803
210,11dd74426e8374ac110c4036c77c09ab_000000000216,0.383342,0.505143
210,11dd74426e8374ac110c4036c77c09ab_000000000216,0.383342,7.053637
210,11dd74426e8374ac110c4036c77c09ab_000000000216,0.383342,7565.025716
211,11dd74426e8374ac110c4036c77c09ab_000000000217,0.383342,7603.232917
212,11dd74426e8374ac110c4036c77c09ab_000000000218,0.383342,7596.767083
213,11dd74426e8374ac110c4036c77c09ab_000000000219,0.383342,8372.961058
214,11dd74426e8374ac110c4036c77c09ab_000000000220,0.383342,1.469508
214,11dd74426e8374ac110c4036c77c09ab_000000000220,0.383342,6.686260
214,11dd74426e8374ac110c4036c77c09ab_000000000220,0.383342,0.376561
214,11dd74426e8374ac110c4036c77c09ab_000000000220,0.383342,2.498163
214,11dd74426e8374ac110c4036c77c09ab_000000000220,0.383342,4.628949
214,11dd74426e8374ac110c4036c77c09ab_000000000220,0.383342,7669.654666
215,11dd74426e8374ac110c4036c77c09ab_000000000221,0.383342,8442.909625
216,11dd74426e8374ac110c4036c77c09ab_000000000222,0.376288,8105.911504
217,11dd74426e8374ac110c4036c77c09ab_000000000223,0.390658,8790.537963
218,11dd74426e8374ac110c4036c77c09ab_000000000224,0.383342,0.587803
218,11dd74426e8374ac110c4036c77c09ab_000000000224,0.383342,8339.162381
219,11dd74426e8374ac110c4036c77c09ab_000000000225,0.383342,8327.700220
220,11dd74426e8374ac110c4036c77c09ab_000000000226,0.383342,8252.461425
221,11dd74426e8374ac110c4036c77c09ab_000000000227,0.383342,7523.585599
222,11dd74426e8374ac110c4036c77c09ab_000000000228,0.383342,2.865540
222,11dd74426e8374ac110c4036c77c09ab_000000000228,0.383342,8251.579721
223,11dd74426e8374ac110c4036c77c09ab_000000000229,0.383342,8254.224835
224,11dd74426e8374ac110c4036c77c09ab_000000000230,0.383342,0.890889
224,11dd74426e8374ac110c4036c77c09ab_000000000230,0.383342,8292.432035
225,11dd74426e8374ac110c4036c77c09ab_000000000231,0.383342,8258.633358
226,11dd74426e8374ac110c4036c77c09ab_000000000232,0.383342,8230.124908
227,11dd74426e8374ac110c4036c77c09ab_000000000233,0.376288,8015.858407
228,11dd74426e8374ac110c4036c77c09ab_000000000234,0.376288,8013.876106
229,11dd74426e8374ac110c4036c77c09ab_000000000235,0.376288,8051.823009
230,11dd74426e8374ac110c4036c77c09ab_000000000236,0.376288,8032.000000
231,11dd74426e8374ac110c4036c77c09ab_000000000237,0.376288,8040.495575
232,11dd74426e8374ac110c4036c77c09ab_000000000238,0.376288,8163.964602
233,11dd74426e8374ac110c4036c77c09ab_000000000239,0.376288,8171.327434
234,11dd74426e8374ac110c4036c77c09ab_000000000240,0.376288,8121.486726
235,11dd74426e8374ac110c4036c77c09ab_000000000241,0.376288,8111.575221
236,11dd74426e8374ac110c4036c77c09ab_000000000242,0.383342,8734.166054
237,11dd74426e8374ac110c4036c77c09ab_000000000243,0.383342,8627.479794
238,11dd74426e8374ac110c4036c77c09ab_000000000244,0.369484,8010.375427
239,11dd74426e8374ac110c4036c77c09ab_000000000245,0.376288,8308.955752
240,11dd74426e8374ac110c4036c77c09ab_000000000246,0.383342,8654.812638
241,11dd74426e8374ac110c4036c77c09ab_000000000247,0.383342,8666.862601
242,11dd74426e8374ac110c4036c77c09ab_000000000248,0.383342,8685.672300
243,11dd74426e8374ac110c4036c77c09ab_000000000249,0.383342,8702.424688
244,11dd74426e8374ac110c4036c77c09ab_000000000250,0.383342,8710.947832
245,11dd74426e8374ac110c4036c77c09ab_000000000251,0.376288,8269.734513
246,11dd74426e8374ac110c4036c77c09ab_000000000252,0.383342,8581.631154
247,11dd74426e8374ac110c4036c77c09ab_000000000253,0.376288,8399.575221
248,11dd74426e8374ac110c4036c77c09ab_000000000254,0.376288,8226.831858
249,11dd74426e8374ac110c4036c77c09ab_000000000255,0.376288,8224.849558
250,11dd74426e8374ac110c4036c77c09ab_000000000256,0.383342,8773.254960
251,11dd74426e8374ac110c4036c77c09ab_000000000257,0.383342,8783.541514
252,11dd74426e8374ac110c4036c77c09ab_000000000258,0.383342,8793.828068
253,11dd74426e8374ac110c4036c77c09ab_000000000259,0.376288,8471.504425
254,11dd74426e8374ac110c4036c77c09ab_000000000260,0.383342,8858.633358
255,11dd74426e8374ac110c4036c77c09ab_000000000261,0.384829,8900.407257
256,11dd74426e8374ac110c4036c77c09ab_000000000262,0.384829,9017.697149
257,11dd74426e8374ac110c4036c77c09ab_000000000263,0.383342,8864.364438
258,11dd74426e8374ac110c4036c77c09ab_000000000264,0.390658,9212.666921
259,11dd74426e8374ac110c4036c77c09ab_000000000265,0.390658,9263.945059
260,11dd74426e8374ac110c4036c77c09ab_000000000266,0.390658,9281.342999
261,11dd74426e8374ac110c4036c77c09ab_000000000267,0.383342,8946.362968
262,11dd74426e8374ac110c4036c77c09ab_000000000268,0.383342,8971.932403
263,11dd74426e8374ac110c4036c77c09ab_000000000269,0.383342,8989.860397
264,11dd74426e8374ac110c4036c77c09ab_000000000270,0.383342,8993.387215
265,11dd74426e8374ac110c4036c77c09ab_000000000271,0.383342,9002.204262
266,11dd74426e8374ac110c4036c77c09ab_000000000272,0.383342,9061.866275
267,11dd74426e8374ac110c4036c77c09ab_000000000273,0.383342,9063.041881
268,11dd74426e8374ac110c4036c77c09ab_000000000274,0.383342,9032.182219
269,11dd74426e8374ac110c4036c77c09ab_000000000275,0.383342,9035.121234
270,11dd74426e8374ac110c4036c77c09ab_000000000276,0.392232,9467.384615
271,11dd74426e8374ac110c4036c77c09ab_000000000277,0.392232,9474.769231
272,11dd74426e8374ac110c4036c77c09ab_000000000278,0.392232,9475.076923
273,11dd74426e8374ac110c4036c77c09ab_000000000279,0.383342,9051.579721
274,11dd74426e8374ac110c4036c77c09ab_000000000280,0.383342,9055.694342
275,11dd74426e8374ac110c4036c77c09ab_000000000281,0.383342,9048.346804
276,11dd74426e8374ac110c4036c77c09ab_000000000282,0.383342,9060.984570
277,11dd74426e8374ac110c4036c77c09ab_000000000283,0.392232,9523.076923
278,11dd74426e8374ac110c4036c77c09ab_000000000284,0.392232,9544.000000
279,11dd74426e8374ac110c4036c77c09ab_000000000285,0.392232,9551.384615
280,11dd74426e8374ac110c4036c77c09ab_000000000286,0.390658,9462.647844
281,11dd74426e8374ac110c4036c77c09ab_000000000287,0.390658,9472.109882
282,11dd74426e8374ac110c4036c77c09ab_000000000288,0.392232,9489.692308
283,11dd74426e8374ac110c4036c77c09ab_000000000289,0.392232,9501.692308
284,11dd74426e8374ac110c4036c77c09ab_000000000290,0.383342,9129.757531
285,11dd74426e8374ac110c4036c77c09ab_000000000291,0.383342,9252.020573
286,11dd74426e8374ac110c4036c77c09ab_000000000292,0.390658,9622.434185
287,11dd74426e8374ac110c4036c77c09ab_000000000293,0.383342,9322.556943
288,11dd74426e8374ac110c4036c77c09ab_000000000294,0.383342,9343.717855
289,11dd74426e8374ac110c4036c77c09ab_000000000295,0.398252,10135.448057
290,11dd74426e8374ac110c4036c77c09ab_000000000296,0.398252,10135.130849
291,11dd74426e8374ac110c4036c77c09ab_000000000297,0.398252,9667.248216
292,11dd74426e8374ac110c4036c77c09ab_000000000298,0.390658,9299.046166
293,11dd74426e8374ac110c4036c77c09ab_000000000299,0.390658,9290.805036
294,11dd74426e8374ac110c4036c77c09ab_000000000300,0.383342,9033.357825
295,11dd74426e8374ac110c4036c77c09ab_000000000301,0.383342,9053.049229
296,11dd74426e8374ac110c4036c77c09ab_000000000302,0.383342,9032.476120
297,11dd74426e8374ac110c4036c77c09ab_000000000303,0.383342,9035.121234
298,11dd74426e8374ac110c4036c77c09ab_000000000304,0.376288,8691.823009
299,11dd74426e8374ac110c4036c77c09ab_000000000305,0.376288,8678.230088
300,11dd74426e8374ac110c4036c77c09ab_000000000306,0.376288,8754.973451
301,11dd74426e8374ac110c4036c77c09ab_000000000307,0.383342,9031.006613
302,11dd74426e8374ac110c4036c77c09ab_000000000308,0.383342,9019.838354
303,11dd74426e8374ac110c4036c77c09ab_000000000309,0.384829,9111.292114
304,11dd74426e8374ac110c4036c77c09ab_000000000310,0.383342,9016.605437
305,11dd74426e8374ac110c4036c77c09ab_000000000311,0.383342,9019.838354
306,11dd74426e8374ac110c4036c77c09ab_000000000312,0.376288,8678.230088
307,11dd74426e8374ac110c4036c77c09ab_000000000313,0.390658,9325.600916
308,11dd74426e8374ac110c4036c77c09ab_000000000314,0.390658,9350.934758
309,11dd74426e8374ac110c4036c77c09ab_000000000315,0.390658,9349.713850
310,11dd74426e8374ac110c4036c77c09ab_000000000316,0.390658,9328.347959
311,11dd74426e8374ac110c4036c77c09ab_000000000317,0.398252,9696.114195
312,11dd74426e8374ac110c4036c77c09ab_000000000318,0.390658,9346.051126
313,11dd74426e8374ac110c4036c77c09ab_000000000319,0.390658,0.610454
313,11dd74426e8374ac110c4036c77c09ab_000000000319,0.390658,9363.754292
314,11dd74426e8374ac110c4036c77c09ab_000000000320,0.390658,2.203357
314,11dd74426e8374ac110c4036c77c09ab_000000000320,0.390658,9328.653186
315,11dd74426e8374ac110c4036c77c09ab_000000000321,0.390658,1.888592
315,11dd74426e8374ac110c4036c77c09ab_000000000321,0.390658,9382.983594
316,11dd74426e8374ac110c4036c77c09ab_000000000322,0.390658,2.365509
316,11dd74426e8374ac110c4036c77c09ab_000000000322,0.390658,9361.922930
317,11dd74426e8374ac110c4036c77c09ab_000000000323,0.390658,9363.754292
318,11dd74426e8374ac110c4036c77c09ab_000000000324,0.390658,0.457841
318,11dd74426e8374ac110c4036c77c09ab_000000000324,0.390658,9377.794735
319,11dd74426e8374ac110c4036c77c09ab_000000000325,0.390658,9446.165586
320,11dd74426e8374ac110c4036c77c09ab_000000000326,0.390658,9444.028997
321,11dd74426e8374ac110c4036c77c09ab_000000000327,0.383342,9121.822190
322,11dd74426e8374ac110c4036c77c09ab_000000000328,0.383342,9265.980896
323,11dd74426e8374ac110c4036c77c09ab_000000000329,0.383342,9264.070536
324,11dd74426e8374ac110c4036c77c09ab_000000000330,0.390658,9572.834796
325,11dd74426e8374ac110c4036c77c09ab_000000000331,0.390658,9568.256391
326,11dd74426e8374ac110c4036c77c09ab_000000000332,0.383342,9118.589273
327,11dd74426e8374ac110c4036c77c09ab_000000000333,0.390658,9479.740557
328,11dd74426e8374ac110c4036c77c09ab_000000000334,0.390658,9555.436856
329,11dd74426e8374ac110c4036c77c09ab_000000000335,0.390658,9554.063335
330,11dd74426e8374ac110c4036c77c09ab_000000000336,0.392232,9759.538462
331,11dd74426e8374ac110c4036c77c09ab_000000000337,0.390658,9661.198016
332,11dd74426e8374ac110c4036c77c09ab_000000000338,0.390658,9662.113697
334,11dd74426e8374ac110c4036c77c09ab_000000000374,0.383342,16447.759001
335,11dd74426e8374ac110c4036c77c09ab_000000000375,0.383342,16237.619398
336,11dd74426e8374ac110c4036c77c09ab_000000000376,0.383342,16428.067597
337,11dd74426e8374ac110c4036c77c09ab_000000000377,0.383342,16403.232917
338,11dd74426e8374ac110c4036c77c09ab_000000000378,0.376288,15696.000000
339,11dd74426e8374ac110c4036c77c09ab_000000000379,0.376288,15721.061947
340,11dd74426e8374ac110c4036c77c09ab_000000000380,0.383342,16381.778104
341,11dd74426e8374ac110c4036c77c09ab_000000000381,0.383342,16297.722263
342,11dd74426e8374ac110c4036c77c09ab_000000000382,0.383342,16226.010287
343,11dd74426e8374ac110c4036c77c09ab_000000000383,0.383342,16139.015430
344,11dd74426e8374ac110c4036c77c09ab_000000000384,0.383342,16130.198384
345,11dd74426e8374ac110c4036c77c09ab_000000000385,0.383342,16167.229978
346,11dd74426e8374ac110c4036c77c09ab_000000000386,0.383342,15928.581925
347,11dd74426e8374ac110c4036c77c09ab_000000000387,0.390658,16727.203357
348,11dd74426e8374ac110c4036c77c09ab_000000000388,0.390658,16755.589470
349,11dd74426e8374ac110c4036c77c09ab_000000000389,0.390658,16743.990843
350,11dd74426e8374ac110c4036c77c09ab_000000000390,0.383342,16132.549596
351,11dd74426e8374ac110c4036c77c09ab_000000000391,0.390658,16762.457077
352,11dd74426e8374ac110c4036c77c09ab_000000000392,0.390658,16747.806181
353,11dd74426e8374ac110c4036c77c09ab_000000000393,0.390658,16522.701259
354,11dd74426e8374ac110c4036c77c09ab_000000000394,0.343351,12985.322723
355,11dd74426e8374ac110c4036c77c09ab_000000000395,0.337676,12291.562144
356,11dd74426e8374ac110c4036c77c09ab_000000000396,0.337676,12273.888255
357,11dd74426e8374ac110c4036c77c09ab_000000000397,0.343351,13035.543767
358,11dd74426e8374ac110c4036c77c09ab_000000000398,0.343351,13017.035072
359,11dd74426e8374ac110c4036c77c09ab_000000000399,0.343351,12792.690834
360,11dd74426e8374ac110c4036c77c09ab_000000000400,0.343351,12784.910109
361,11dd74426e8374ac110c4036c77c09ab_000000000401,0.343351,13059.121721
362,11dd74426e8374ac110c4036c77c09ab_000000000402,0.343351,13030.592396
363,11dd74426e8374ac110c4036c77c09ab_000000000403,0.337676,12373.432155
364,11dd74426e8374ac110c4036c77c09ab_000000000404,0.337676,12684.150513
365,11dd74426e8374ac110c4036c77c09ab_000000000405,0.337676,12403.876853
366,11dd74426e8374ac110c4036c77c09ab_000000000406,0.338788,12705.767575
367,11dd74426e8374ac110c4036c77c09ab_000000000407,0.338788,12711.621234
368,11dd74426e8374ac110c4036c77c09ab_000000000408,0.338788,12568.378766
369,11dd74426e8374ac110c4036c77c09ab_000000000409,0.338788,10905.365854
370,11dd74426e8374ac110c4036c77c09ab_000000000410,0.333241,10449.528040
371,11dd74426e8374ac110c4036c77c09ab_000000000411,0.333241,10415.991116
372,11dd74426e8374ac110c4036c77c09ab_000000000412,0.339814,10822.979215
373,11dd74426e8374ac110c4036c77c09ab_000000000413,0.350446,11693.214615
374,11dd74426e8374ac110c4036c77c09ab_000000000414,0.338788,10964.476327
375,11dd74426e8374ac110c4036c77c09ab_000000000415,0.344520,11392.759644
376,11dd74426e8374ac110c4036c77c09ab_000000000416,0.344520,11385.163205
377,11dd74426e8374ac110c4036c77c09ab_000000000417,0.344520,11520.949555
378,11dd74426e8374ac110c4036c77c09ab_000000000418,0.344520,12567.833828
379,11dd74426e8374ac110c4036c77c09ab_000000000419,0.338788,12224.045911
380,11dd74426e8374ac110c4036c77c09ab_000000000420,0.338788,12286.140603
381,11dd74426e8374ac110c4036c77c09ab_000000000421,0.338788,12368.550933
382,11dd74426e8374ac110c4036c77c09ab_000000000422,0.344520,12917.507418
383,11dd74426e8374ac110c4036c77c09ab_000000000423,0.350446,13434.448879
384,11dd74426e8374ac110c4036c77c09ab_000000000424,0.338788,12549.784792
385,11dd74426e8374ac110c4036c77c09ab_000000000425,0.333241,12094.725153
386,11dd74426e8374ac110c4036c77c09ab_000000000426,0.350446,13365.919558
387,11dd74426e8374ac110c4036c77c09ab_000000000427,0.350446,13459.748235
388,11dd74426e8374ac110c4036c77c09ab_000000000428,0.350446,13475.959472
389,11dd74426e8374ac110c4036c77c09ab_000000000429,0.338788,12613.601148
390,11dd74426e8374ac110c4036c77c09ab_000000000430,0.338788,12643.098996
391,11dd74426e8374ac110c4036c77c09ab_000000000431,0.338788,12005.164993
392,11dd74426e8374ac110c4036c77c09ab_000000000432,0.338788,12002.984218
393,11dd74426e8374ac110c4036c77c09ab_000000000433,0.344520,12704.213650
394,11dd74426e8374ac110c4036c77c09ab_000000000434,0.344520,12737.804154
395,11dd74426e8374ac110c4036c77c09ab_000000000435,0.344520,12429.198813
396,11dd74426e8374ac110c4036c77c09ab_000000000436,0.338788,12321.721664
397,11dd74426e8374ac110c4036c77c09ab_000000000437,0.338788,12322.754663
398,11dd74426e8374ac110c4036c77c09ab_000000000438,0.344520,12685.222552
399,11dd74426e8374ac110c4036c77c09ab_000000000439,0.344520,12709.554896
400,11dd74426e8374ac110c4036c77c09ab_000000000440,0.338788,12079.885222
401,11dd74426e8374ac110c4036c77c09ab_000000000441,0.338788,12326.083214
402,11dd74426e8374ac110c4036c77c09ab_000000000442,0.338788,12120.401722
403,11dd74426e8374ac110c4036c77c09ab_000000000443,0.338788,12399.770445
404,11dd74426e8374ac110c4036c77c09ab_000000000444,0.338788,12156.327116
405,11dd74426e8374ac110c4036c77c09ab_000000000445,0.344520,12819.109792
406,11dd74426e8374ac110c4036c77c09ab_000000000446,0.344520,12590.979228
407,11dd74426e8374ac110c4036c77c09ab_000000000447,0.344520,12812.344214
408,11dd74426e8374ac110c4036c77c09ab_000000000448,0.344520,12584.451039
409,11dd74426e8374ac110c4036c77c09ab_000000000449,0.344520,13468.605341
410,11dd74426e8374ac110c4036c77c09ab_000000000450,0.344520,13395.014837
411,11dd74426e8374ac110c4036c77c09ab_000000000451,0.338788,12952.309900
412,11dd74426e8374ac110c4036c77c09ab_000000000452,0.338788,12970.674319
413,11dd74426e8374ac110c4036c77c09ab_000000000453,0.338788,12995.581062
414,11dd74426e8374ac110c4036c77c09ab_000000000454,0.338788,13018.421808
415,11dd74426e8374ac110c4036c77c09ab_000000000455,0.338788,13037.245337
416,11dd74426e8374ac110c4036c77c09ab_000000000456,0.338788,13029.555237
417,11dd74426e8374ac110c4036c77c09ab_000000000457,0.344520,13482.017804
418,11dd74426e8374ac110c4036c77c09ab_000000000458,0.338788,13061.692970
419,11dd74426e8374ac110c4036c77c09ab_000000000459,0.338788,13040.344333
420,11dd74426e8374ac110c4036c77c09ab_000000000460,0.344520,13489.495549
421,11dd74426e8374ac110c4036c77c09ab_000000000461,0.344520,13303.501484
422,11dd74426e8374ac110c4036c77c09ab_000000000462,0.344520,13509.910979
423,11dd74426e8374ac110c4036c77c09ab_000000000463,0.344520,13557.270030
424,11dd74426e8374ac110c4036c77c09ab_000000000464,0.344520,13491.513353
425,11dd74426e8374ac110c4036c77c09ab_000000000465,0.344520,13502.789318
426,11dd74426e8374ac110c4036c77c09ab_000000000466,0.344520,13532.106825
427,11dd74426e8374ac110c4036c77c09ab_000000000467,0.344520,13539.109792
428,11dd74426e8374ac110c4036c77c09ab_000000000468,0.344520,13646.053412
429,11dd74426e8374ac110c4036c77c09ab_000000000469,0.344520,13648.189911
430,11dd74426e8374ac110c4036c77c09ab_000000000470,0.338788,13129.296987
431,11dd74426e8374ac110c4036c77c09ab_000000000471,0.327869,0.275464
431,11dd74426e8374ac110c4036c77c09ab_000000000471,0.327869,11981.617845
432,11dd74426e8374ac110c4036c77c09ab_000000000472,0.344520,13199.050445
433,11dd74426e8374ac110c4036c77c09ab_000000000473,0.338788,12737.675753
434,11dd74426e8374ac110c4036c77c09ab_000000000474,0.333241,1.617157
434,11dd74426e8374ac110c4036c77c09ab_000000000474,0.333241,12516.046641
435,11dd74426e8374ac110c4036c77c09ab_000000000475,0.344520,13393.234421
436,11dd74426e8374ac110c4036c77c09ab_000000000476,0.344520,7.181009
436,11dd74426e8374ac110c4036c77c09ab_000000000476,0.344520,13129.970326
437,11dd74426e8374ac110c4036c77c09ab_000000000477,0.344520,13149.554896
438,11dd74426e8374ac110c4036c77c09ab_000000000478,0.344520,0.949555
438,11dd74426e8374ac110c4036c77c09ab_000000000478,0.344520,13149.317507
439,11dd74426e8374ac110c4036c77c09ab_000000000479,0.344520,1.602374
439,11dd74426e8374ac110c4036c77c09ab_000000000479,0.344520,13200.237389
440,11dd74426e8374ac110c4036c77c09ab_000000000480,0.337676,12667.958951
441,11dd74426e8374ac110c4036c77c09ab_000000000481,0.337676,12689.053592
442,11dd74426e8374ac110c4036c77c09ab_000000000482,0.337676,12623.147092
443,11dd74426e8374ac110c4036c77c09ab_000000000483,0.337676,12636.830103
444,11dd74426e8374ac110c4036c77c09ab_000000000484,0.338788,0.225968
444,11dd74426e8374ac110c4036c77c09ab_000000000484,0.338788,12771.420373
445,11dd74426e8374ac110c4036c77c09ab_000000000485,0.343351,13124.550545
446,11dd74426e8374ac110c4036c77c09ab_000000000486,0.343351,13108.281757
447,11dd74426e8374ac110c4036c77c09ab_000000000487,0.343351,13612.849985
448,11dd74426e8374ac110c4036c77c09ab_000000000488,0.343351,13393.221338
449,11dd74426e8374ac110c4036c77c09ab_000000000489,0.344520,13403.679525
450,11dd74426e8374ac110c4036c77c09ab_000000000490,0.344520,13395.014837
451,11dd74426e8374ac110c4036c77c09ab_000000000491,0.344520,13381.602374
452,11dd74426e8374ac110c4036c77c09ab_000000000492,0.344520,13362.967359
453,11dd74426e8374ac110c4036c77c09ab_000000000493,0.337676,4.047891
453,11dd74426e8374ac110c4036c77c09ab_000000000493,0.337676,12793.728620
454,11dd74426e8374ac110c4036c77c09ab_000000000494,0.338788,12840.631277
455,11dd74426e8374ac110c4036c77c09ab_000000000495,0.338788,2.022956
455,11dd74426e8374ac110c4036c77c09ab_000000000495,0.338788,12837.876614
456,11dd74426e8374ac110c4036c77c09ab_000000000496,0.344520,13313.353116
457,11dd74426e8374ac110c4036c77c09ab_000000000497,0.344520,13336.379822
458,11dd74426e8374ac110c4036c77c09ab_000000000498,0.344520,13295.786350
459,11dd74426e8374ac110c4036c77c09ab_000000000499,0.344520,13315.964392
460,11dd74426e8374ac110c4036c77c09ab_000000000500,0.344520,13964.688427
461,11dd74426e8374ac110c4036c77c09ab_000000000501,0.344520,13778.991098
462,11dd74426e8374ac110c4036c77c09ab_000000000502,0.344520,13804.154303
463,11dd74426e8374ac110c4036c77c09ab_000000000503,0.344520,13801.305638
464,11dd74426e8374ac110c4036c77c09ab_000000000504,0.344520,13793.946588
465,11dd74426e8374ac110c4036c77c09ab_000000000505,0.338788,13319.483501
466,11dd74426e8374ac110c4036c77c09ab_000000000506,0.344520,13748.011869
467,11dd74426e8374ac110c4036c77c09ab_000000000507,0.333241,12903.498057
468,11dd74426e8374ac110c4036c77c09ab_000000000508,0.338788,13387.317073
469,11dd74426e8374ac110c4036c77c09ab_000000000509,0.338788,13371.248207
470,11dd74426e8374ac110c4036c77c09ab_000000000510,0.338788,13317.417504
471,11dd74426e8374ac110c4036c77c09ab_000000000511,0.338788,13372.625538
472,11dd74426e8374ac110c4036c77c09ab_000000000512,0.333241,13089.172682
473,11dd74426e8374ac110c4036c77c09ab_000000000513,0.333241,0.222099
473,11dd74426e8374ac110c4036c77c09ab_000000000513,0.333241,0.333148
473,11dd74426e8374ac110c4036c77c09ab_000000000513,0.333241,13128.706274
474,11dd74426e8374ac110c4036c77c09ab_000000000514,0.338788,14046.484935
475,11dd74426e8374ac110c4036c77c09ab_000000000515,0.338788,14891.936872
476,11dd74426e8374ac110c4036c77c09ab_000000000516,0.344520,14683.679525
477,11dd74426e8374ac110c4036c77c09ab_000000000517,0.338788,14854.519369
478,11dd74426e8374ac110c4036c77c09ab_000000000518,0.338788,14854.060258
479,11dd74426e8374ac110c4036c77c09ab_000000000519,0.345599,0.358316
479,11dd74426e8374ac110c4036c77c09ab_000000000519,0.345599,15470.289639
480,11dd74426e8374ac110c4036c77c09ab_000000000520,0.345599,15422.991938
481,11dd74426e8374ac110c4036c77c09ab_000000000521,0.344520,15330.563798
482,11dd74426e8374ac110c4036c77c09ab_000000000522,0.344520,15319.881306
483,11dd74426e8374ac110c4036c77c09ab_000000000523,0.351581,15925.463535
484,11dd74426e8374ac110c4036c77c09ab_000000000524,0.350446,15811.114523
485,11dd74426e8374ac110c4036c77c09ab_000000000525,0.350446,15829.167946
486,11dd74426e8374ac110c4036c77c09ab_000000000526,0.344520,15283.204748
487,11dd74426e8374ac110c4036c77c09ab_000000000527,0.344520,15322.136499
488,11dd74426e8374ac110c4036c77c09ab_000000000528,0.344520,15388.249258
489,11dd74426e8374ac110c4036c77c09ab_000000000529,0.344520,15400.356083
490,11dd74426e8374ac110c4036c77c09ab_000000000530,0.345599,15531.442222
491,11dd74426e8374ac110c4036c77c09ab_000000000531,0.344520,15525.459941
492,11dd74426e8374ac110c4036c77c09ab_000000000532,0.344520,15523.679525
493,11dd74426e8374ac110c4036c77c09ab_000000000533,0.345599,15584.592416
494,11dd74426e8374ac110c4036c77c09ab_000000000534,0.345599,15596.177964
495,11dd74426e8374ac110c4036c77c09ab_000000000535,0.327869,14045.364149
496,11dd74426e8374ac110c4036c77c09ab_000000000536,0.345599,15636.787101
497,11dd74426e8374ac110c4036c77c09ab_000000000537,0.345599,15592.953120
498,11dd74426e8374ac110c4036c77c09ab_000000000538,0.338788,15011.076040
499,11dd74426e8374ac110c4036c77c09ab_000000000539,0.338788,15022.783357
500,11dd74426e8374ac110c4036c77c09ab_000000000540,0.344520,15333.649852
501,11dd74426e8374ac110c4036c77c09ab_000000000541,0.338788,14844.648494
502,11dd74426e8374ac110c4036c77c09ab_000000000542,0.338788,14879.770445
503,11dd74426e8374ac110c4036c77c09ab_000000000543,0.338788,14863.472023
504,11dd74426e8374ac110c4036c77c09ab_000000000553,0.345599,16859.719319
505,11dd74426e8374ac110c4036c77c09ab_000000000554,0.338788,15931.592539
506,11dd74426e8374ac110c4036c77c09ab_000000000555,0.333241,15418.989450
507,11dd74426e8374ac110c4036c77c09ab_000000000556,0.345599,0.358316
507,11dd74426e8374ac110c4036c77c09ab_000000000556,0.345599,16806.449686
508,11dd74426e8374ac110c4036c77c09ab_000000000557,0.345599,16830.815169
509,11dd74426e8374ac110c4036c77c09ab_000000000558,0.345599,16933.771275
510,11dd74426e8374ac110c4036c77c09ab_000000000559,0.345599,16958.614512
511,11dd74426e8374ac110c4036c77c09ab_000000000560,0.345599,16830.337414
512,11dd74426e8374ac110c4036c77c09ab_000000000561,0.351581,17444.993820
513,11dd74426e8374ac110c4036c77c09ab_000000000562,0.344520,16720.712166
514,11dd74426e8374ac110c4036c77c09ab_000000000563,0.345599,16846.581069
515,11dd74426e8374ac110c4036c77c09ab_000000000564,0.345599,16846.581069
516,11dd74426e8374ac110c4036c77c09ab_000000000565,0.345599,16842.281278
517,11dd74426e8374ac110c4036c77c09ab_000000000566,0.345599,16847.775455
518,11dd74426e8374ac110c4036c77c09ab_000000000567,0.345599,16955.270230
519,11dd74426e8374ac110c4036c77c09ab_000000000568,0.351581,0.494438
519,11dd74426e8374ac110c4036c77c09ab_000000000568,0.351581,17554.758962
520,11dd74426e8374ac110c4036c77c09ab_000000000569,0.351581,0.309023
520,11dd74426e8374ac110c4036c77c09ab_000000000569,0.351581,17523.609394
521,11dd74426e8374ac110c4036c77c09ab_000000000570,0.351581,17561.681088
522,11dd74426e8374ac110c4036c77c09ab_000000000571,0.351581,17560.444994
523,11dd74426e8374ac110c4036c77c09ab_000000000572,0.345599,16998.745894
524,11dd74426e8374ac110c4036c77c09ab_000000000573,0.345599,17025.500149
525,11dd74426e8374ac110c4036c77c09ab_000000000574,0.344520,16887.596439
526,11dd74426e8374ac110c4036c77c09ab_000000000575,0.338788,16157.934003
527,11dd74426e8374ac110c4036c77c09ab_000000000576,0.338788,16148.522238
528,11dd74426e8374ac110c4036c77c09ab_000000000577,0.338788,16113.859397
529,11dd74426e8374ac110c4036c77c09ab_000000000578,0.338788,0.229555
529,11dd74426e8374ac110c4036c77c09ab_000000000578,0.338788,16107.431851
530,11dd74426e8374ac110c4036c77c09ab_000000000579,0.338788,16219.225251
531,11dd74426e8374ac110c4036c77c09ab_000000000580,0.338788,16197.417504
532,11dd74426e8374ac110c4036c77c09ab_000000000581,0.338788,16139.569584
533,11dd74426e8374ac110c4036c77c09ab_000000000582,0.338788,16133.601148
534,11dd74426e8374ac110c4036c77c09ab_000000000583,0.338788,16135.896700
535,11dd74426e8374ac110c4036c77c09ab_000000000584,0.338788,16328.493544
536,11dd74426e8374ac110c4036c77c09ab_000000000585,0.339814,16403.926097
538,11dd74426e8374ac110c4036c77c09ab_000000000593,0.339814,15789.376443
539,11dd74426e8374ac110c4036c77c09ab_000000000594,0.339814,15755.427252
540,11dd74426e8374ac110c4036c77c09ab_000000000595,0.344520,16156.676558
541,11dd74426e8374ac110c4036c77c09ab_000000000596,0.344520,16151.691395
542,11dd74426e8374ac110c4036c77c09ab_000000000597,0.338788,15732.797704
543,11dd74426e8374ac110c4036c77c09ab_000000000598,0.333241,15324.153248
544,11dd74426e8374ac110c4036c77c09ab_000000000599,0.333241,15306.052193
545,11dd74426e8374ac110c4036c77c09ab_000000000600,0.339814,15585.681293
546,11dd74426e8374ac110c4036c77c09ab_000000000601,0.339814,15555.196305
547,11dd74426e8374ac110c4036c77c09ab_000000000602,0.345599,16190.862944
548,11dd74426e8374ac110c4036c77c09ab_000000000603,0.345599,16215.706181
549,11dd74426e8374ac110c4036c77c09ab_000000000604,0.343351,15971.470675
550,11dd74426e8374ac110c4036c77c09ab_000000000605,0.322665,14155.543988
551,11dd74426e8374ac110c4036c77c09ab_000000000606,0.322665,14166.788131
552,11dd74426e8374ac110c4036c77c09ab_000000000607,0.307984,12901.683661
553,11dd74426e8374ac110c4036c77c09ab_000000000608,0.307984,12901.304245
554,11dd74426e8374ac110c4036c77c09ab_000000000609,0.333241,15048.084398
555,11dd74426e8374ac110c4036c77c09ab_000000000610,0.322665,14112.649662
556,11dd74426e8374ac110c4036c77c09ab_000000000611,0.344520,16095.192878
557,11dd74426e8374ac110c4036c77c09ab_000000000612,0.339814,15675.981524
558,11dd74426e8374ac110c4036c77c09ab_000000000613,0.338788,15521.836442
559,11dd74426e8374ac110c4036c77c09ab_000000000614,0.338788,15485.566714
560,11dd74426e8374ac110c4036c77c09ab_000000000615,0.338788,15520.000000
561,11dd74426e8374ac110c4036c77c09ab_000000000616,0.339814,15684.064665
562,11dd74426e8374ac110c4036c77c09ab_000000000617,0.339814,15699.076212
563,11dd74426e8374ac110c4036c77c09ab_000000000618,0.338788,15693.314204
564,11dd74426e8374ac110c4036c77c09ab_000000000619,0.338788,15680.229555
565,11dd74426e8374ac110c4036c77c09ab_000000000620,0.337676,15539.566705
566,11dd74426e8374ac110c4036c77c09ab_000000000621,0.338788,15697.905308
567,11dd74426e8374ac110c4036c77c09ab_000000000622,0.338788,15708.694405
568,11dd74426e8374ac110c4036c77c09ab_000000000623,0.338788,15751.391679
569,11dd74426e8374ac110c4036c77c09ab_000000000624,0.338788,15747.489240
570,11dd74426e8374ac110c4036c77c09ab_000000000625,0.338788,15921.262554
571,11dd74426e8374ac110c4036c77c09ab_000000000626,0.338788,15890.731707
572,11dd74426e8374ac110c4036c77c09ab_000000000627,0.338788,15923.328551
573,11dd74426e8374ac110c4036c77c09ab_000000000628,0.344520,16448.189911
574,11dd74426e8374ac110c4036c77c09ab_000000000629,0.344520,16410.445104
575,11dd74426e8374ac110c4036c77c09ab_000000000630,0.344520,16371.275964
576,11dd74426e8374ac110c4036c77c09ab_000000000631,0.344520,16356.795252
577,11dd74426e8374ac110c4036c77c09ab_000000000632,0.344520,16379.109792
578,11dd74426e8374ac110c4036c77c09ab_000000000633,0.344520,16380.059347
579,11dd74426e8374ac110c4036c77c09ab_000000000634,0.344520,320.474777
579,11dd74426e8374ac110c4036c77c09ab_000000000634,0.344520,1.083086
579,11dd74426e8374ac110c4036c77c09ab_000000000634,0.344520,0.534125
579,11dd74426e8374ac110c4036c77c09ab_000000000634,0.344520,6.765579
579,11dd74426e8374ac110c4036c77c09ab_000000000634,0.344520,0.237389
579,11dd74426e8374ac110c4036c77c09ab_000000000634,0.344520,2.729970
579,11dd74426e8374ac110c4036c77c09ab_000000000634,0.344520,2.863501
579,11dd74426e8374ac110c4036c77c09ab_000000000634,0.344520,0.237389
579,11dd74426e8374ac110c4036c77c09ab_000000000634,0.344520,14812.818991
580,11dd74426e8374ac110c4036c77c09ab_000000000635,0.344520,243.086053
580,11dd74426e8374ac110c4036c77c09ab_000000000635,0.344520,0.356083
580,11dd74426e8374ac110c4036c77c09ab_000000000635,0.344520,7.299703
580,11dd74426e8374ac110c4036c77c09ab_000000000635,0.344520,0.356083
580,11dd74426e8374ac110c4036c77c09ab_000000000635,0.344520,0.237389
580,11dd74426e8374ac110c4036c77c09ab_000000000635,0.344520,0.482196
580,11dd74426e8374ac110c4036c77c09ab_000000000635,0.344520,6.290801
580,11dd74426e8374ac110c4036c77c09ab_000000000635,0.344520,1.958457
580,11dd74426e8374ac110c4036c77c09ab_000000000635,0.344520,0.578635
580,11dd74426e8374ac110c4036c77c09ab_000000000635,0.344520,0.356083
580,11dd74426e8374ac110c4036c77c09ab_000000000635,0.344520,0.459941
580,11dd74426e8374ac110c4036c77c09ab_000000000635,0.344520,14870.504451
581,11dd74426e8374ac110c4036c77c09ab_000000000636,0.344520,175.548961
581,11dd74426e8374ac110c4036c77c09ab_000000000636,0.344520,2.136499
581,11dd74426e8374ac110c4036c77c09ab_000000000636,0.344520,0.519288
581,11dd74426e8374ac110c4036c77c09ab_000000000636,0.344520,0.229970
581,11dd74426e8374ac110c4036c77c09ab_000000000636,0.344520,14686.290801
582,11dd74426e8374ac110c4036c77c09ab_000000000637,0.344520,152.403561
582,11dd74426e8374ac110c4036c77c09ab_000000000637,0.344520,1.320475
582,11dd74426e8374ac110c4036c77c09ab_000000000637,0.344520,2.507418
582,11dd74426e8374ac110c4036c77c09ab_000000000637,0.344520,0.237389
582,11dd74426e8374ac110c4036c77c09ab_000000000637,0.344520,0.237389
582,11dd74426e8374ac110c4036c77c09ab_000000000637,0.344520,15000.356083
583,11dd74426e8374ac110c4036c77c09ab_000000000638,0.344520,113.115727
583,11dd74426e8374ac110c4036c77c09ab_000000000638,0.344520,2.507418
583,11dd74426e8374ac110c4036c77c09ab_000000000638,0.344520,1.899110
583,11dd74426e8374ac110c4036c77c09ab_000000000638,0.344520,0.229970
583,11dd74426e8374ac110c4036c77c09ab_000000000638,0.344520,15041.424332
584,11dd74426e8374ac110c4036c77c09ab_000000000639,0.338788,88.952654
584,11dd74426e8374ac110c4036c77c09ab_000000000639,0.338788,1.908178
584,11dd74426e8374ac110c4036c77c09ab_000000000639,0.338788,0.344333
584,11dd74426e8374ac110c4036c77c09ab_000000000639,0.338788,14599.024390
585,11dd74426e8374ac110c4036c77c09ab_000000000640,0.338788,73.113343
585,11dd74426e8374ac110c4036c77c09ab_000000000640,0.338788,0.229555
585,11dd74426e8374ac110c4036c77c09ab_000000000640,0.338788,14553.113343
586,11dd74426e8374ac110c4036c77c09ab_000000000641,0.344520,104.569733
586,11dd74426e8374ac110c4036c77c09ab_000000000641,0.344520,3.501484
586,11dd74426e8374ac110c4036c77c09ab_000000000641,0.344520,0.652819
586,11dd74426e8374ac110c4036c77c09ab_000000000641,0.344520,16311.691395
587,11dd74426e8374ac110c4036c77c09ab_000000000642,0.344520,9.436202
587,11dd74426e8374ac110c4036c77c09ab_000000000642,0.344520,0.593472
587,11dd74426e8374ac110c4036c77c09ab_000000000642,0.344520,16363.679525
588,11dd74426e8374ac110c4036c77c09ab_000000000643,0.344520,15746.231454
589,11dd74426e8374ac110c4036c77c09ab_000000000644,0.344520,2.002967
589,11dd74426e8374ac110c4036c77c09ab_000000000644,0.344520,0.756677
589,11dd74426e8374ac110c4036c77c09ab_000000000644,0.344520,0.474777
589,11dd74426e8374ac110c4036c77c09ab_000000000644,0.344520,16447.952522
590,11dd74426e8374ac110c4036c77c09ab_000000000645,0.338788,1.836442
590,11dd74426e8374ac110c4036c77c09ab_000000000645,0.338788,0.229555
590,11dd74426e8374ac110c4036c77c09ab_000000000645,0.338788,15927.460545
591,11dd74426e8374ac110c4036c77c09ab_000000000646,0.344520,16088.071217
592,11dd74426e8374ac110c4036c77c09ab_000000000647,0.338788,17071.678623
593,11dd74426e8374ac110c4036c77c09ab_000000000648,0.344520,17624.688427
594,11dd74426e8374ac110c4036c77c09ab_000000000649,0.344520,17604.510386
595,11dd74426e8374ac110c4036c77c09ab_000000000650,0.350446,18193.920786
596,11dd74426e8374ac110c4036c77c09ab_000000000651,0.345599,17816.900567
597,11dd74426e8374ac110c4036c77c09ab_000000000652,0.345599,17795.879367
598,11dd74426e8374ac110c4036c77c09ab_000000000653,0.344520,17749.317507
599,11dd74426e8374ac110c4036c77c09ab_000000000654,0.344520,17733.887240
600,11dd74426e8374ac110c4036c77c09ab_000000000655,0.344520,17720.118694
601,11dd74426e8374ac110c4036c77c09ab_000000000656,0.344520,17707.062315
602,11dd74426e8374ac110c4036c77c09ab_000000000657,0.343351,17616.504568
603,11dd74426e8374ac110c4036c77c09ab_000000000658,0.338788,0.344333
603,11dd74426e8374ac110c4036c77c09ab_000000000658,0.338788,17046.312769
604,11dd74426e8374ac110c4036c77c09ab_000000000659,0.343351,17465.841438
605,11dd74426e8374ac110c4036c77c09ab_000000000660,0.350446,18262.941357
606,11dd74426e8374ac110c4036c77c09ab_000000000661,0.350446,0.675468
606,11dd74426e8374ac110c4036c77c09ab_000000000661,0.350446,18255.572613
607,11dd74426e8374ac110c4036c77c09ab_000000000662,0.337676,0.555872
607,11dd74426e8374ac110c4036c77c09ab_000000000662,0.337676,16967.388826
608,11dd74426e8374ac110c4036c77c09ab_000000000663,0.338788,3.098996
608,11dd74426e8374ac110c4036c77c09ab_000000000663,0.338788,17072.941176
609,11dd74426e8374ac110c4036c77c09ab_000000000664,0.343351,1.827291
609,11dd74426e8374ac110c4036c77c09ab_000000000664,0.343351,0.235780
609,11dd74426e8374ac110c4036c77c09ab_000000000664,0.343351,17576.657825
610,11dd74426e8374ac110c4036c77c09ab_000000000665,0.344520,1.780415
610,11dd74426e8374ac110c4036c77c09ab_000000000665,0.344520,0.370920
610,11dd74426e8374ac110c4036c77c09ab_000000000665,0.344520,17776.142433
611,11dd74426e8374ac110c4036c77c09ab_000000000666,0.344520,17788.486647
612,11dd74426e8374ac110c4036c77c09ab_000000000667,0.344520,0.237389
612,11dd74426e8374ac110c4036c77c09ab_000000000667,0.344520,17844.747774
613,11dd74426e8374ac110c4036c77c09ab_000000000668,0.344520,0.237389
613,11dd74426e8374ac110c4036c77c09ab_000000000668,0.344520,17852.581602
614,11dd74426e8374ac110c4036c77c09ab_000000000669,0.343351,17680.872384
615,11dd74426e8374ac110c4036c77c09ab_000000000670,0.343351,17685.587975
616,11dd74426e8374ac110c4036c77c09ab_000000000671,0.343351,17616.033009
617,11dd74426e8374ac110c4036c77c09ab_000000000672,0.344520,2.106825
617,11dd74426e8374ac110c4036c77c09ab_000000000672,0.344520,16773.412463
618,11dd74426e8374ac110c4036c77c09ab_000000000673,0.344520,17531.869436
619,11dd74426e8374ac110c4036c77c09ab_000000000674,0.344520,17576.023739
620,11dd74426e8374ac110c4036c77c09ab_000000000675,0.344520,17556.320475
621,11dd74426e8374ac110c4036c77c09ab_000000000676,0.333241,0.222099
621,11dd74426e8374ac110c4036c77c09ab_000000000676,0.333241,0.229039
621,11dd74426e8374ac110c4036c77c09ab_000000000676,0.333241,16458.856191
622,11dd74426e8374ac110c4036c77c09ab_000000000677,0.333241,15683.287063
623,11dd74426e8374ac110c4036c77c09ab_000000000678,0.333241,16334.480844
624,11dd74426e8374ac110c4036c77c09ab_000000000679,0.333241,0.263742
624,11dd74426e8374ac110c4036c77c09ab_000000000679,0.333241,16351.804553
625,11dd74426e8374ac110c4036c77c09ab_000000000680,0.343351,17352.195697
626,11dd74426e8374ac110c4036c77c09ab_000000000681,0.344520,17413.175074
627,11dd74426e8374ac110c4036c77c09ab_000000000682,0.343351,17303.153551
628,11dd74426e8374ac110c4036c77c09ab_000000000683,0.338788,0.344333
628,11dd74426e8374ac110c4036c77c09ab_000000000683,0.338788,0.229555
628,11dd74426e8374ac110c4036c77c09ab_000000000683,0.338788,16843.615495
629,11dd74426e8374ac110c4036c77c09ab_000000000684,0.338788,16905.136298
630,11dd74426e8374ac110c4036c77c09ab_000000000685,0.333241,1.263187
630,11dd74426e8374ac110c4036c77c09ab_000000000685,0.333241,16352.026652
631,11dd74426e8374ac110c4036c77c09ab_000000000686,0.338788,0.344333
631,11dd74426e8374ac110c4036c77c09ab_000000000686,0.338788,0.473458
631,11dd74426e8374ac110c4036c77c09ab_000000000686,0.338788,1.377331
631,11dd74426e8374ac110c4036c77c09ab_000000000686,0.338788,16883.558106
632,11dd74426e8374ac110c4036c77c09ab_000000000687,0.333241,0.277624
632,11dd74426e8374ac110c4036c77c09ab_000000000687,0.333241,0.222099
632,11dd74426e8374ac110c4036c77c09ab_000000000687,0.333241,16256.302054
633,11dd74426e8374ac110c4036c77c09ab_000000000688,0.333241,16334.925042
634,11dd74426e8374ac110c4036c77c09ab_000000000689,0.333241,0.333148
634,11dd74426e8374ac110c4036c77c09ab_000000000689,0.333241,16310.272071
635,11dd74426e8374ac110c4036c77c09ab_000000000690,0.344520,0.949555
635,11dd74426e8374ac110c4036c77c09ab_000000000690,0.344520,17462.551929
636,11dd74426e8374ac110c4036c77c09ab_000000000691,0.344520,0.727003
636,11dd74426e8374ac110c4036c77c09ab_000000000691,0.344520,17429.080119
637,11dd74426e8374ac110c4036c77c09ab_000000000692,0.333241,16359.133815
638,11dd74426e8374ac110c4036c77c09ab_000000000693,0.327869,0.322494
638,11dd74426e8374ac110c4036c77c09ab_000000000693,0.327869,15825.853265
639,11dd74426e8374ac110c4036c77c09ab_000000000694,0.344520,17496.735905
640,11dd74426e8374ac110c4036c77c09ab_000000000695,0.333241,16405.774570
641,11dd74426e8374ac110c4036c77c09ab_000000000696,0.333241,16419.766796
642,11dd74426e8374ac110c4036c77c09ab_000000000697,0.333241,16425.319267
643,11dd74426e8374ac110c4036c77c09ab_000000000698,0.333241,16436.646308
644,11dd74426e8374ac110c4036c77c09ab_000000000699,0.344520,16357.744807
645,11dd74426e8374ac110c4036c77c09ab_000000000700,0.344520,16278.575668
646,11dd74426e8374ac110c4036c77c09ab_000000000701,0.333241,15192.559689
647,11dd74426e8374ac110c4036c77c09ab_000000000702,0.333241,15134.702943
648,11dd74426e8374ac110c4036c77c09ab_000000000703,0.343351,16055.408193
649,11dd74426e8374ac110c4036c77c09ab_000000000704,0.344520,16171.869436
650,11dd74426e8374ac110c4036c77c09ab_000000000705,0.344520,16197.507418
651,11dd74426e8374ac110c4036c77c09ab_000000000706,0.338788,15656.585366
652,11dd74426e8374ac110c4036c77c09ab_000000000707,0.343351,16070.498084
653,11dd74426e8374ac110c4036c77c09ab_000000000708,0.332182,15024.993103
654,11dd74426e8374ac110c4036c77c09ab_000000000709,0.332182,15031.172414
655,11dd74426e8374ac110c4036c77c09ab_000000000710,0.344520,16159.762611
656,11dd74426e8374ac110c4036c77c09ab_000000000711,0.344520,16094.955490
657,11dd74426e8374ac110c4036c77c09ab_000000000712,0.338788,15576.011478
658,11dd74426e8374ac110c4036c77c09ab_000000000713,0.338788,15550.186514
659,11dd74426e8374ac110c4036c77c09ab_000000000714,0.343351,15978.544061
660,11dd74426e8374ac110c4036c77c09ab_000000000715,0.337676,15489.167617
661,11dd74426e8374ac110c4036c77c09ab_000000000716,0.337676,15474.800456
662,11dd74426e8374ac110c4036c77c09ab_000000000717,0.343351,16016.740348
663,11dd74426e8374ac110c4036c77c09ab_000000000718,0.344520,16135.074184
664,11dd74426e8374ac110c4036c77c09ab_000000000719,0.344520,16138.872404
665,11dd74426e8374ac110c4036c77c09ab_000000000720,0.344520,16099.465875
666,11dd74426e8374ac110c4036c77c09ab_000000000721,0.344520,16088.071217
667,11dd74426e8374ac110c4036c77c09ab_000000000722,0.344520,16064.094955
668,11dd74426e8374ac110c4036c77c09ab_000000000723,0.344520,16070.979228
669,11dd74426e8374ac110c4036c77c09ab_000000000724,0.344520,16070.385757
670,11dd74426e8374ac110c4036c77c09ab_000000000725,0.344520,16065.637982
671,11dd74426e8374ac110c4036c77c09ab_000000000726,0.344520,16067.655786
672,11dd74426e8374ac110c4036c77c09ab_000000000727,0.344520,16039.881306
673,11dd74426e8374ac110c4036c77c09ab_000000000728,0.344520,16021.958457
674,11dd74426e8374ac110c4036c77c09ab_000000000729,0.344520,16054.243323
675,11dd74426e8374ac110c4036c77c09ab_000000000730,0.344520,16050.563798
676,11dd74426e8374ac110c4036c77c09ab_000000000731,0.344520,15948.961424
677,11dd74426e8374ac110c4036c77c09ab_000000000732,0.344520,15903.857567
678,11dd74426e8374ac110c4036c77c09ab_000000000733,0.344520,15905.281899
679,11dd74426e8374ac110c4036c77c09ab_000000000734,0.343351,15773.180077
680,11dd74426e8374ac110c4036c77c09ab_000000000735,0.344520,15887.002967
681,11dd74426e8374ac110c4036c77c09ab_000000000736,0.344520,15926.646884
682,11dd74426e8374ac110c4036c77c09ab_000000000737,0.344520,15917.151335
683,11dd74426e8374ac110c4036c77c09ab_000000000738,0.343351,15724.373711
684,11dd74426e8374ac110c4036c77c09ab_000000000739,0.343351,15648.688476
685,11dd74426e8374ac110c4036c77c09ab_000000000740,0.343351,15656.940760
686,11dd74426e8374ac110c4036c77c09ab_000000000741,0.343351,15683.348070
687,11dd74426e8374ac110c4036c77c09ab_000000000742,0.343351,15704.568229
688,11dd74426e8374ac110c4036c77c09ab_000000000743,0.343351,1.414677
688,11dd74426e8374ac110c4036c77c09ab_000000000743,0.343351,15716.592986
689,11dd74426e8374ac110c4036c77c09ab_000000000744,0.343351,15707.161804
690,11dd74426e8374ac110c4036c77c09ab_000000000745,0.343351,15613.085765
691,11dd74426e8374ac110c4036c77c09ab_000000000746,0.343351,15619.216033
692,11dd74426e8374ac110c4036c77c09ab_000000000747,0.343351,0.279988
692,11dd74426e8374ac110c4036c77c09ab_000000000747,0.343351,15586.206897
693,11dd74426e8374ac110c4036c77c09ab_000000000748,0.343351,15560.978485
694,11dd74426e8374ac110c4036c77c09ab_000000000749,0.343351,15585.145889
695,11dd74426e8374ac110c4036c77c09ab_000000000750,0.343351,15587.621574
696,11dd74426e8374ac110c4036c77c09ab_000000000751,0.343351,15591.629826
697,11dd74426e8374ac110c4036c77c09ab_000000000752,0.343351,15662.127910
698,11dd74426e8374ac110c4036c77c09ab_000000000753,0.343351,15661.538462
699,11dd74426e8374ac110c4036c77c09ab_000000000754,0.344520,15799.406528
700,11dd74426e8374ac110c4036c77c09ab_000000000755,0.337676,15137.970353
701,11dd74426e8374ac110c4036c77c09ab_000000000756,0.343351,15680.518715
702,11dd74426e8374ac110c4036c77c09ab_000000000757,0.338788,15189.210904
703,11dd74426e8374ac110c4036c77c09ab_000000000758,0.338788,15177.044476
704,11dd74426e8374ac110c4036c77c09ab_000000000759,0.338788,15212.395983
705,11dd74426e8374ac110c4036c77c09ab_000000000760,0.338788,15199.770445
706,11dd74426e8374ac110c4036c77c09ab_000000000761,0.338788,0.243902
706,11dd74426e8374ac110c4036c77c09ab_000000000761,0.338788,15227.546628
707,11dd74426e8374ac110c4036c77c09ab_000000000762,0.338788,0.344333
707,11dd74426e8374ac110c4036c77c09ab_000000000762,0.338788,0.688666
707,11dd74426e8374ac110c4036c77c09ab_000000000762,0.338788,0.344333
707,11dd74426e8374ac110c4036c77c09ab_000000000762,0.338788,15298.938307
708,11dd74426e8374ac110c4036c77c09ab_000000000763,0.338788,15184.619799
709,11dd74426e8374ac110c4036c77c09ab_000000000764,0.338788,15126.771879
710,11dd74426e8374ac110c4036c77c09ab_000000000765,0.338788,15105.423242
711,11dd74426e8374ac110c4036c77c09ab_000000000766,0.338788,15131.362984
712,11dd74426e8374ac110c4036c77c09ab_000000000767,0.344520,15664.451039
713,11dd74426e8374ac110c4036c77c09ab_000000000768,0.344520,15677.507418
714,11dd74426e8374ac110c4036c77c09ab_000000000769,0.338788,15145.480631
715,11dd74426e8374ac110c4036c77c09ab_000000000770,0.338788,15120.344333
716,11dd74426e8374ac110c4036c77c09ab_000000000771,0.344520,15594.065282
717,11dd74426e8374ac110c4036c77c09ab_000000000772,0.344520,15627.537092
718,11dd74426e8374ac110c4036c77c09ab_000000000773,0.338788,15646.255380
719,11dd74426e8374ac110c4036c77c09ab_000000000774,0.338788,15821.176471
720,11dd74426e8374ac110c4036c77c09ab_000000000775,0.338788,15996.556671
721,11dd74426e8374ac110c4036c77c09ab_000000000776,0.338788,16058.077475
722,11dd74426e8374ac110c4036c77c09ab_000000000777,0.338788,16048.665710
723,11dd74426e8374ac110c4036c77c09ab_000000000778,0.338788,16109.268293
724,11dd74426e8374ac110c4036c77c09ab_000000000779,0.338788,16156.556671
725,11dd74426e8374ac110c4036c77c09ab_000000000780,0.338788,16162.525108
726,11dd74426e8374ac110c4036c77c09ab_000000000781,0.338788,16156.786227
727,11dd74426e8374ac110c4036c77c09ab_000000000782,0.338788,16145.767575
728,11dd74426e8374ac110c4036c77c09ab_000000000783,0.338788,16138.307030
729,11dd74426e8374ac110c4036c77c09ab_000000000784,0.338788,16127.403156
730,11dd74426e8374ac110c4036c77c09ab_000000000785,0.344520,16630.267062
731,11dd74426e8374ac110c4036c77c09ab_000000000786,0.344520,16631.216617
732,11dd74426e8374ac110c4036c77c09ab_000000000787,0.338788,16056.470588
733,11dd74426e8374ac110c4036c77c09ab_000000000788,0.338788,16083.558106
734,11dd74426e8374ac110c4036c77c09ab_000000000789,0.344520,16551.928783
735,11dd74426e8374ac110c4036c77c09ab_000000000790,0.344520,16479.525223
736,11dd74426e8374ac110c4036c77c09ab_000000000791,0.344520,16338.278932
737,11dd74426e8374ac110c4036c77c09ab_000000000792,0.344520,16204.391691
738,11dd74426e8374ac110c4036c77c09ab_000000000793,0.344520,0.237389
738,11dd74426e8374ac110c4036c77c09ab_000000000793,0.344520,16171.869436
739,11dd74426e8374ac110c4036c77c09ab_000000000794,0.345599,16278.053150
740,11dd74426e8374ac110c4036c77c09ab_000000000795,0.345599,16249.865632
741,11dd74426e8374ac110c4036c77c09ab_000000000796,0.345599,16320.573305
742,11dd74426e8374ac110c4036c77c09ab_000000000797,0.344520,15410.919881
743,11dd74426e8374ac110c4036c77c09ab_000000000798,0.344520,15200.237389
744,11dd74426e8374ac110c4036c77c09ab_000000000799,0.345599,15293.162138
745,11dd74426e8374ac110c4036c77c09ab_000000000800,0.338788,14724.820660
746,11dd74426e8374ac110c4036c77c09ab_000000000801,0.343351,15092.248747
747,11dd74426e8374ac110c4036c77c09ab_000000000802,0.343351,15102.858827
748,11dd74426e8374ac110c4036c77c09ab_000000000803,0.338788,14516.154950
749,11dd74426e8374ac110c4036c77c09ab_000000000804,0.338788,14486.312769
750,11dd74426e8374ac110c4036c77c09ab_000000000805,0.345599,15057.629143
751,11dd74426e8374ac110c4036c77c09ab_000000000806,0.345599,15023.469692
752,11dd74426e8374ac110c4036c77c09ab_000000000807,0.344520,15225.400593
753,11dd74426e8374ac110c4036c77c09ab_000000000808,0.344520,14855.548961
754,11dd74426e8374ac110c4036c77c09ab_000000000809,0.344520,14831.335312
755,11dd74426e8374ac110c4036c77c09ab_000000000810,0.344520,14779.821958
756,11dd74426e8374ac110c4036c77c09ab_000000000811,0.344520,14768.902077
757,11dd74426e8374ac110c4036c77c09ab_000000000812,0.339814,14339.260970
758,11dd74426e8374ac110c4036c77c09ab_000000000813,0.338788,14202.812052
759,11dd74426e8374ac110c4036c77c09ab_000000000814,0.345599,15058.345775
760,11dd74426e8374ac110c4036c77c09ab_000000000815,0.339814,14585.912240
761,11dd74426e8374ac110c4036c77c09ab_000000000816,0.345599,15110.182144
762,11dd74426e8374ac110c4036c77c09ab_000000000817,0.344520,15077.982196
763,11dd74426e8374ac110c4036c77c09ab_000000000818,0.344520,15156.320475
764,11dd74426e8374ac110c4036c77c09ab_000000000819,0.344520,15147.537092
765,11dd74426e8374ac110c4036c77c09ab_000000000820,0.345599,0.354583
765,11dd74426e8374ac110c4036c77c09ab_000000000820,0.345599,15253.508510
766,11dd74426e8374ac110c4036c77c09ab_000000000821,0.339814,14726.558891
767,11dd74426e8374ac110c4036c77c09ab_000000000822,0.338788,14669.268293
768,11dd74426e8374ac110c4036c77c09ab_000000000823,0.344520,15241.780415
769,11dd74426e8374ac110c4036c77c09ab_000000000824,0.344520,15224.925816
770,11dd74426e8374ac110c4036c77c09ab_000000000825,0.344520,15154.896142
771,11dd74426e8374ac110c4036c77c09ab_000000000826,0.322665,12813.326393
772,11dd74426e8374ac110c4036c77c09ab_000000000827,0.344520,15115.014837
773,11dd74426e8374ac110c4036c77c09ab_000000000828,0.344520,14574.243323
774,11dd74426e8374ac110c4036c77c09ab_000000000829,0.338788,14015.265423
775,11dd74426e8374ac110c4036c77c09ab_000000000830,0.333241,13550.694059
776,11dd74426e8374ac110c4036c77c09ab_000000000831,0.338788,13914.490674
777,11dd74426e8374ac110c4036c77c09ab_000000000832,0.338788,0.233142
777,11dd74426e8374ac110c4036c77c09ab_000000000832,0.338788,14199.598278
778,11dd74426e8374ac110c4036c77c09ab_000000000833,0.338788,14023.758967
779,11dd74426e8374ac110c4036c77c09ab_000000000834,0.338788,14023.758967
780,11dd74426e8374ac110c4036c77c09ab_000000000835,0.338788,13976.011478
781,11dd74426e8374ac110c4036c77c09ab_000000000836,0.333241,13534.702943
782,11dd74426e8374ac110c4036c77c09ab_000000000837,0.344520,14310.267062
783,11dd74426e8374ac110c4036c77c09ab_000000000838,0.344520,14252.581602
784,11dd74426e8374ac110c4036c77c09ab_000000000839,0.344520,14269.436202
785,11dd74426e8374ac110c4036c77c09ab_000000000840,0.344520,14264.688427
786,11dd74426e8374ac110c4036c77c09ab_000000000841,0.344520,14282.729970
787,11dd74426e8374ac110c4036c77c09ab_000000000842,0.343351,14333.745948
788,11dd74426e8374ac110c4036c77c09ab_000000000843,0.343351,14332.567050
789,11dd74426e8374ac110c4036c77c09ab_000000000844,0.343351,14391.983495
790,11dd74426e8374ac110c4036c77c09ab_000000000845,0.344520,14551.454006
791,11dd74426e8374ac110c4036c77c09ab_000000000846,0.343351,14453.050398
792,11dd74426e8374ac110c4036c77c09ab_000000000847,0.344520,14523.679525
793,11dd74426e8374ac110c4036c77c09ab_000000000848,0.343351,14428.293546
794,11dd74426e8374ac110c4036c77c09ab_000000000849,0.344520,15655.905045
795,11dd74426e8374ac110c4036c77c09ab_000000000850,0.344520,15581.364985
796,11dd74426e8374ac110c4036c77c09ab_000000000851,0.344520,15576.379822
797,11dd74426e8374ac110c4036c77c09ab_000000000852,0.344520,15580.534125
798,11dd74426e8374ac110c4036c77c09ab_000000000853,0.344520,15579.228487
799,11dd74426e8374ac110c4036c77c09ab_000000000854,0.345599,15682.054345
800,11dd74426e8374ac110c4036c77c09ab_000000000855,0.344520,15589.080119
801,11dd74426e8374ac110c4036c77c09ab_000000000856,0.344520,15572.225519
802,11dd74426e8374ac110c4036c77c09ab_000000000857,0.344520,15575.074184
803,11dd74426e8374ac110c4036c77c09ab_000000000858,0.339814,15135.565820
804,11dd74426e8374ac110c4036c77c09ab_000000000859,0.338788,15033.572453
805,11dd74426e8374ac110c4036c77c09ab_000000000860,0.338788,15025.538020
806,11dd74426e8374ac110c4036c77c09ab_000000000861,0.344520,15470.148368
807,11dd74426e8374ac110c4036c77c09ab_000000000862,0.344520,15448.308605
808,11dd74426e8374ac110c4036c77c09ab_000000000863,0.322665,13520.666320
809,11dd74426e8374ac110c4036c77c09ab_000000000864,0.322665,13496.720458
810,11dd74426e8374ac110c4036c77c09ab_000000000865,0.344520,2.077151
810,11dd74426e8374ac110c4036c77c09ab_000000000865,0.344520,15224.688427
811,11dd74426e8374ac110c4036c77c09ab_000000000866,0.327869,13726.417630
812,11dd74426e8374ac110c4036c77c09ab_000000000867,0.344520,0.771513
812,11dd74426e8374ac110c4036c77c09ab_000000000867,0.344520,15078.219585
813,11dd74426e8374ac110c4036c77c09ab_000000000868,0.344520,15088.902077
814,11dd74426e8374ac110c4036c77c09ab_000000000869,0.344520,15036.201780
815,11dd74426e8374ac110c4036c77c09ab_000000000870,0.344520,2.210682
815,11dd74426e8374ac110c4036c77c09ab_000000000870,0.344520,15057.804154
816,11dd74426e8374ac110c4036c77c09ab_000000000871,0.344520,1.839763
816,11dd74426e8374ac110c4036c77c09ab_000000000871,0.344520,15047.715134
817,11dd74426e8374ac110c4036c77c09ab_000000000872,0.344520,14876.201780
818,11dd74426e8374ac110c4036c77c09ab_000000000873,0.344520,14913.709199
819,11dd74426e8374ac110c4036c77c09ab_000000000874,0.344520,14837.270030
820,11dd74426e8374ac110c4036c77c09ab_000000000875,0.344520,14736.617211
821,11dd74426e8374ac110c4036c77c09ab_000000000876,0.344520,14733.293769
822,11dd74426e8374ac110c4036c77c09ab_000000000877,0.344520,14690.563798
823,11dd74426e8374ac110c4036c77c09ab_000000000878,0.344520,14671.335312
824,11dd74426e8374ac110c4036c77c09ab_000000000879,0.344520,14658.041543
825,11dd74426e8374ac110c4036c77c09ab_000000000880,0.344520,14659.703264
826,11dd74426e8374ac110c4036c77c09ab_000000000881,0.345599,14719.856674
827,11dd74426e8374ac110c4036c77c09ab_000000000882,0.333241,13529.372571
828,11dd74426e8374ac110c4036c77c09ab_000000000883,0.333241,13523.153803
829,11dd74426e8374ac110c4036c77c09ab_000000000884,0.344520,14615.074184
830,11dd74426e8374ac110c4036c77c09ab_000000000891,0.344520,0.415430
830,11dd74426e8374ac110c4036c77c09ab_000000000891,0.344520,16128.427300
831,11dd74426e8374ac110c4036c77c09ab_000000000892,0.344520,16088.427300
832,11dd74426e8374ac110c4036c77c09ab_000000000893,0.338788,15771.190818
833,11dd74426e8374ac110c4036c77c09ab_000000000894,0.338788,15612.051650
834,11dd74426e8374ac110c4036c77c09ab_000000000895,0.338788,15592.539455
835,11dd74426e8374ac110c4036c77c09ab_000000000896,0.344520,16111.216617
836,11dd74426e8374ac110c4036c77c09ab_000000000897,0.344520,16114.065282
837,11dd74426e8374ac110c4036c77c09ab_000000000898,0.338788,15642.467719
838,11dd74426e8374ac110c4036c77c09ab_000000000899,0.338788,15669.440459
839,11dd74426e8374ac110c4036c77c09ab_000000000900,0.338788,15839.081779
840,11dd74426e8374ac110c4036c77c09ab_000000000901,0.338788,15837.245337
841,11dd74426e8374ac110c4036c77c09ab_000000000902,0.338788,15762.869440
842,11dd74426e8374ac110c4036c77c09ab_000000000903,0.338788,15745.423242
843,11dd74426e8374ac110c4036c77c09ab_000000000904,0.338788,15792.252511
844,11dd74426e8374ac110c4036c77c09ab_000000000905,0.327869,14713.249127
845,11dd74426e8374ac110c4036c77c09ab_000000000906,0.333241,15190.893948
846,11dd74426e8374ac110c4036c77c09ab_000000000907,0.327869,14721.203977
847,11dd74426e8374ac110c4036c77c09ab_000000000908,0.327869,14692.824510
848,11dd74426e8374ac110c4036c77c09ab_000000000909,0.327869,14656.920183
849,11dd74426e8374ac110c4036c77c09ab_000000000910,0.327869,14637.570546
850,11dd74426e8374ac110c4036c77c09ab_000000000911,0.327869,14551.787154
851,11dd74426e8374ac110c4036c77c09ab_000000000912,0.333241,15037.423654
852,11dd74426e8374ac110c4036c77c09ab_000000000913,0.333241,15048.528595
853,11dd74426e8374ac110c4036c77c09ab_000000000914,0.344520,16160.949555
854,11dd74426e8374ac110c4036c77c09ab_000000000915,0.344520,0.229970
854,11dd74426e8374ac110c4036c77c09ab_000000000915,0.344520,16145.519288
855,11dd74426e8374ac110c4036c77c09ab_000000000916,0.333241,1.214603
855,11dd74426e8374ac110c4036c77c09ab_000000000916,0.333241,15126.485286
856,11dd74426e8374ac110c4036c77c09ab_000000000917,0.333241,0.222099
856,11dd74426e8374ac110c4036c77c09ab_000000000917,0.333241,15160.910605
857,11dd74426e8374ac110c4036c77c09ab_000000000918,0.333241,0.333148
857,11dd74426e8374ac110c4036c77c09ab_000000000918,0.333241,0.395614
857,11dd74426e8374ac110c4036c77c09ab_000000000918,0.333241,15513.381455
858,11dd74426e8374ac110c4036c77c09ab_000000000919,0.333241,15684.619656
859,11dd74426e8374ac110c4036c77c09ab_000000000920,0.338788,16182.725968
860,11dd74426e8374ac110c4036c77c09ab_000000000921,0.333241,15627.540255
861,11dd74426e8374ac110c4036c77c09ab_000000000922,0.327869,15099.166891
862,11dd74426e8374ac110c4036c77c09ab_000000000923,0.333241,15510.605219
863,11dd74426e8374ac110c4036c77c09ab_000000000924,0.333241,15404.664076
864,11dd74426e8374ac110c4036c77c09ab_000000000925,0.333241,15453.636868
865,11dd74426e8374ac110c4036c77c09ab_000000000926,0.333241,15459.966685
866,11dd74426e8374ac110c4036c77c09ab_000000000927,0.333241,15456.524153
867,11dd74426e8374ac110c4036c77c09ab_000000000928,0.333241,15525.596891
868,11dd74426e8374ac110c4036c77c09ab_000000000929,0.333241,15549.361466
869,11dd74426e8374ac110c4036c77c09ab_000000000930,0.327869,14980.704112
870,11dd74426e8374ac110c4036c77c09ab_000000000931,0.327869,14985.326525
871,11dd74426e8374ac110c4036c77c09ab_000000000932,0.327869,15002.848697
872,11dd74426e8374ac110c4036c77c09ab_000000000933,0.327869,14998.548777
873,11dd74426e8374ac110c4036c77c09ab_000000000934,0.337676,15812.770810
874,11dd74426e8374ac110c4036c77c09ab_000000000935,0.345599,16678.889221
875,11dd74426e8374ac110c4036c77c09ab_000000000936,0.345599,16685.338907
876,11dd74426e8374ac110c4036c77c09ab_000000000937,0.327869,14981.134104
877,11dd74426e8374ac110c4036c77c09ab_000000000938,0.327869,14975.759205
878,11dd74426e8374ac110c4036c77c09ab_000000000939,0.327869,0.161247
878,11dd74426e8374ac110c4036c77c09ab_000000000939,0.327869,15035.743080
879,11dd74426e8374ac110c4036c77c09ab_000000000940,0.327869,15031.228164
880,11dd74426e8374ac110c4036c77c09ab_000000000941,0.327869,14970.599301
881,11dd74426e8374ac110c4036c77c09ab_000000000942,0.333241,0.111049
881,11dd74426e8374ac110c4036c77c09ab_000000000942,0.333241,0.340089
881,11dd74426e8374ac110c4036c77c09ab_000000000942,0.333241,15381.898945
882,11dd74426e8374ac110c4036c77c09ab_000000000943,0.344520,16451.988131
883,11dd74426e8374ac110c4036c77c09ab_000000000944,0.344520,16454.836795
884,11dd74426e8374ac110c4036c77c09ab_000000000945,0.344520,16425.400593
885,11dd74426e8374ac110c4036c77c09ab_000000000946,0.344520,16420.652819
886,11dd74426e8374ac110c4036c77c09ab_000000000947,0.350446,17013.447958
887,11dd74426e8374ac110c4036c77c09ab_000000000948,0.344520,16331.632047
888,11dd74426e8374ac110c4036c77c09ab_000000000949,0.333241,15323.486952
889,11dd74426e8374ac110c4036c77c09ab_000000000950,0.333241,15293.059411
890,11dd74426e8374ac110c4036c77c09ab_000000000951,0.343351,16259.121721
891,11dd74426e8374ac110c4036c77c09ab_000000000952,0.343351,16226.112585
892,11dd74426e8374ac110c4036c77c09ab_000000000953,0.345599,16382.681397
893,11dd74426e8374ac110c4036c77c09ab_000000000954,0.343351,0.176835
893,11dd74426e8374ac110c4036c77c09ab_000000000954,0.343351,16163.159446
894,11dd74426e8374ac110c4036c77c09ab_000000000955,0.343351,16124.491600
895,11dd74426e8374ac110c4036c77c09ab_000000000956,0.343351,16184.261715
896,11dd74426e8374ac110c4036c77c09ab_000000000957,0.343351,16173.062187
897,11dd74426e8374ac110c4036c77c09ab_000000000958,0.343351,16112.702623
898,11dd74426e8374ac110c4036c77c09ab_000000000959,0.343351,0.464191
898,11dd74426e8374ac110c4036c77c09ab_000000000959,0.343351,16124.020041
899,11dd74426e8374ac110c4036c77c09ab_000000000960,0.343351,16109.165930
900,11dd74426e8374ac110c4036c77c09ab_000000000961,0.343351,16139.109932
901,11dd74426e8374ac110c4036c77c09ab_000000000962,0.344520,16150.267062
902,11dd74426e8374ac110c4036c77c09ab_000000000963,0.343351,16062.717359
903,11dd74426e8374ac110c4036c77c09ab_000000000964,0.343351,15898.379016
904,11dd74426e8374ac110c4036c77c09ab_000000000965,0.343351,15880.931329
905,11dd74426e8374ac110c4036c77c09ab_000000000966,0.343351,15912.761568
906,11dd74426e8374ac110c4036c77c09ab_000000000967,0.344520,15404.510386
907,11dd74426e8374ac110c4036c77c09ab_000000000968,0.344520,15332.344214
908,11dd74426e8374ac110c4036c77c09ab_000000000969,0.343351,15335.337459
909,11dd74426e8374ac110c4036c77c09ab_000000000970,0.343351,0.589449
909,11dd74426e8374ac110c4036c77c09ab_000000000970,0.343351,15347.362216
910,11dd74426e8374ac110c4036c77c09ab_000000000971,0.343351,15249.749484
911,11dd74426e8374ac110c4036c77c09ab_000000000972,0.344520,15271.691395
912,11dd74426e8374ac110c4036c77c09ab_000000000973,0.344520,15734.599407
913,11dd74426e8374ac110c4036c77c09ab_000000000974,0.343351,15689.596228
914,11dd74426e8374ac110c4036c77c09ab_000000000975,0.343351,15683.348070
915,11dd74426e8374ac110c4036c77c09ab_000000000976,0.344520,15769.020772
916,11dd74426e8374ac110c4036c77c09ab_000000000977,0.344520,15204.391691
917,11dd74426e8374ac110c4036c77c09ab_000000000978,0.343351,15186.560566
918,11dd74426e8374ac110c4036c77c09ab_000000000979,0.343351,0.530504
918,11dd74426e8374ac110c4036c77c09ab_000000000979,0.343351,0.589449
918,11dd74426e8374ac110c4036c77c09ab_000000000979,0.343351,15154.494548
919,11dd74426e8374ac110c4036c77c09ab_000000000980,0.343351,0.884173
919,11dd74426e8374ac110c4036c77c09ab_000000000980,0.343351,15124.196876
920,11dd74426e8374ac110c4036c77c09ab_000000000981,0.338788,14762.123386
921,11dd74426e8374ac110c4036c77c09ab_000000000982,0.344520,15247.240356
922,11dd74426e8374ac110c4036c77c09ab_000000000983,0.339814,14759.815242
923,11dd74426e8374ac110c4036c77c09ab_000000000984,0.334216,14258.810388
924,11dd74426e8374ac110c4036c77c09ab_000000000985,0.334216,14204.077073
925,11dd74426e8374ac110c4036c77c09ab_000000000986,0.344520,15116.913947
926,11dd74426e8374ac110c4036c77c09ab_000000000987,0.344520,15078.456973
927,11dd74426e8374ac110c4036c77c09ab_000000000988,0.344520,15024.451039
928,11dd74426e8374ac110c4036c77c09ab_000000000989,0.344520,15043.560831
929,11dd74426e8374ac110c4036c77c09ab_000000000990,0.334216,14031.611282
930,11dd74426e8374ac110c4036c77c09ab_000000000991,0.334216,14014.074281
931,11dd74426e8374ac110c4036c77c09ab_000000000992,0.345599,14949.178859
932,11dd74426e8374ac110c4036c77c09ab_000000000993,0.345599,14944.879068
933,11dd74426e8374ac110c4036c77c09ab_000000000994,0.343351,14686.943708
934,11dd74426e8374ac110c4036c77c09ab_000000000995,0.344520,14874.777448
935,11dd74426e8374ac110c4036c77c09ab_000000000996,0.344520,14901.721068
936,11dd74426e8374ac110c4036c77c09ab_000000000997,0.343351,14119.186561
937,11dd74426e8374ac110c4036c77c09ab_000000000998,0.343351,14139.345712
938,11dd74426e8374ac110c4036c77c09ab_000000000999,0.344520,15483.204748
939,11dd74426e8374ac110c4036c77c09ab_000000001000,0.344520,15344.094955
940,11dd74426e8374ac110c4036c77c09ab_000000001001,0.343351,15237.017389
941,11dd74426e8374ac110c4036c77c09ab_000000001002,0.344520,14.035608
941,11dd74426e8374ac110c4036c77c09ab_000000001002,0.344520,15291.869436
942,11dd74426e8374ac110c4036c77c09ab_000000001003,0.343351,14.323607
942,11dd74426e8374ac110c4036c77c09ab_000000001003,0.343351,15200.707339
943,11dd74426e8374ac110c4036c77c09ab_000000001004,0.344520,12.136499
943,11dd74426e8374ac110c4036c77c09ab_000000001004,0.344520,15282.136499
944,11dd74426e8374ac110c4036c77c09ab_000000001005,0.344520,10.267062
944,11dd74426e8374ac110c4036c77c09ab_000000001005,0.344520,15280.593472
945,11dd74426e8374ac110c4036c77c09ab_000000001006,0.344520,7.655786
945,11dd74426e8374ac110c4036c77c09ab_000000001006,0.344520,15248.902077
946,11dd74426e8374ac110c4036c77c09ab_000000001007,0.344520,6.468843
946,11dd74426e8374ac110c4036c77c09ab_000000001007,0.344520,15242.611276
947,11dd74426e8374ac110c4036c77c09ab_000000001008,0.344520,6.884273
947,11dd74426e8374ac110c4036c77c09ab_000000001008,0.344520,15234.302671
948,11dd74426e8374ac110c4036c77c09ab_000000001009,0.344520,8.308605
948,11dd74426e8374ac110c4036c77c09ab_000000001009,0.344520,15256.379822
949,11dd74426e8374ac110c4036c77c09ab_000000001010,0.344520,8.011869
949,11dd74426e8374ac110c4036c77c09ab_000000001010,0.344520,15256.023739
950,11dd74426e8374ac110c4036c77c09ab_000000001011,0.344520,8.724036
950,11dd74426e8374ac110c4036c77c09ab_000000001011,0.344520,15262.908012
951,11dd74426e8374ac110c4036c77c09ab_000000001012,0.343351,8.782788
951,11dd74426e8374ac110c4036c77c09ab_000000001012,0.343351,15163.572060
952,11dd74426e8374ac110c4036c77c09ab_000000001013,0.343351,5.540819
952,11dd74426e8374ac110c4036c77c09ab_000000001013,0.343351,15289.006779
953,11dd74426e8374ac110c4036c77c09ab_000000001014,0.343351,2.357795
953,11dd74426e8374ac110c4036c77c09ab_000000001014,0.343351,15284.998526
954,11dd74426e8374ac110c4036c77c09ab_000000001015,0.328798,0.817568
954,11dd74426e8374ac110c4036c77c09ab_000000001015,0.328798,14053.513514
955,11dd74426e8374ac110c4036c77c09ab_000000001016,0.343351,15342.410846
956,11dd74426e8374ac110c4036c77c09ab_000000001017,0.322665,13532.847475
957,11dd74426e8374ac110c4036c77c09ab_000000001018,0.322665,13543.050495
958,11dd74426e8374ac110c4036c77c09ab_000000001019,0.343351,1.886236
958,11dd74426e8374ac110c4036c77c09ab_000000001019,0.343351,15290.893015
959,11dd74426e8374ac110c4036c77c09ab_000000001020,0.343351,15275.803124
960,11dd74426e8374ac110c4036c77c09ab_000000001021,0.344520,15378.041543
961,11dd74426e8374ac110c4036c77c09ab_000000001022,0.344520,0.356083
961,11dd74426e8374ac110c4036c77c09ab_000000001022,0.344520,15422.195846
962,11dd74426e8374ac110c4036c77c09ab_000000001023,0.344520,15413.293769
963,11dd74426e8374ac110c4036c77c09ab_000000001024,0.344520,15445.578635
964,11dd74426e8374ac110c4036c77c09ab_000000001025,0.344520,15433.471810
965,11dd74426e8374ac110c4036c77c09ab_000000001026,0.345599,15493.819050
966,11dd74426e8374ac110c4036c77c09ab_000000001027,0.345599,15600.955509
967,11dd74426e8374ac110c4036c77c09ab_000000001028,0.345599,15581.487011
968,11dd74426e8374ac110c4036c77c09ab_000000001029,0.344520,15594.421365
969,11dd74426e8374ac110c4036c77c09ab_000000001030,0.344520,15634.658754
970,11dd74426e8374ac110c4036c77c09ab_000000001031,0.345599,15790.026874
971,11dd74426e8374ac110c4036c77c09ab_000000001032,0.328798,14366.810811
972,11dd74426e8374ac110c4036c77c09ab_000000001033,0.327869,14265.412524
973,11dd74426e8374ac110c4036c77c09ab_000000001034,0.344520,15746.112760
974,11dd74426e8374ac110c4036c77c09ab_000000001035,0.333241,14732.481954
975,11dd74426e8374ac110c4036c77c09ab_000000001036,0.333241,14690.616324
976,11dd74426e8374ac110c4036c77c09ab_000000001037,0.343351,15512.643678
977,11dd74426e8374ac110c4036c77c09ab_000000001038,0.327869,14077.398549
978,11dd74426e8374ac110c4036c77c09ab_000000001039,0.339814,15190.531178
979,11dd74426e8374ac110c4036c77c09ab_000000001040,0.339814,15226.558891
980,11dd74426e8374ac110c4036c77c09ab_000000001041,0.339814,15124.595843
981,11dd74426e8374ac110c4036c77c09ab_000000001042,0.339814,15133.256351
982,11dd74426e8374ac110c4036c77c09ab_000000001043,0.334216,14613.236526
983,11dd74426e8374ac110c4036c77c09ab_000000001044,0.334216,14615.135437
984,11dd74426e8374ac110c4036c77c09ab_000000001045,0.322665,2.394586
984,11dd74426e8374ac110c4036c77c09ab_000000001045,0.322665,12927.745966
985,11dd74426e8374ac110c4036c77c09ab_000000001050,0.344520,16887.359050
986,11dd74426e8374ac110c4036c77c09ab_000000001051,0.344520,16850.563798
987,11dd74426e8374ac110c4036c77c09ab_000000001052,0.344520,18303.560831
988,11dd74426e8374ac110c4036c77c09ab_000000001053,0.344520,18155.133531
989,11dd74426e8374ac110c4036c77c09ab_000000001054,0.344520,18329.614243
990,11dd74426e8374ac110c4036c77c09ab_000000001055,0.344520,17925.341246
991,11dd74426e8374ac110c4036c77c09ab_000000001056,0.344520,17934.480712
992,11dd74426e8374ac110c4036c77c09ab_000000001057,0.356575,19286.458996
993,11dd74426e8374ac110c4036c77c09ab_000000001058,0.356575,18715.829625
994,11dd74426e8374ac110c4036c77c09ab_000000001059,0.350446,18193.061099
995,11dd74426e8374ac110c4036c77c09ab_000000001060,0.350446,18205.833589
996,11dd74426e8374ac110c4036c77c09ab_000000001061,0.350446,18090.881179
997,11dd74426e8374ac110c4036c77c09ab_000000001062,0.351581,0.254944
997,11dd74426e8374ac110c4036c77c09ab_000000001062,0.351581,18350.556242
998,11dd74426e8374ac110c4036c77c09ab_000000001063,0.351581,18354.264524
999,11dd74426e8374ac110c4036c77c09ab_000000001064,0.350446,18277.556033
1000,11dd74426e8374ac110c4036c77c09ab_000000001065,0.350446,18313.540068
1001,11dd74426e8374ac110c4036c77c09ab_000000001066,0.350446,18277.924470
1002,11dd74426e8374ac110c4036c77c09ab_000000001067,0.350446,18279.889469
1003,11dd74426e8374ac110c4036c77c09ab_000000001068,0.350446,18249.309180
1004,11dd74426e8374ac110c4036c77c09ab_000000001069,0.350446,18197.359533
1005,11dd74426e8374ac110c4036c77c09ab_000000001070,0.350446,18196.622659
1006,11dd74426e8374ac110c4036c77c09ab_000000001071,0.350446,18215.167332
1007,11dd74426e8374ac110c4036c77c09ab_000000001072,0.350446,18212.588271
1008,11dd74426e8374ac110c4036c77c09ab_000000001073,0.345599,17695.431472
1009,11dd74426e8374ac110c4036c77c09ab_000000001074,0.345599,17932.278292
1010,11dd74426e8374ac110c4036c77c09ab_000000001075,0.344520,17794.777448
1011,11dd74426e8374ac110c4036c77c09ab_000000001076,0.350446,18153.269880
1012,11dd74426e8374ac110c4036c77c09ab_000000001077,0.344520,17754.540059
1013,11dd74426e8374ac110c4036c77c09ab_000000001078,0.350446,18086.705557
1014,11dd74426e8374ac110c4036c77c09ab_000000001079,0.344520,17710.860534
1015,11dd74426e8374ac110c4036c77c09ab_000000001080,0.345599,17644.072858
1016,11dd74426e8374ac110c4036c77c09ab_000000001081,0.344520,17503.620178
1017,11dd74426e8374ac110c4036c77c09ab_000000001082,0.344520,17436.676558
1018,11dd74426e8374ac110c4036c77c09ab_000000001083,0.344520,17372.818991
1019,11dd74426e8374ac110c4036c77c09ab_000000001084,0.344520,17364.035608
1020,11dd74426e8374ac110c4036c77c09ab_000000001085,0.344520,18618.278932
1021,11dd74426e8374ac110c4036c77c09ab_000000001086,0.344520,18422.670623
1022,11dd74426e8374ac110c4036c77c09ab_000000001087,0.344520,18458.635015
1023,11dd74426e8374ac110c4036c77c09ab_000000001088,0.344520,18439.050445
1024,11dd74426e8374ac110c4036c77c09ab_000000001089,0.344520,18540.059347
1025,11dd74426e8374ac110c4036c77c09ab_000000001090,0.344520,18526.646884
1026,11dd74426e8374ac110c4036c77c09ab_000000001091,0.344520,18553.590504
1027,11dd74426e8374ac110c4036c77c09ab_000000001092,0.328798,16890.378378
1028,11dd74426e8374ac110c4036c77c09ab_000000001093,0.328798,16853.513514
1029,11dd74426e8374ac110c4036c77c09ab_000000001094,0.338788,17867.202296
1030,11dd74426e8374ac110c4036c77c09ab_000000001095,0.334216,17360.178721
1031,11dd74426e8374ac110c4036c77c09ab_000000001096,0.334216,17473.331472
1032,11dd74426e8374ac110c4036c77c09ab_000000001097,0.334216,17483.161128
1033,11dd74426e8374ac110c4036c77c09ab_000000001098,0.334216,17542.027367
1034,11dd74426e8374ac110c4036c77c09ab_000000001099,0.338788,17992.080344
1035,11dd74426e8374ac110c4036c77c09ab_000000001100,0.338788,2.410330
1035,11dd74426e8374ac110c4036c77c09ab_000000001100,0.338788,17965.681492
1036,11dd74426e8374ac110c4036c77c09ab_000000001101,0.333241,0.326208
1036,11dd74426e8374ac110c4036c77c09ab_000000001101,0.333241,17488.395336
1037,11dd74426e8374ac110c4036c77c09ab_000000001102,0.333241,17483.176013
1038,11dd74426e8374ac110c4036c77c09ab_000000001103,0.333241,17497.168240
1039,11dd74426e8374ac110c4036c77c09ab_000000001104,0.327869,16950.389680
1040,11dd74426e8374ac110c4036c77c09ab_000000001105,0.333241,17536.701832
1041,11dd74426e8374ac110c4036c77c09ab_000000001106,0.338788,18097.790531
1042,11dd74426e8374ac110c4036c77c09ab_000000001107,0.338788,18071.506456
1043,11dd74426e8374ac110c4036c77c09ab_000000001108,0.333241,17523.931149
1044,11dd74426e8374ac110c4036c77c09ab_000000001109,0.338788,18126.370158
1045,11dd74426e8374ac110c4036c77c09ab_000000001110,0.338788,18107.776184
1046,11dd74426e8374ac110c4036c77c09ab_000000001111,0.338788,18096.757532
1047,11dd74426e8374ac110c4036c77c09ab_000000001119,0.333241,16532.593004
1048,11dd74426e8374ac110c4036c77c09ab_000000001120,0.333241,16619.433648
1049,11dd74426e8374ac110c4036c77c09ab_000000001121,0.338788,17403.098996
1050,11dd74426e8374ac110c4036c77c09ab_000000001122,0.338788,17167.288379
1051,11dd74426e8374ac110c4036c77c09ab_000000001123,0.338788,17211.362984
1052,11dd74426e8374ac110c4036c77c09ab_000000001124,0.337676,17022.462942
1053,11dd74426e8374ac110c4036c77c09ab_000000001125,0.337676,17043.671608
1054,11dd74426e8374ac110c4036c77c09ab_000000001126,0.337676,17030.558723
1055,11dd74426e8374ac110c4036c77c09ab_000000001127,0.338788,17123.098996
1056,11dd74426e8374ac110c4036c77c09ab_000000001128,0.338788,17145.136298
1057,11dd74426e8374ac110c4036c77c09ab_000000001129,0.338788,17145.021521
1058,11dd74426e8374ac110c4036c77c09ab_000000001130,0.338788,17169.583931
1059,11dd74426e8374ac110c4036c77c09ab_000000001131,0.338788,17143.873745
1060,11dd74426e8374ac110c4036c77c09ab_000000001132,0.338788,17136.872310
1061,11dd74426e8374ac110c4036c77c09ab_000000001133,0.338788,17154.433286
1062,11dd74426e8374ac110c4036c77c09ab_000000001134,0.337676,17031.470924
1063,11dd74426e8374ac110c4036c77c09ab_000000001135,0.338788,17201.721664
1064,11dd74426e8374ac110c4036c77c09ab_000000001136,0.338788,17177.274032
1065,11dd74426e8374ac110c4036c77c09ab_000000001137,0.338788,17171.535151
1066,11dd74426e8374ac110c4036c77c09ab_000000001138,0.343351,0.235780
1066,11dd74426e8374ac110c4036c77c09ab_000000001138,0.343351,17631.358680
1067,11dd74426e8374ac110c4036c77c09ab_000000001139,0.343351,17669.554966
1068,11dd74426e8374ac110c4036c77c09ab_000000001140,0.333241,16660.188784
1069,11dd74426e8374ac110c4036c77c09ab_000000001141,0.333241,16662.853970
1070,11dd74426e8374ac110c4036c77c09ab_000000001142,0.344520,17880.356083
1071,11dd74426e8374ac110c4036c77c09ab_000000001143,0.344520,17931.513353
1072,11dd74426e8374ac110c4036c77c09ab_000000001144,0.344520,17929.851632
1073,11dd74426e8374ac110c4036c77c09ab_000000001145,0.344520,18014.836795
1074,11dd74426e8374ac110c4036c77c09ab_000000001146,0.344520,18001.424332
1075,11dd74426e8374ac110c4036c77c09ab_000000001147,0.333241,16838.645197
1076,11dd74426e8374ac110c4036c77c09ab_000000001148,0.344520,17967.240356
1077,11dd74426e8374ac110c4036c77c09ab_000000001149,0.350446,18642.247467
1078,11dd74426e8374ac110c4036c77c09ab_000000001150,0.344520,17869.198813
1079,11dd74426e8374ac110c4036c77c09ab_000000001151,0.344520,17874.896142
1080,11dd74426e8374ac110c4036c77c09ab_000000001152,0.343351,17779.428235
1081,11dd74426e8374ac110c4036c77c09ab_000000001153,0.343351,17768.110816
1082,11dd74426e8374ac110c4036c77c09ab_000000001154,0.350446,18576.849862
1083,11dd74426e8374ac110c4036c77c09ab_000000001155,0.343351,17819.746537
1084,11dd74426e8374ac110c4036c77c09ab_000000001156,0.344520,17922.611276
1085,11dd74426e8374ac110c4036c77c09ab_000000001157,0.344520,17955.608309
1086,11dd74426e8374ac110c4036c77c09ab_000000001158,0.345599,18192.773962
1087,11dd74426e8374ac110c4036c77c09ab_000000001159,0.345599,18278.889221
1088,11dd74426e8374ac110c4036c77c09ab_000000001160,0.345599,18278.172589
1089,11dd74426e8374ac110c4036c77c09ab_000000001161,0.345599,18313.287549
1090,11dd74426e8374ac110c4036c77c09ab_000000001162,0.345599,18359.629740
1091,11dd74426e8374ac110c4036c77c09ab_000000001163,0.344520,18295.905045
1092,11dd74426e8374ac110c4036c77c09ab_000000001164,0.343351,18162.334218
1093,11dd74426e8374ac110c4036c77c09ab_000000001165,0.343351,18181.550251
1094,11dd74426e8374ac110c4036c77c09ab_000000001166,0.344520,18337.566766
1095,11dd74426e8374ac110c4036c77c09ab_000000001167,0.344520,18320.593472
1096,11dd74426e8374ac110c4036c77c09ab_000000001168,0.343351,18361.332154
1097,11dd74426e8374ac110c4036c77c09ab_000000001169,0.343351,18376.304156
1098,11dd74426e8374ac110c4036c77c09ab_000000001170,0.343351,18663.837312
1099,11dd74426e8374ac110c4036c77c09ab_000000001171,0.343351,18705.806071
1100,11dd74426e8374ac110c4036c77c09ab_000000001172,0.344520,19098.041543
1101,11dd74426e8374ac110c4036c77c09ab_000000001173,0.343351,1.886236
1101,11dd74426e8374ac110c4036c77c09ab_000000001173,0.343351,2.637784
1101,11dd74426e8374ac110c4036c77c09ab_000000001173,0.343351,9.711170
1101,11dd74426e8374ac110c4036c77c09ab_000000001173,0.343351,18028.529325
1102,11dd74426e8374ac110c4036c77c09ab_000000001174,0.343351,17993.751842
1103,11dd74426e8374ac110c4036c77c09ab_000000001175,0.351581,19203.584672
1104,11dd74426e8374ac110c4036c77c09ab_000000001176,0.345599,18540.698716
1105,11dd74426e8374ac110c4036c77c09ab_000000001177,0.345599,18746.013735
1106,11dd74426e8374ac110c4036c77c09ab_000000001178,0.345599,18848.014333
1107,11dd74426e8374ac110c4036c77c09ab_000000001179,0.345599,18994.804419
1108,11dd74426e8374ac110c4036c77c09ab_000000001180,0.344520,18907.181009
1109,11dd74426e8374ac110c4036c77c09ab_000000001181,0.344520,19151.216617
1110,11dd74426e8374ac110c4036c77c09ab_000000001182,0.344520,19013.649852
1111,11dd74426e8374ac110c4036c77c09ab_000000001183,0.345599,19173.604061
1112,11dd74426e8374ac110c4036c77c09ab_000000001184,0.344520,18799.169139
1113,11dd74426e8374ac110c4036c77c09ab_000000001185,0.344520,18727.715134
1114,11dd74426e8374ac110c4036c77c09ab_000000001186,0.345599,0.895790
1114,11dd74426e8374ac110c4036c77c09ab_000000001186,0.345599,19155.568827
1115,11dd74426e8374ac110c4036c77c09ab_000000001187,0.345599,0.238877
1115,11dd74426e8374ac110c4036c77c09ab_000000001187,0.345599,19152.463422
1116,11dd74426e8374ac110c4036c77c09ab_000000001188,0.344520,19321.661721
1117,11dd74426e8374ac110c4036c77c09ab_000000001189,0.345599,19575.515079
1118,11dd74426e8374ac110c4036c77c09ab_000000001190,0.345599,19660.794267
1119,11dd74426e8374ac110c4036c77c09ab_000000001191,0.345599,20646.401911
1120,11dd74426e8374ac110c4036c77c09ab_000000001192,0.345599,20066.527322
1121,11dd74426e8374ac110c4036c77c09ab_000000001193,0.345599,20765.362795
1122,11dd74426e8374ac110c4036c77c09ab_000000001194,0.345599,20230.874888
1123,11dd74426e8374ac110c4036c77c09ab_000000001195,0.345599,20923.021798
1124,11dd74426e8374ac110c4036c77c09ab_000000001196,0.343351,19999.410551
1125,11dd74426e8374ac110c4036c77c09ab_000000001197,0.343351,20015.089891
1126,11dd74426e8374ac110c4036c77c09ab_000000001198,0.344520,20341.246291
1127,11dd74426e8374ac110c4036c77c09ab_000000001199,0.344520,20347.774481
1128,11dd74426e8374ac110c4036c77c09ab_000000001200,0.345599,20350.194088
1129,11dd74426e8374ac110c4036c77c09ab_000000001201,0.345599,1.433264
1129,11dd74426e8374ac110c4036c77c09ab_000000001201,0.345599,20314.720812
1130,11dd74426e8374ac110c4036c77c09ab_000000001202,0.338788,2.008608
1130,11dd74426e8374ac110c4036c77c09ab_000000001202,0.338788,0.459110
1130,11dd74426e8374ac110c4036c77c09ab_000000001202,0.338788,2.178981
1130,11dd74426e8374ac110c4036c77c09ab_000000001202,0.338788,19404.533716
1131,11dd74426e8374ac110c4036c77c09ab_000000001203,0.338788,8.210187
1131,11dd74426e8374ac110c4036c77c09ab_000000001203,0.338788,19672.539455
1132,11dd74426e8374ac110c4036c77c09ab_000000001204,0.338788,27133.830703
1133,11dd74426e8374ac110c4036c77c09ab_000000001205,0.338788,0.444763
1133,11dd74426e8374ac110c4036c77c09ab_000000001205,0.338788,26734.921090
1134,11dd74426e8374ac110c4036c77c09ab_000000001206,0.338788,26800.114778
1135,11dd74426e8374ac110c4036c77c09ab_000000001207,0.338788,26842.697274
1136,11dd74426e8374ac110c4036c77c09ab_000000001208,0.338788,26855.667145
1137,11dd74426e8374ac110c4036c77c09ab_000000001209,0.333241,25982.009994
1138,11dd74426e8374ac110c4036c77c09ab_000000001210,0.327869,25099.166891
1139,11dd74426e8374ac110c4036c77c09ab_000000001211,0.333241,0.222099
1139,11dd74426e8374ac110c4036c77c09ab_000000001211,0.333241,0.166574
1139,11dd74426e8374ac110c4036c77c09ab_000000001211,0.333241,26166.463076
1140,11dd74426e8374ac110c4036c77c09ab_000000001212,0.333241,2.637424
1140,11dd74426e8374ac110c4036c77c09ab_000000001212,0.333241,26356.468629
1141,11dd74426e8374ac110c4036c77c09ab_000000001213,0.327869,2.526203
1141,11dd74426e8374ac110c4036c77c09ab_000000001213,0.327869,25514.646600
1142,11dd74426e8374ac110c4036c77c09ab_000000001214,0.327869,0.214996
1142,11dd74426e8374ac110c4036c77c09ab_000000001214,0.327869,0.376243
1142,11dd74426e8374ac110c4036c77c09ab_000000001214,0.327869,25786.401505
1143,11dd74426e8374ac110c4036c77c09ab_000000001215,0.327869,0.201559
1143,11dd74426e8374ac110c4036c77c09ab_000000001215,0.327869,25781.349100
1144,11dd74426e8374ac110c4036c77c09ab_000000001216,0.333241,26782.232093
1145,11dd74426e8374ac110c4036c77c09ab_000000001217,0.333241,26776.679622
1146,11dd74426e8374ac110c4036c77c09ab_000000001218,0.338788,27877.073171
1147,11dd74426e8374ac110c4036c77c09ab_000000001219,0.337676,27758.950969
1148,11dd74426e8374ac110c4036c77c09ab_000000001220,0.337676,27738.996579
1149,11dd74426e8374ac110c4036c77c09ab_000000001221,0.337676,27909.920182
1150,11dd74426e8374ac110c4036c77c09ab_000000001222,0.337676,27872.519954
1151,11dd74426e8374ac110c4036c77c09ab_000000001223,0.338788,28145.652798
1152,11dd74426e8374ac110c4036c77c09ab_000000001224,0.337676,27975.256556
1153,11dd74426e8374ac110c4036c77c09ab_000000001225,0.337676,27982.668187
1154,11dd74426e8374ac110c4036c77c09ab_000000001226,0.344520,29249.614243
1155,11dd74426e8374ac110c4036c77c09ab_000000001227,0.344520,29261.839763
1156,11dd74426e8374ac110c4036c77c09ab_000000001228,0.337676,28103.648803
1157,11dd74426e8374ac110c4036c77c09ab_000000001229,0.337676,28100.228050
1158,11dd74426e8374ac110c4036c77c09ab_000000001230,0.337676,28100.456100
1159,11dd74426e8374ac110c4036c77c09ab_000000001231,0.338788,28312.539455
