instance_id,frame_id,frame_name,nm_per_pixel,area_nm2,cx_nm,cy_nm
1,0,11dd74426e8374ac110c4036c77c09ab_000000000000,0.398252,8078.667724,306.124217,193.854718
1,1,11dd74426e8374ac110c4036c77c09ab_000000000001,0.398252,8020.618557,328.530070,195.995186
1,2,11dd74426e8374ac110c4036c77c09ab_000000000002,0.398252,7963.838224,327.030380,196.958900
1,3,11dd74426e8374ac110c4036c77c09ab_000000000003,0.398252,7947.977795,325.616228,196.380920
1,4,11dd74426e8374ac110c4036c77c09ab_000000000004,0.390658,7765.585654,323.290945,196.654171
1,5,11dd74426e8374ac110c4036c77c09ab_000000000005,0.390658,7769.553605,318.984386,195.148193
1,6,11dd74426e8374ac110c4036c77c09ab_000000000006,0.392232,7869.230769,328.783817,197.445138
1,7,11dd74426e8374ac110c4036c77c09ab_000000000007,0.390658,7361.770317,324.841010,197.224850
1,8,11dd74426e8374ac110c4036c77c09ab_000000000008,0.390658,7302.556276,331.124845,197.788733
1,9,11dd74426e8374ac110c4036c77c09ab_000000000009,0.398252,7708.168121,336.036908,204.041878
1,10,11dd74426e8374ac110c4036c77c09ab_000000000010,0.398252,7723.711340,336.736376,204.592488
4,12,11dd74426e8374ac110c4036c77c09ab_000000000012,0.398252,7739.254560,336.158444,204.993097
4,13,11dd74426e8374ac110c4036c77c09ab_000000000013,0.390658,7531.171309,328.435448,202.937731
4,14,11dd74426e8374ac110c4036c77c09ab_000000000014,0.390658,7359.938955,315.759576,195.340279
4,15,11dd74426e8374ac110c4036c77c09ab_000000000015,0.390658,7297.672644,326.873532,201.697540
4,16,11dd74426e8374ac110c4036c77c09ab_000000000016,0.390658,7310.186952,331.400217,200.141943
4,17,11dd74426e8374ac110c4036c77c09ab_000000000017,0.383342,7045.701690,324.120412,197.223490
4,18,11dd74426e8374ac110c4036c77c09ab_000000000018,0.383342,7062.160176,320.832925,195.835140
4,19,11dd74426e8374ac110c4036c77c09ab_000000000019,0.383342,7088.317414,320.521273,196.549460
4,20,11dd74426e8374ac110c4036c77c09ab_000000000020,0.390658,7367.874857,326.991202,198.221356
4,21,11dd74426e8374ac110c4036c77c09ab_000000000021,0.390658,7377.031667,326.820265,197.095139
4,22,11dd74426e8374ac110c4036c77c09ab_000000000022,0.390658,7342.541015,324.615114,200.247333
4,23,11dd74426e8374ac110c4036c77c09ab_000000000023,0.390658,7351.392598,325.360091,199.013759
4,24,11dd74426e8374ac110c4036c77c09ab_000000000024,0.390658,7345.593285,328.277721,201.958321
4,25,11dd74426e8374ac110c4036c77c09ab_000000000025,0.390658,7372.453262,326.779349,202.835465
4,26,11dd74426e8374ac110c4036c77c09ab_000000000026,0.390658,7364.822587,327.579144,204.087506
4,27,11dd74426e8374ac110c4036c77c09ab_000000000027,0.390658,7389.851202,329.433457,201.836502
4,28,11dd74426e8374ac110c4036c77c09ab_000000000028,0.390658,7373.063716,328.004327,204.466933
4,29,11dd74426e8374ac110c4036c77c09ab_000000000029,0.390658,7364.212133,329.720894,202.420415
4,30,11dd74426e8374ac110c4036c77c09ab_000000000030,0.390658,7365.433041,330.103278,204.616410
7,32,11dd74426e8374ac110c4036c77c09ab_000000000032,0.390658,7387.409386,333.103313,201.481849
7,33,11dd74426e8374ac110c4036c77c09ab_000000000033,0.390658,7408.775277,328.942798,203.835023
7,34,11dd74426e8374ac110c4036c77c09ab_000000000034,0.383342,7236.737693,325.623619,200.991370
7,35,11dd74426e8374ac110c4036c77c09ab_000000000035,0.383342,7257.310801,326.829423,200.435356
7,36,11dd74426e8374ac110c4036c77c09ab_000000000036,0.383342,7276.414401,322.667251,198.950750
7,37,11dd74426e8374ac110c4036c77c09ab_000000000037,0.383342,7266.421749,321.771298,196.810551
7,38,11dd74426e8374ac110c4036c77c09ab_000000000038,0.383342,7266.421749,321.450053,197.809967
7,39,11dd74426e8374ac110c4036c77c09ab_000000000039,0.383342,7337.839824,321.678738,197.171712
7,40,11dd74426e8374ac110c4036c77c09ab_000000000040,0.383342,7374.577517,324.026846,197.385914
7,41,11dd74426e8374ac110c4036c77c09ab_000000000041,0.390658,7698.435712,328.140714,202.560783
7,42,11dd74426e8374ac110c4036c77c09ab_000000000042,0.390658,7693.857306,329.085479,200.685440
7,43,11dd74426e8374ac110c4036c77c09ab_000000000043,0.390658,8399.694773,316.490128,200.258683
7,44,11dd74426e8374ac110c4036c77c09ab_000000000044,0.390658,8328.729493,328.608793,199.634415
7,45,11dd74426e8374ac110c4036c77c09ab_000000000045,0.390658,8306.753148,331.442683,200.517842
7,46,11dd74426e8374ac110c4036c77c09ab_000000000046,0.390658,8330.255628,325.085672,198.022534
7,47,11dd74426e8374ac110c4036c77c09ab_000000000047,0.390658,8297.291110,329.791401,201.666615
7,48,11dd74426e8374ac110c4036c77c09ab_000000000048,0.390658,8261.274323,328.697731,200.090893
7,49,11dd74426e8374ac110c4036c77c09ab_000000000049,0.383342,7956.208670,325.564353,197.874661
7,50,11dd74426e8374ac110c4036c77c09ab_000000000050,0.392232,8308.615385,333.033830,201.928158
7,51,11dd74426e8374ac110c4036c77c09ab_000000000051,0.392232,8292.615385,334.137701,202.288191
7,52,11dd74426e8374ac110c4036c77c09ab_000000000052,0.390658,8203.281190,330.449157,202.055365
7,53,11dd74426e8374ac110c4036c77c09ab_000000000059,0.390658,8624.799695,317.646841,193.707237
7,54,11dd74426e8374ac110c4036c77c09ab_000000000060,0.390658,8532.926364,322.655649,193.054845
7,55,11dd74426e8374ac110c4036c77c09ab_000000000061,0.390658,8536.894315,320.568811,192.163049
7,56,11dd74426e8374ac110c4036c77c09ab_000000000062,0.390658,8739.565052,326.576581,196.810730
7,57,11dd74426e8374ac110c4036c77c09ab_000000000063,0.390658,8787.790919,328.137185,195.706497
7,58,11dd74426e8374ac110c4036c77c09ab_000000000064,0.390658,8791.453644,328.681326,194.639639
7,59,11dd74426e8374ac110c4036c77c09ab_000000000065,0.390658,8798.168638,329.455298,198.164632
7,60,11dd74426e8374ac110c4036c77c09ab_000000000066,0.390658,8680.045784,327.299718,197.405932
7,61,11dd74426e8374ac110c4036c77c09ab_000000000067,0.390658,8781.838993,328.505597,197.259388
7,62,11dd74426e8374ac110c4036c77c09ab_000000000068,0.390658,8796.642503,330.160241,197.193841
7,63,11dd74426e8374ac110c4036c77c09ab_000000000069,0.390658,8814.040443,331.215332,196.758440
7,64,11dd74426e8374ac110c4036c77c09ab_000000000070,0.390658,8818.313621,332.395651,197.442699
7,65,11dd74426e8374ac110c4036c77c09ab_000000000071,0.390658,8897.367417,326.528130,194.972761
7,66,11dd74426e8374ac110c4036c77c09ab_000000000072,0.390658,8894.009920,325.915152,194.066397
7,67,11dd74426e8374ac110c4036c77c09ab_000000000073,0.383342,8596.032329,328.986023,194.925851
7,68,11dd74426e8374ac110c4036c77c09ab_000000000074,0.383342,8587.215283,315.824660,190.640352
7,69,11dd74426e8374ac110c4036c77c09ab_000000000075,0.383342,8604.555474,319.138539,190.501185
7,70,11dd74426e8374ac110c4036c77c09ab_000000000076,0.390658,8916.901946,333.467504,197.048560
7,71,11dd74426e8374ac110c4036c77c09ab_000000000077,0.390658,8918.428081,333.933413,199.467245
7,72,11dd74426e8374ac110c4036c77c09ab_000000000078,0.390658,8932.468523,337.279660,198.127769
7,73,11dd74426e8374ac110c4036c77c09ab_000000000079,0.390658,8908.660816,335.064184,199.721576
7,74,11dd74426e8374ac110c4036c77c09ab_000000000080,0.383342,8604.849375,331.244449,195.919008
7,75,11dd74426e8374ac110c4036c77c09ab_000000000081,0.383342,8625.716385,331.945082,197.078263
7,76,11dd74426e8374ac110c4036c77c09ab_000000000082,0.383342,8635.415136,330.625333,195.439328
7,77,11dd74426e8374ac110c4036c77c09ab_000000000083,0.383342,8605.731080,330.600064,195.538650
7,78,11dd74426e8374ac110c4036c77c09ab_000000000084,0.383342,8607.788391,336.265840,198.744807
7,79,11dd74426e8374ac110c4036c77c09ab_000000000085,0.383342,8559.294636,334.259895,196.703345
7,80,11dd74426e8374ac110c4036c77c09ab_000000000086,0.383342,8582.218957,334.076904,196.363616
7,81,11dd74426e8374ac110c4036c77c09ab_000000000087,0.383342,8536.958119,333.227114,197.881119
7,82,11dd74426e8374ac110c4036c77c09ab_000000000088,0.383342,8556.649522,335.412797,196.042511
7,83,11dd74426e8374ac110c4036c77c09ab_000000000089,0.383342,8526.377663,334.667640,196.181046
7,84,11dd74426e8374ac110c4036c77c09ab_000000000090,0.383342,8475.238795,334.322529,196.929012
7,85,11dd74426e8374ac110c4036c77c09ab_000000000091,0.383342,8453.490081,335.121197,195.977829
7,86,11dd74426e8374ac110c4036c77c09ab_000000000092,0.376288,8236.460177,327.552507,189.328182
7,87,11dd74426e8374ac110c4036c77c09ab_000000000093,0.376288,8225.982301,326.991864,191.072845
7,88,11dd74426e8374ac110c4036c77c09ab_000000000094,0.383342,8552.534901,337.627610,195.987445
7,89,11dd74426e8374ac110c4036c77c09ab_000000000095,0.383342,8588.390889,334.501144,193.806418
7,90,11dd74426e8374ac110c4036c77c09ab_000000000096,0.383342,8633.651727,337.064507,195.751132
7,91,11dd74426e8374ac110c4036c77c09ab_000000000097,0.383342,8628.655400,336.129551,197.094899
7,92,11dd74426e8374ac110c4036c77c09ab_000000000098,0.383342,8620.720059,332.609074,199.379085
7,93,11dd74426e8374ac110c4036c77c09ab_000000000099,0.383342,8675.973549,331.286330,197.323490
7,94,11dd74426e8374ac110c4036c77c09ab_000000000100,0.383342,8705.363703,335.438207,196.050080
7,95,11dd74426e8374ac110c4036c77c09ab_000000000101,0.376288,8536.070796,325.904431,190.992495
7,96,11dd74426e8374ac110c4036c77c09ab_000000000102,0.376288,8564.672566,326.000524,190.235727
7,97,11dd74426e8374ac110c4036c77c09ab_000000000103,0.390658,9224.265548,344.013738,201.438358
7,98,11dd74426e8374ac110c4036c77c09ab_000000000104,0.390658,9209.919878,347.983550,202.052313
7,99,11dd74426e8374ac110c4036c77c09ab_000000000105,0.383342,8878.765614,340.850169,195.276108
7,100,11dd74426e8374ac110c4036c77c09ab_000000000106,0.390658,9215.719191,339.840514,199.649246
7,101,11dd74426e8374ac110c4036c77c09ab_000000000107,0.390658,9256.009157,337.477493,198.389098
7,102,11dd74426e8374ac110c4036c77c09ab_000000000108,0.390658,9338.420450,331.437247,198.445429
7,103,11dd74426e8374ac110c4036c77c09ab_000000000109,0.390658,9363.754292,336.117749,200.016203
7,104,11dd74426e8374ac110c4036c77c09ab_000000000110,0.383342,9070.977223,331.233429,198.123795
7,105,11dd74426e8374ac110c4036c77c09ab_000000000111,0.390658,9442.197634,329.303532,197.926884
7,106,11dd74426e8374ac110c4036c77c09ab_000000000112,0.390658,9467.226250,330.016892,201.972818
7,107,11dd74426e8374ac110c4036c77c09ab_000000000113,0.383342,9133.284350,329.537568,195.342650
7,108,11dd74426e8374ac110c4036c77c09ab_000000000114,0.383342,9179.720794,334.198828,197.754703
7,109,11dd74426e8374ac110c4036c77c09ab_000000000115,0.376288,8826.053097,321.365085,191.692765
7,110,11dd74426e8374ac110c4036c77c09ab_000000000116,0.376288,8823.221239,322.068214,191.462224
7,111,11dd74426e8374ac110c4036c77c09ab_000000000117,0.383342,9235.268185,328.488807,195.154571
7,112,11dd74426e8374ac110c4036c77c09ab_000000000118,0.383342,9247.612050,329.442271,195.477735
7,113,11dd74426e8374ac110c4036c77c09ab_000000000119,0.383342,9155.033064,327.801277,194.705354
7,114,11dd74426e8374ac110c4036c77c09ab_000000000120,0.383342,9075.091844,326.214728,196.994688
7,115,11dd74426e8374ac110c4036c77c09ab_000000000121,0.383342,8518.442322,313.866235,193.483593
7,116,11dd74426e8374ac110c4036c77c09ab_000000000122,0.383342,8554.886113,322.583793,196.498688
7,117,11dd74426e8374ac110c4036c77c09ab_000000000123,0.383342,8547.685525,321.766665,194.648487
7,118,11dd74426e8374ac110c4036c77c09ab_000000000124,0.376288,8237.026549,314.957458,193.843987
7,119,11dd74426e8374ac110c4036c77c09ab_000000000125,0.376288,8259.681416,314.980448,189.945232
7,120,11dd74426e8374ac110c4036c77c09ab_000000000126,0.376288,8314.053097,317.632541,196.093862
7,121,11dd74426e8374ac110c4036c77c09ab_000000000127,0.383342,8636.002939,321.439150,198.377048
7,122,11dd74426e8374ac110c4036c77c09ab_000000000128,0.383342,8635.121234,326.315922,199.709736
7,123,11dd74426e8374ac110c4036c77c09ab_000000000129,0.383342,8620.132256,327.611244,201.053958
7,124,11dd74426e8374ac110c4036c77c09ab_000000000130,0.383342,8631.594416,327.164870,199.368720
7,125,11dd74426e8374ac110c4036c77c09ab_000000000131,0.383342,8572.226304,332.882916,200.046353
7,126,11dd74426e8374ac110c4036c77c09ab_000000000132,0.383342,8594.268920,328.626056,199.738795
7,127,11dd74426e8374ac110c4036c77c09ab_000000000133,0.383342,8510.213079,325.215687,195.617171
7,128,11dd74426e8374ac110c4036c77c09ab_000000000134,0.383342,8466.421749,324.914633,195.907380
7,129,11dd74426e8374ac110c4036c77c09ab_000000000135,0.383342,8482.586334,323.471744,195.790686
7,130,11dd74426e8374ac110c4036c77c09ab_000000000136,0.383342,8541.072741,325.756586,198.518321
7,131,11dd74426e8374ac110c4036c77c09ab_000000000137,0.383342,8540.191036,322.719521,197.529200
7,132,11dd74426e8374ac110c4036c77c09ab_000000000138,0.376288,8179.823009,316.728085,192.020410
7,133,11dd74426e8374ac110c4036c77c09ab_000000000139,0.376288,8189.734513,318.422255,192.760642
7,134,11dd74426e8374ac110c4036c77c09ab_000000000140,0.383342,8539.897134,323.431758,196.633761
7,135,11dd74426e8374ac110c4036c77c09ab_000000000141,0.383342,8550.771492,322.825721,194.998874
7,136,11dd74426e8374ac110c4036c77c09ab_000000000142,0.383342,8570.462895,321.501106,195.002968
7,137,11dd74426e8374ac110c4036c77c09ab_000000000143,0.390658,8828.691339,328.517781,198.925418
7,138,11dd74426e8374ac110c4036c77c09ab_000000000144,0.390658,8820.144983,329.056032,201.044195
7,139,11dd74426e8374ac110c4036c77c09ab_000000000145,0.390658,8771.919115,331.674350,200.911885
7,140,11dd74426e8374ac110c4036c77c09ab_000000000146,0.390658,8763.983213,331.693425,201.959656
7,141,11dd74426e8374ac110c4036c77c09ab_000000000147,0.390658,8729.492560,331.605251,203.160170
7,142,11dd74426e8374ac110c4036c77c09ab_000000000148,0.390658,8732.850057,333.789515,202.105557
7,143,11dd74426e8374ac110c4036c77c09ab_000000000149,0.383342,8450.551065,327.311033,201.121623
7,144,11dd74426e8374ac110c4036c77c09ab_000000000150,0.390658,8747.500954,333.439177,204.063781
7,145,11dd74426e8374ac110c4036c77c09ab_000000000151,0.390658,8752.384586,330.804908,204.377876
7,146,11dd74426e8374ac110c4036c77c09ab_000000000152,0.390658,8713.010301,336.680130,202.658615
7,147,11dd74426e8374ac110c4036c77c09ab_000000000153,0.390658,8726.440290,341.865478,206.355844
7,148,11dd74426e8374ac110c4036c77c09ab_000000000154,0.390658,8794.200687,337.534003,204.236673
7,149,11dd74426e8374ac110c4036c77c09ab_000000000155,0.390658,8802.136589,336.662080,205.057951
7,150,11dd74426e8374ac110c4036c77c09ab_000000000156,0.390658,8767.035483,335.255150,203.252088
7,151,11dd74426e8374ac110c4036c77c09ab_000000000157,0.390658,8836.932469,336.938931,205.137136
7,152,11dd74426e8374ac110c4036c77c09ab_000000000158,0.388955,8827.534039,333.017439,202.766065
7,153,11dd74426e8374ac110c4036c77c09ab_000000000159,0.390658,8955.971003,336.496032,206.797074
7,154,11dd74426e8374ac110c4036c77c09ab_000000000160,0.383342,8574.283615,325.527830,201.440060
7,155,11dd74426e8374ac110c4036c77c09ab_000000000161,0.383342,8512.564291,331.926176,200.083601
7,156,11dd74426e8374ac110c4036c77c09ab_000000000162,0.383342,8551.359295,332.395433,203.282880
7,157,11dd74426e8374ac110c4036c77c09ab_000000000163,0.376288,8304.707965,321.860158,199.080054
7,158,11dd74426e8374ac110c4036c77c09ab_000000000164,0.383342,8645.113887,326.135996,200.375155
7,159,11dd74426e8374ac110c4036c77c09ab_000000000165,0.383342,8637.766348,325.897554,200.205688
7,160,11dd74426e8374ac110c4036c77c09ab_000000000166,0.383342,8623.952976,317.410857,198.221292
7,161,11dd74426e8374ac110c4036c77c09ab_000000000167,0.383342,8622.483468,325.124928,199.843802
7,162,11dd74426e8374ac110c4036c77c09ab_000000000168,0.390658,9291.720717,342.588543,206.591755
7,163,11dd74426e8374ac110c4036c77c09ab_000000000169,0.398252,9691.673275,347.191451,207.461654
7,164,11dd74426e8374ac110c4036c77c09ab_000000000170,0.390658,9195.268981,347.928184,203.576866
7,165,11dd74426e8374ac110c4036c77c09ab_000000000171,0.390658,9214.498283,344.367819,206.118836
7,166,11dd74426e8374ac110c4036c77c09ab_000000000172,0.390658,9223.349866,346.284413,206.861667
7,167,11dd74426e8374ac110c4036c77c09ab_000000000173,0.390658,9206.562381,338.974672,203.268469
7,168,11dd74426e8374ac110c4036c77c09ab_000000000174,0.390658,9205.341473,336.270826,204.418578
7,169,11dd74426e8374ac110c4036c77c09ab_000000000175,0.390658,8577.031667,330.858604,203.296128
7,170,11dd74426e8374ac110c4036c77c09ab_000000000176,0.390658,8464.250286,337.322102,205.093764
7,171,11dd74426e8374ac110c4036c77c09ab_000000000177,0.390658,8469.439145,336.638093,201.536308
7,172,11dd74426e8374ac110c4036c77c09ab_000000000178,0.390658,8457.840519,335.007030,204.093443
7,173,11dd74426e8374ac110c4036c77c09ab_000000000179,0.390658,8549.103396,339.784028,204.081044
7,174,11dd74426e8374ac110c4036c77c09ab_000000000180,0.383342,8224.246877,334.329081,202.395256
7,175,11dd74426e8374ac110c4036c77c09ab_000000000181,0.383342,8236.002939,334.932146,203.649352
7,176,11dd74426e8374ac110c4036c77c09ab_000000000182,0.381732,8149.799636,329.455155,197.854206
7,177,11dd74426e8374ac110c4036c77c09ab_000000000183,0.381732,8144.262295,331.840073,200.765893
7,178,11dd74426e8374ac110c4036c77c09ab_000000000184,0.376288,7954.123894,329.444858,198.701101
7,179,11dd74426e8374ac110c4036c77c09ab_000000000185,0.376288,7966.584071,324.825427,198.425063
7,180,11dd74426e8374ac110c4036c77c09ab_000000000186,0.376288,7932.035398,324.098596,199.472717
7,181,11dd74426e8374ac110c4036c77c09ab_000000000187,0.383342,8207.494489,333.349763,205.021347
7,182,11dd74426e8374ac110c4036c77c09ab_000000000188,0.383342,8207.788391,331.156498,203.323474
7,183,11dd74426e8374ac110c4036c77c09ab_000000000189,0.383342,8277.443057,328.654741,201.070594
7,184,11dd74426e8374ac110c4036c77c09ab_000000000190,0.383342,8285.672300,332.168432,203.310956
7,185,11dd74426e8374ac110c4036c77c09ab_000000000191,0.390658,8611.674933,340.562650,205.680419
7,186,11dd74426e8374ac110c4036c77c09ab_000000000192,0.390658,8608.622663,337.616431,205.629417
7,187,11dd74426e8374ac110c4036c77c09ab_000000000193,0.376288,7982.442478,326.331499,198.750595
7,188,11dd74426e8374ac110c4036c77c09ab_000000000194,0.383342,8315.356356,324.101647,199.768673
7,189,11dd74426e8374ac110c4036c77c09ab_000000000195,0.383342,8320.352682,325.543062,201.669073
7,190,11dd74426e8374ac110c4036c77c09ab_000000000196,0.383342,8216.605437,334.305122,205.164117
10,193,11dd74426e8374ac110c4036c77c09ab_000000000199,0.383342,8299.779574,333.687105,207.391425
10,194,11dd74426e8374ac110c4036c77c09ab_000000000200,0.383342,8281.851580,326.761524,201.648367
10,195,11dd74426e8374ac110c4036c77c09ab_000000000201,0.383342,8255.400441,335.867243,202.853867
10,196,11dd74426e8374ac110c4036c77c09ab_000000000202,0.383342,8266.568699,330.772806,201.891652
10,197,11dd74426e8374ac110c4036c77c09ab_000000000203,0.383342,8244.819985,335.668507,203.441490
10,198,11dd74426e8374ac110c4036c77c09ab_000000000204,0.383342,8233.651727,334.242394,204.228178
10,199,11dd74426e8374ac110c4036c77c09ab_000000000205,0.392232,8655.692308,345.663450,211.745528
10,200,11dd74426e8374ac110c4036c77c09ab_000000000206,0.390658,8581.152232,340.893698,208.417479
10,201,11dd74426e8374ac110c4036c77c09ab_000000000207,0.383342,8315.356356,325.926544,199.327868
10,202,11dd74426e8374ac110c4036c77c09ab_000000000208,0.383342,8310.653931,321.651316,197.785400
10,203,11dd74426e8374ac110c4036c77c09ab_000000000209,0.390658,8593.971767,333.401528,203.584162
10,204,11dd74426e8374ac110c4036c77c09ab_000000000210,0.383342,8291.844232,328.179214,201.884820
10,205,11dd74426e8374ac110c4036c77c09ab_000000000211,0.383342,8284.202792,328.006542,201.955269
36,225,11dd74426e8374ac110c4036c77c09ab_000000000231,0.383342,8258.633358,329.452145,201.861493
36,226,11dd74426e8374ac110c4036c77c09ab_000000000232,0.383342,8229.537105,329.136164,202.815121
36,227,11dd74426e8374ac110c4036c77c09ab_000000000233,0.376288,8015.008850,323.946877,197.991518
36,228,11dd74426e8374ac110c4036c77c09ab_000000000234,0.376288,8012.743363,323.397695,198.414774
36,229,11dd74426e8374ac110c4036c77c09ab_000000000235,0.376288,8052.389381,325.282443,200.179085
36,230,11dd74426e8374ac110c4036c77c09ab_000000000236,0.376288,8032.000000,324.803218,197.872964
36,231,11dd74426e8374ac110c4036c77c09ab_000000000237,0.376288,8040.778761,322.834962,195.934427
36,232,11dd74426e8374ac110c4036c77c09ab_000000000238,0.376288,8163.681416,326.706800,200.186664
36,233,11dd74426e8374ac110c4036c77c09ab_000000000239,0.376288,8171.327434,328.190341,200.977963
36,234,11dd74426e8374ac110c4036c77c09ab_000000000240,0.376288,8121.486726,326.639897,199.795907
36,235,11dd74426e8374ac110c4036c77c09ab_000000000241,0.376288,8112.424779,328.526070,199.904999
36,236,11dd74426e8374ac110c4036c77c09ab_000000000242,0.383342,8734.606907,318.434303,198.353393
36,237,11dd74426e8374ac110c4036c77c09ab_000000000243,0.383342,8627.479794,330.590494,200.539053
36,238,11dd74426e8374ac110c4036c77c09ab_000000000244,0.369484,8011.194539,317.911480,194.658553
36,239,11dd74426e8374ac110c4036c77c09ab_000000000245,0.376288,8308.672566,321.006941,195.766447
36,240,11dd74426e8374ac110c4036c77c09ab_000000000246,0.383342,8653.343130,328.324558,200.735263
36,241,11dd74426e8374ac110c4036c77c09ab_000000000247,0.383342,8667.450404,327.873855,201.701245
36,242,11dd74426e8374ac110c4036c77c09ab_000000000248,0.383342,8685.966201,322.021672,200.464369
36,243,11dd74426e8374ac110c4036c77c09ab_000000000249,0.383342,8701.542983,330.197794,202.359598
36,244,11dd74426e8374ac110c4036c77c09ab_000000000250,0.383342,8710.947832,328.145054,202.424151
36,245,11dd74426e8374ac110c4036c77c09ab_000000000251,0.376288,8269.592920,322.017274,198.648921
36,246,11dd74426e8374ac110c4036c77c09ab_000000000252,0.383342,8582.218957,324.172517,202.899047
36,247,11dd74426e8374ac110c4036c77c09ab_000000000253,0.376288,8399.008850,322.357918,199.783114
36,248,11dd74426e8374ac110c4036c77c09ab_000000000254,0.376288,8226.548673,323.062563,197.169444
36,249,11dd74426e8374ac110c4036c77c09ab_000000000255,0.376288,8225.132743,322.754876,194.858592
36,250,11dd74426e8374ac110c4036c77c09ab_000000000256,0.383342,8772.373255,334.168739,202.135265
36,251,11dd74426e8374ac110c4036c77c09ab_000000000257,0.383342,8784.129317,333.944054,204.436414
36,252,11dd74426e8374ac110c4036c77c09ab_000000000258,0.383342,8794.709772,338.568604,205.281104
36,253,11dd74426e8374ac110c4036c77c09ab_000000000259,0.376288,8471.504425,327.049028,198.011844
36,254,11dd74426e8374ac110c4036c77c09ab_000000000260,0.383342,8859.221161,330.870794,201.269050
36,255,11dd74426e8374ac110c4036c77c09ab_000000000261,0.384829,8900.407257,337.445686,204.724946
36,256,11dd74426e8374ac110c4036c77c09ab_000000000262,0.384829,9017.104776,329.627862,197.155838
36,257,11dd74426e8374ac110c4036c77c09ab_000000000263,0.383342,8864.070536,327.632559,201.897057
36,258,11dd74426e8374ac110c4036c77c09ab_000000000264,0.390658,9212.666921,335.718102,203.325027
36,259,11dd74426e8374ac110c4036c77c09ab_000000000265,0.390658,9263.639832,336.890719,208.747120
36,260,11dd74426e8374ac110c4036c77c09ab_000000000266,0.390658,9280.427318,338.864323,209.367561
36,261,11dd74426e8374ac110c4036c77c09ab_000000000267,0.383342,8946.656870,330.632796,201.998999
36,262,11dd74426e8374ac110c4036c77c09ab_000000000268,0.383342,8971.344600,325.534545,202.489290
36,263,11dd74426e8374ac110c4036c77c09ab_000000000269,0.383342,8989.860397,332.442298,204.165988
36,264,11dd74426e8374ac110c4036c77c09ab_000000000270,0.383342,8993.093314,335.042488,205.100617
36,265,11dd74426e8374ac110c4036c77c09ab_000000000271,0.383342,9001.910360,329.608532,201.978784
36,266,11dd74426e8374ac110c4036c77c09ab_000000000272,0.383342,9062.454078,330.839886,204.592568
36,267,11dd74426e8374ac110c4036c77c09ab_000000000273,0.383342,9062.747979,329.690259,202.515705
36,268,11dd74426e8374ac110c4036c77c09ab_000000000274,0.383342,9033.945628,330.929872,203.912291
36,269,11dd74426e8374ac110c4036c77c09ab_000000000275,0.383342,9035.415136,332.836683,203.076937
36,270,11dd74426e8374ac110c4036c77c09ab_000000000276,0.392232,9467.384615,337.884137,207.843722
36,271,11dd74426e8374ac110c4036c77c09ab_000000000277,0.392232,9475.076923,338.910611,206.451015
36,272,11dd74426e8374ac110c4036c77c09ab_000000000278,0.392232,9475.076923,338.971945,208.785352
36,273,11dd74426e8374ac110c4036c77c09ab_000000000279,0.383342,9050.991918,328.034571,200.245768
36,274,11dd74426e8374ac110c4036c77c09ab_000000000280,0.383342,9055.694342,332.862350,201.605456
36,275,11dd74426e8374ac110c4036c77c09ab_000000000281,0.383342,9048.640705,331.082282,203.546310
36,276,11dd74426e8374ac110c4036c77c09ab_000000000282,0.383342,9060.102866,336.444057,205.036859
36,277,11dd74426e8374ac110c4036c77c09ab_000000000283,0.392232,9523.384615,335.805718,205.537227
36,278,11dd74426e8374ac110c4036c77c09ab_000000000284,0.392232,9543.692308,335.749243,207.634271
36,279,11dd74426e8374ac110c4036c77c09ab_000000000285,0.392232,9552.000000,336.946888,205.373573
36,280,11dd74426e8374ac110c4036c77c09ab_000000000286,0.390658,9463.868752,335.507203,205.409195
36,281,11dd74426e8374ac110c4036c77c09ab_000000000287,0.390658,9471.804655,336.308690,206.675018
36,282,11dd74426e8374ac110c4036c77c09ab_000000000288,0.392232,9489.846154,338.634008,209.238105
36,283,11dd74426e8374ac110c4036c77c09ab_000000000289,0.392232,9501.538462,339.511288,208.300401
36,284,11dd74426e8374ac110c4036c77c09ab_000000000290,0.383342,9129.757531,331.944894,201.684375
36,285,11dd74426e8374ac110c4036c77c09ab_000000000291,0.383342,9252.314475,330.467003,202.843689
36,286,11dd74426e8374ac110c4036c77c09ab_000000000292,0.390658,9623.502480,337.127822,207.285134
36,287,11dd74426e8374ac110c4036c77c09ab_000000000293,0.383342,9322.263042,332.644334,200.202272
36,288,11dd74426e8374ac110c4036c77c09ab_000000000294,0.383342,9342.836150,331.477650,200.677168
36,289,11dd74426e8374ac110c4036c77c09ab_000000000295,0.398252,10136.082474,343.923158,210.421316
36,290,11dd74426e8374ac110c4036c77c09ab_000000000296,0.398252,10134.496431,345.116187,210.509576
36,291,11dd74426e8374ac110c4036c77c09ab_000000000297,0.398252,9666.931007,319.864502,199.574236
36,292,11dd74426e8374ac110c4036c77c09ab_000000000298,0.390658,9298.435712,337.255625,202.507779
36,293,11dd74426e8374ac110c4036c77c09ab_000000000299,0.390658,9291.110263,335.378661,201.761847
36,294,11dd74426e8374ac110c4036c77c09ab_000000000300,0.383342,9033.063924,321.929955,199.817363
36,295,11dd74426e8374ac110c4036c77c09ab_000000000301,0.383342,9053.049229,325.357661,200.452577
36,296,11dd74426e8374ac110c4036c77c09ab_000000000302,0.383342,9032.476120,325.142430,198.210506
36,297,11dd74426e8374ac110c4036c77c09ab_000000000303,0.383342,9034.827333,325.652725,199.788397
36,298,11dd74426e8374ac110c4036c77c09ab_000000000304,0.376288,8690.973451,319.933495,196.634754
36,299,11dd74426e8374ac110c4036c77c09ab_000000000305,0.376288,8678.513274,322.178501,197.053783
36,300,11dd74426e8374ac110c4036c77c09ab_000000000306,0.376288,8754.690265,315.988415,193.575987
36,301,11dd74426e8374ac110c4036c77c09ab_000000000307,0.383342,9030.712711,323.019077,197.751895
36,302,11dd74426e8374ac110c4036c77c09ab_000000000308,0.383342,9020.426157,329.259000,199.530161
36,303,11dd74426e8374ac110c4036c77c09ab_000000000309,0.384829,9110.995927,327.236164,201.891390
36,304,11dd74426e8374ac110c4036c77c09ab_000000000310,0.383342,9016.311536,328.584245,198.690478
36,305,11dd74426e8374ac110c4036c77c09ab_000000000311,0.383342,9018.956650,329.300202,198.233599
36,306,11dd74426e8374ac110c4036c77c09ab_000000000312,0.376288,8677.946903,320.707867,195.407889
36,307,11dd74426e8374ac110c4036c77c09ab_000000000313,0.390658,9325.906143,330.933712,199.854708
36,308,11dd74426e8374ac110c4036c77c09ab_000000000314,0.390658,9351.850439,332.250394,202.089343
36,309,11dd74426e8374ac110c4036c77c09ab_000000000315,0.390658,9350.629531,335.529855,200.093016
36,310,11dd74426e8374ac110c4036c77c09ab_000000000316,0.390658,9327.737505,326.695514,199.623864
36,311,11dd74426e8374ac110c4036c77c09ab_000000000317,0.398252,9695.796987,334.420202,203.610896
36,312,11dd74426e8374ac110c4036c77c09ab_000000000318,0.390658,9346.051126,326.887600,201.052683
42,319,11dd74426e8374ac110c4036c77c09ab_000000000325,0.390658,9445.249905,324.037854,197.816619
42,320,11dd74426e8374ac110c4036c77c09ab_000000000326,0.390658,9444.334224,325.436988,199.693857
42,321,11dd74426e8374ac110c4036c77c09ab_000000000327,0.383342,9122.116091,319.821810,195.047060
42,322,11dd74426e8374ac110c4036c77c09ab_000000000328,0.383342,9266.421749,323.044533,197.226345
42,323,11dd74426e8374ac110c4036c77c09ab_000000000329,0.383342,9263.482733,328.343135,197.701263
42,324,11dd74426e8374ac110c4036c77c09ab_000000000330,0.390658,9573.140023,332.355236,199.547230
42,325,11dd74426e8374ac110c4036c77c09ab_000000000331,0.390658,9568.103777,335.171028,201.790436
42,326,11dd74426e8374ac110c4036c77c09ab_000000000332,0.383342,9118.589273,329.772547,200.761258
42,327,11dd74426e8374ac110c4036c77c09ab_000000000333,0.390658,9478.824876,335.509349,201.192647
42,328,11dd74426e8374ac110c4036c77c09ab_000000000334,0.390658,9555.284243,334.869427,203.334851
42,329,11dd74426e8374ac110c4036c77c09ab_000000000335,0.390658,9553.758108,332.136206,202.039366
42,330,11dd74426e8374ac110c4036c77c09ab_000000000336,0.392232,9759.846154,341.987087,205.688839
42,331,11dd74426e8374ac110c4036c77c09ab_000000000337,0.390658,9661.350630,339.655271,205.517970
42,332,11dd74426e8374ac110c4036c77c09ab_000000000338,0.390658,9662.418924,342.179382,204.982747
42,334,11dd74426e8374ac110c4036c77c09ab_000000000374,0.383342,16448.346804,319.593710,177.441108
42,335,11dd74426e8374ac110c4036c77c09ab_000000000375,0.383342,16237.766348,313.678307,174.606313
42,336,11dd74426e8374ac110c4036c77c09ab_000000000376,0.383342,16427.773696,323.278132,176.824226
42,337,11dd74426e8374ac110c4036c77c09ab_000000000377,0.383342,16403.085966,325.986371,178.524334
42,338,11dd74426e8374ac110c4036c77c09ab_000000000378,0.376288,15695.433628,321.469607,172.868633
42,339,11dd74426e8374ac110c4036c77c09ab_000000000379,0.376288,15720.778761,323.264441,173.649413
42,340,11dd74426e8374ac110c4036c77c09ab_000000000380,0.383342,16381.778104,323.874482,177.676251
42,341,11dd74426e8374ac110c4036c77c09ab_000000000381,0.383342,16298.016165,320.878901,175.326354
42,342,11dd74426e8374ac110c4036c77c09ab_000000000382,0.383342,16226.304188,310.859727,172.594729
42,343,11dd74426e8374ac110c4036c77c09ab_000000000383,0.383342,16139.456282,310.001771,176.283152
42,344,11dd74426e8374ac110c4036c77c09ab_000000000384,0.383342,16130.198384,320.520945,178.359675
42,345,11dd74426e8374ac110c4036c77c09ab_000000000385,0.383342,16167.376929,321.912454,179.784256
42,346,11dd74426e8374ac110c4036c77c09ab_000000000386,0.383342,15928.728876,321.975884,178.527387
42,347,11dd74426e8374ac110c4036c77c09ab_000000000387,0.390658,16727.203357,322.480421,178.793928
42,348,11dd74426e8374ac110c4036c77c09ab_000000000388,0.390658,16755.436856,325.930031,180.886286
42,349,11dd74426e8374ac110c4036c77c09ab_000000000389,0.390658,16743.990843,329.492947,184.022708
42,350,11dd74426e8374ac110c4036c77c09ab_000000000390,0.383342,16132.843497,327.737753,177.199250
42,351,11dd74426e8374ac110c4036c77c09ab_000000000391,0.390658,16762.304464,331.758948,181.922719
42,352,11dd74426e8374ac110c4036c77c09ab_000000000392,0.390658,16748.569248,330.139712,187.231280
42,353,11dd74426e8374ac110c4036c77c09ab_000000000393,0.390658,16522.548646,333.976618,182.636640
42,354,11dd74426e8374ac110c4036c77c09ab_000000000394,0.343351,12985.204833,283.369864,160.308182
42,355,11dd74426e8374ac110c4036c77c09ab_000000000395,0.337676,12291.562144,283.184098,158.594120
42,356,11dd74426e8374ac110c4036c77c09ab_000000000396,0.337676,12274.344356,280.690749,154.242780
42,357,11dd74426e8374ac110c4036c77c09ab_000000000397,0.343351,13035.072207,280.777947,157.268341
42,358,11dd74426e8374ac110c4036c77c09ab_000000000398,0.343351,13017.388742,276.939665,156.011770
42,359,11dd74426e8374ac110c4036c77c09ab_000000000399,0.343351,12792.337165,281.408381,158.888172
42,360,11dd74426e8374ac110c4036c77c09ab_000000000400,0.343351,12785.263778,285.121595,161.985307
42,361,11dd74426e8374ac110c4036c77c09ab_000000000401,0.343351,13059.003831,278.739553,159.090758
42,362,11dd74426e8374ac110c4036c77c09ab_000000000402,0.343351,13031.063955,279.031938,160.816146
42,363,11dd74426e8374ac110c4036c77c09ab_000000000403,0.337676,12373.546180,282.974349,162.055536
42,364,11dd74426e8374ac110c4036c77c09ab_000000000404,0.337676,12684.378563,273.976285,159.823523
42,365,11dd74426e8374ac110c4036c77c09ab_000000000405,0.337676,12404.104903,281.197778,158.975902
42,366,11dd74426e8374ac110c4036c77c09ab_000000000406,0.338788,12706.111908,277.303459,156.934437
42,367,11dd74426e8374ac110c4036c77c09ab_000000000407,0.338788,12711.506456,276.638372,156.751220
42,368,11dd74426e8374ac110c4036c77c09ab_000000000408,0.338788,12568.378766,271.140752,146.675148
42,369,11dd74426e8374ac110c4036c77c09ab_000000000409,0.338788,10905.193687,284.672625,161.982910
42,370,11dd74426e8374ac110c4036c77c09ab_000000000410,0.333241,10449.416991,287.214663,163.340295
42,371,11dd74426e8374ac110c4036c77c09ab_000000000411,0.333241,10415.991116,284.964799,165.403798
42,372,11dd74426e8374ac110c4036c77c09ab_000000000412,0.339814,10823.672055,293.175318,165.324833
42,373,11dd74426e8374ac110c4036c77c09ab_000000000413,0.350446,11693.214615,299.780977,167.538709
42,374,11dd74426e8374ac110c4036c77c09ab_000000000414,0.338788,10964.476327,292.173407,159.200984
42,375,11dd74426e8374ac110c4036c77c09ab_000000000415,0.344520,11392.047478,295.432074,161.772059
42,376,11dd74426e8374ac110c4036c77c09ab_000000000416,0.344520,11385.637982,300.059592,160.694444
42,377,11dd74426e8374ac110c4036c77c09ab_000000000417,0.344520,11520.712166,298.197911,161.132896
42,378,11dd74426e8374ac110c4036c77c09ab_000000000418,0.344520,12566.884273,294.380892,158.210475
42,379,11dd74426e8374ac110c4036c77c09ab_000000000419,0.338788,12224.734577,292.454586,154.856111
42,380,11dd74426e8374ac110c4036c77c09ab_000000000420,0.338788,12286.599713,295.857214,158.922700
42,381,11dd74426e8374ac110c4036c77c09ab_000000000421,0.338788,12368.091822,295.469894,160.914974
42,382,11dd74426e8374ac110c4036c77c09ab_000000000422,0.344520,12917.032641,298.605221,161.000483
42,383,11dd74426e8374ac110c4036c77c09ab_000000000423,0.350446,13433.712005,307.226736,165.180450
42,384,11dd74426e8374ac110c4036c77c09ab_000000000424,0.338788,12549.784792,296.894278,161.181379
42,385,11dd74426e8374ac110c4036c77c09ab_000000000425,0.333241,12094.836202,291.278170,160.543515
42,386,11dd74426e8374ac110c4036c77c09ab_000000000426,0.350446,13365.919558,308.859634,168.355907
42,387,11dd74426e8374ac110c4036c77c09ab_000000000427,0.350446,13459.993859,305.639483,167.748177
42,388,11dd74426e8374ac110c4036c77c09ab_000000000428,0.350446,13476.082284,307.194031,166.012845
42,389,11dd74426e8374ac110c4036c77c09ab_000000000429,0.338788,12613.945481,291.843075,157.555604
42,390,11dd74426e8374ac110c4036c77c09ab_000000000430,0.338788,12643.328551,292.558886,157.060862
42,391,11dd74426e8374ac110c4036c77c09ab_000000000431,0.338788,12005.509326,297.336084,158.900388
42,392,11dd74426e8374ac110c4036c77c09ab_000000000432,0.338788,12003.328551,299.138628,158.212400
42,393,11dd74426e8374ac110c4036c77c09ab_000000000433,0.344520,12704.332344,302.192048,159.311546
42,394,11dd74426e8374ac110c4036c77c09ab_000000000434,0.344520,12737.804154,303.271871,163.407500
42,395,11dd74426e8374ac110c4036c77c09ab_000000000435,0.344520,12429.317507,299.151104,163.703857
42,396,11dd74426e8374ac110c4036c77c09ab_000000000436,0.338788,12321.721664,298.583423,163.266735
42,397,11dd74426e8374ac110c4036c77c09ab_000000000437,0.338788,12322.180775,291.346969,161.611130
42,398,11dd74426e8374ac110c4036c77c09ab_000000000438,0.344520,12685.341246,300.726196,160.113255
42,399,11dd74426e8374ac110c4036c77c09ab_000000000439,0.344520,12709.792285,296.613335,163.953289
42,400,11dd74426e8374ac110c4036c77c09ab_000000000440,0.338788,12080.114778,289.873268,162.670082
42,401,11dd74426e8374ac110c4036c77c09ab_000000000441,0.338788,12325.624103,293.970822,165.461178
42,402,11dd74426e8374ac110c4036c77c09ab_000000000442,0.338788,12120.057389,288.238982,163.170552
42,403,11dd74426e8374ac110c4036c77c09ab_000000000443,0.338788,12399.770445,287.496662,165.311656
42,404,11dd74426e8374ac110c4036c77c09ab_000000000444,0.338788,12156.556671,287.615788,163.512669
42,405,11dd74426e8374ac110c4036c77c09ab_000000000445,0.344520,12818.991098,292.346362,167.730955
42,406,11dd74426e8374ac110c4036c77c09ab_000000000446,0.344520,12590.979228,297.893470,170.618963
42,407,11dd74426e8374ac110c4036c77c09ab_000000000447,0.344520,12812.106825,289.058530,167.219337
42,408,11dd74426e8374ac110c4036c77c09ab_000000000448,0.344520,12584.569733,291.099935,167.615155
42,409,11dd74426e8374ac110c4036c77c09ab_000000000449,0.344520,13468.724036,278.580262,154.048536
42,410,11dd74426e8374ac110c4036c77c09ab_000000000450,0.344520,13395.370920,287.419008,157.179826
42,411,11dd74426e8374ac110c4036c77c09ab_000000000451,0.338788,12952.539455,278.318108,150.999860
42,412,11dd74426e8374ac110c4036c77c09ab_000000000452,0.338788,12969.870875,283.280540,157.044155
42,413,11dd74426e8374ac110c4036c77c09ab_000000000453,0.338788,12995.351506,286.252218,157.605480
42,414,11dd74426e8374ac110c4036c77c09ab_000000000454,0.338788,13018.536585,277.949564,153.531396
42,415,11dd74426e8374ac110c4036c77c09ab_000000000455,0.338788,13037.589670,277.653476,153.230479
42,416,11dd74426e8374ac110c4036c77c09ab_000000000456,0.338788,13029.440459,276.331862,152.669350
42,417,11dd74426e8374ac110c4036c77c09ab_000000000457,0.344520,13482.492582,280.974936,158.012508
42,418,11dd74426e8374ac110c4036c77c09ab_000000000458,0.338788,13061.463415,275.156524,155.274727
42,419,11dd74426e8374ac110c4036c77c09ab_000000000459,0.338788,13040.573888,288.175335,155.635290
42,420,11dd74426e8374ac110c4036c77c09ab_000000000460,0.344520,13489.258160,288.840176,156.777405
42,421,11dd74426e8374ac110c4036c77c09ab_000000000461,0.344520,13303.620178,293.185437,159.807709
42,422,11dd74426e8374ac110c4036c77c09ab_000000000462,0.344520,13509.554896,284.580583,159.311073
42,423,11dd74426e8374ac110c4036c77c09ab_000000000463,0.344520,13557.626113,291.471077,158.607502
42,424,11dd74426e8374ac110c4036c77c09ab_000000000464,0.344520,13491.394659,296.804941,157.593065
42,425,11dd74426e8374ac110c4036c77c09ab_000000000465,0.344520,13502.314540,292.961553,162.386135
42,426,11dd74426e8374ac110c4036c77c09ab_000000000466,0.344520,13532.581602,292.644621,156.478610
42,427,11dd74426e8374ac110c4036c77c09ab_000000000467,0.344520,13538.991098,292.108200,159.687819
42,428,11dd74426e8374ac110c4036c77c09ab_000000000468,0.344520,13646.290801,285.348563,162.725788
42,429,11dd74426e8374ac110c4036c77c09ab_000000000469,0.344520,13649.139466,289.109354,163.428097
42,430,11dd74426e8374ac110c4036c77c09ab_000000000470,0.338788,13129.411765,281.767820,163.354937
57,445,11dd74426e8374ac110c4036c77c09ab_000000000485,0.343351,13124.550545,294.965205,167.959903
57,446,11dd74426e8374ac110c4036c77c09ab_000000000486,0.343351,13107.810197,294.017197,167.983961
57,447,11dd74426e8374ac110c4036c77c09ab_000000000487,0.343351,13612.849985,280.243704,165.592083
57,448,11dd74426e8374ac110c4036c77c09ab_000000000488,0.343351,13393.692897,294.936872,162.918782
57,449,11dd74426e8374ac110c4036c77c09ab_000000000489,0.344520,13404.154303,296.765051,161.865338
57,450,11dd74426e8374ac110c4036c77c09ab_000000000490,0.344520,13394.658754,297.916937,164.187603
57,451,11dd74426e8374ac110c4036c77c09ab_000000000491,0.344520,13381.721068,290.383579,165.629168
57,452,11dd74426e8374ac110c4036c77c09ab_000000000492,0.344520,13363.323442,289.353845,163.668782
63,456,11dd74426e8374ac110c4036c77c09ab_000000000496,0.344520,13313.827893,296.802208,162.715053
63,457,11dd74426e8374ac110c4036c77c09ab_000000000497,0.344520,13336.735905,299.469949,166.276279
63,458,11dd74426e8374ac110c4036c77c09ab_000000000498,0.344520,13295.786350,295.645865,162.853606
63,459,11dd74426e8374ac110c4036c77c09ab_000000000499,0.344520,13315.727003,294.129524,165.402698
63,460,11dd74426e8374ac110c4036c77c09ab_000000000500,0.344520,13964.807122,285.051292,162.071159
63,461,11dd74426e8374ac110c4036c77c09ab_000000000501,0.344520,13778.872404,297.013180,158.146719
63,462,11dd74426e8374ac110c4036c77c09ab_000000000502,0.344520,13803.916914,295.693409,163.715653
63,463,11dd74426e8374ac110c4036c77c09ab_000000000503,0.344520,13800.949555,291.990739,162.602680
63,464,11dd74426e8374ac110c4036c77c09ab_000000000504,0.344520,13793.234421,290.818835,161.800635
63,465,11dd74426e8374ac110c4036c77c09ab_000000000505,0.338788,13319.598278,287.704104,162.388809
63,466,11dd74426e8374ac110c4036c77c09ab_000000000506,0.344520,13747.893175,293.657113,164.539956
63,467,11dd74426e8374ac110c4036c77c09ab_000000000507,0.333241,12903.609106,288.135814,163.012403
63,468,11dd74426e8374ac110c4036c77c09ab_000000000508,0.338788,13387.202296,293.512452,162.352344
63,469,11dd74426e8374ac110c4036c77c09ab_000000000509,0.338788,13371.248207,294.604168,162.695226
63,470,11dd74426e8374ac110c4036c77c09ab_000000000510,0.338788,13317.417504,292.963430,163.998406
63,471,11dd74426e8374ac110c4036c77c09ab_000000000511,0.338788,13372.740316,296.632288,162.838225
63,472,11dd74426e8374ac110c4036c77c09ab_000000000512,0.333241,13089.172682,305.845800,175.214093
67,474,11dd74426e8374ac110c4036c77c09ab_000000000514,0.338788,14046.944046,301.013213,170.814570
67,475,11dd74426e8374ac110c4036c77c09ab_000000000515,0.338788,14891.248207,329.335982,167.265893
67,476,11dd74426e8374ac110c4036c77c09ab_000000000516,0.344520,14683.679525,306.353294,171.320590
67,477,11dd74426e8374ac110c4036c77c09ab_000000000517,0.338788,14854.748924,307.088390,174.100150
67,478,11dd74426e8374ac110c4036c77c09ab_000000000518,0.338788,14853.601148,302.895677,175.888198
70,480,11dd74426e8374ac110c4036c77c09ab_000000000520,0.345599,15423.350254,310.325208,169.256266
70,481,11dd74426e8374ac110c4036c77c09ab_000000000521,0.344520,15330.563798,313.009453,175.561972
70,482,11dd74426e8374ac110c4036c77c09ab_000000000522,0.344520,15319.643917,311.907193,175.159983
70,483,11dd74426e8374ac110c4036c77c09ab_000000000523,0.351581,15925.339926,318.181914,179.611542
70,484,11dd74426e8374ac110c4036c77c09ab_000000000524,0.350446,15811.114523,310.673166,174.351862
70,485,11dd74426e8374ac110c4036c77c09ab_000000000525,0.350446,15829.290758,306.762284,177.018761
70,486,11dd74426e8374ac110c4036c77c09ab_000000000526,0.344520,15283.323442,302.504985,174.758813
70,487,11dd74426e8374ac110c4036c77c09ab_000000000527,0.344520,15322.017804,296.921394,170.323228
70,488,11dd74426e8374ac110c4036c77c09ab_000000000528,0.344520,15388.486647,290.261723,166.465477
70,489,11dd74426e8374ac110c4036c77c09ab_000000000529,0.344520,15400.474777,290.880489,165.292922
70,490,11dd74426e8374ac110c4036c77c09ab_000000000530,0.345599,15531.442222,292.138590,162.988805
70,491,11dd74426e8374ac110c4036c77c09ab_000000000531,0.344520,15524.985163,300.406089,162.622699
70,492,11dd74426e8374ac110c4036c77c09ab_000000000532,0.344520,15523.679525,304.413074,160.599902
70,493,11dd74426e8374ac110c4036c77c09ab_000000000533,0.345599,15584.711854,301.633238,159.835836
70,494,11dd74426e8374ac110c4036c77c09ab_000000000534,0.345599,15596.177964,301.380915,160.184547
70,495,11dd74426e8374ac110c4036c77c09ab_000000000535,0.327869,14045.794141,290.159412,157.156352
70,496,11dd74426e8374ac110c4036c77c09ab_000000000536,0.345599,15637.145417,305.201720,162.935859
70,497,11dd74426e8374ac110c4036c77c09ab_000000000537,0.345599,15593.191998,312.801628,164.330827
70,498,11dd74426e8374ac110c4036c77c09ab_000000000538,0.338788,15011.420373,298.069016,158.402079
70,499,11dd74426e8374ac110c4036c77c09ab_000000000539,0.338788,15022.783357,301.323983,158.843575
70,500,11dd74426e8374ac110c4036c77c09ab_000000000540,0.344520,15334.124629,293.698958,164.672947
70,501,11dd74426e8374ac110c4036c77c09ab_000000000541,0.338788,14844.533716,294.099273,164.694066
70,502,11dd74426e8374ac110c4036c77c09ab_000000000542,0.338788,14880.229555,299.240798,162.699238
70,503,11dd74426e8374ac110c4036c77c09ab_000000000543,0.338788,14863.701578,298.875707,167.113175
70,504,11dd74426e8374ac110c4036c77c09ab_000000000553,0.345599,16859.480442,320.311001,171.540090
70,505,11dd74426e8374ac110c4036c77c09ab_000000000554,0.338788,15931.592539,324.116419,175.021024
70,506,11dd74426e8374ac110c4036c77c09ab_000000000555,0.333241,15418.767351,322.357958,173.716848
73,508,11dd74426e8374ac110c4036c77c09ab_000000000557,0.345599,16830.098537,335.733186,183.278442
73,509,11dd74426e8374ac110c4036c77c09ab_000000000558,0.345599,16933.293520,331.086141,181.252984
73,510,11dd74426e8374ac110c4036c77c09ab_000000000559,0.345599,16958.375635,326.803448,179.089278
73,511,11dd74426e8374ac110c4036c77c09ab_000000000560,0.345599,16829.620782,334.235640,179.012834
73,512,11dd74426e8374ac110c4036c77c09ab_000000000561,0.351581,17444.499382,334.113477,176.512116
73,513,11dd74426e8374ac110c4036c77c09ab_000000000562,0.344520,16721.424332,326.161939,172.502187
73,514,11dd74426e8374ac110c4036c77c09ab_000000000563,0.345599,16847.058824,331.305579,176.069463
73,515,11dd74426e8374ac110c4036c77c09ab_000000000564,0.345599,16845.147805,332.351952,170.417663
73,516,11dd74426e8374ac110c4036c77c09ab_000000000565,0.345599,16842.520155,331.026952,178.414343
73,517,11dd74426e8374ac110c4036c77c09ab_000000000566,0.345599,16846.103314,331.246158,171.949888
73,518,11dd74426e8374ac110c4036c77c09ab_000000000567,0.345599,16955.031353,331.306170,175.824935
76,521,11dd74426e8374ac110c4036c77c09ab_000000000570,0.351581,17561.186650,333.980325,180.299844
76,522,11dd74426e8374ac110c4036c77c09ab_000000000571,0.351581,17560.692213,332.848351,177.092813
76,523,11dd74426e8374ac110c4036c77c09ab_000000000572,0.345599,17000.179158,341.521420,175.181978
76,524,11dd74426e8374ac110c4036c77c09ab_000000000573,0.345599,17025.977904,337.732551,172.870247
76,525,11dd74426e8374ac110c4036c77c09ab_000000000574,0.344520,16887.359050,332.203685,178.229798
76,526,11dd74426e8374ac110c4036c77c09ab_000000000575,0.338788,16157.015782,325.164442,172.927676
76,527,11dd74426e8374ac110c4036c77c09ab_000000000576,0.338788,16148.292683,323.562703,170.739519
76,528,11dd74426e8374ac110c4036c77c09ab_000000000577,0.338788,16112.941176,325.407801,177.832096
79,530,11dd74426e8374ac110c4036c77c09ab_000000000579,0.338788,16218.766141,330.378029,179.242832
79,531,11dd74426e8374ac110c4036c77c09ab_000000000580,0.338788,16197.876614,331.799311,177.610365
79,532,11dd74426e8374ac110c4036c77c09ab_000000000581,0.338788,16139.340029,327.623119,182.064367
79,533,11dd74426e8374ac110c4036c77c09ab_000000000582,0.338788,16132.453372,325.523495,175.200013
79,534,11dd74426e8374ac110c4036c77c09ab_000000000583,0.338788,16136.126255,324.367305,179.321532
79,535,11dd74426e8374ac110c4036c77c09ab_000000000584,0.338788,16328.034433,330.964912,175.143996
79,536,11dd74426e8374ac110c4036c77c09ab_000000000585,0.339814,16404.387991,330.295001,176.267724
79,538,11dd74426e8374ac110c4036c77c09ab_000000000593,0.339814,15789.607390,330.012203,176.069506
79,539,11dd74426e8374ac110c4036c77c09ab_000000000594,0.339814,15754.734411,326.187286,176.781344
79,540,11dd74426e8374ac110c4036c77c09ab_000000000595,0.344520,16156.439169,328.193482,179.116438
79,541,11dd74426e8374ac110c4036c77c09ab_000000000596,0.344520,16151.454006,333.213211,176.910952
79,542,11dd74426e8374ac110c4036c77c09ab_000000000597,0.338788,15733.027260,323.640452,175.690867
79,543,11dd74426e8374ac110c4036c77c09ab_000000000598,0.333241,15323.709051,309.437210,171.093594
79,544,11dd74426e8374ac110c4036c77c09ab_000000000599,0.333241,15306.718490,308.801258,166.880693
79,545,11dd74426e8374ac110c4036c77c09ab_000000000600,0.339814,15585.450346,320.389897,175.763375
79,546,11dd74426e8374ac110c4036c77c09ab_000000000601,0.339814,15556.120092,318.948032,175.958793
79,547,11dd74426e8374ac110c4036c77c09ab_000000000602,0.345599,16191.579576,329.479456,181.518384
79,548,11dd74426e8374ac110c4036c77c09ab_000000000603,0.345599,16215.945058,327.961618,181.644440
79,549,11dd74426e8374ac110c4036c77c09ab_000000000604,0.343351,15972.885352,323.917679,176.272685
79,550,11dd74426e8374ac110c4036c77c09ab_000000000605,0.322665,14155.960437,304.513728,167.626936
79,551,11dd74426e8374ac110c4036c77c09ab_000000000606,0.322665,14166.996356,310.499073,172.460603
79,552,11dd74426e8374ac110c4036c77c09ab_000000000607,0.307984,12901.304245,298.532035,161.573809
79,553,11dd74426e8374ac110c4036c77c09ab_000000000608,0.307984,12901.114536,294.994223,161.084031
79,554,11dd74426e8374ac110c4036c77c09ab_000000000609,0.333241,15048.084398,316.149050,172.506816
79,555,11dd74426e8374ac110c4036c77c09ab_000000000610,0.322665,14112.024987,312.164132,169.798876
79,556,11dd74426e8374ac110c4036c77c09ab_000000000611,0.344520,16095.192878,324.969407,177.678805
79,557,11dd74426e8374ac110c4036c77c09ab_000000000612,0.339814,15676.674365,324.461627,174.883476
79,558,11dd74426e8374ac110c4036c77c09ab_000000000613,0.338788,15521.377331,325.297588,173.997752
79,559,11dd74426e8374ac110c4036c77c09ab_000000000614,0.338788,15484.648494,329.673922,175.994172
79,560,11dd74426e8374ac110c4036c77c09ab_000000000615,0.338788,15520.459110,325.998262,174.684076
79,561,11dd74426e8374ac110c4036c77c09ab_000000000616,0.339814,15684.295612,323.455086,175.623127
79,562,11dd74426e8374ac110c4036c77c09ab_000000000617,0.339814,15699.076212,327.179993,175.817176
79,563,11dd74426e8374ac110c4036c77c09ab_000000000618,0.338788,15693.543759,317.856545,179.270106
79,564,11dd74426e8374ac110c4036c77c09ab_000000000619,0.338788,15680.344333,317.623463,171.071122
79,565,11dd74426e8374ac110c4036c77c09ab_000000000620,0.337676,15540.478905,315.037040,171.484640
79,566,11dd74426e8374ac110c4036c77c09ab_000000000621,0.338788,15697.216643,327.765839,175.751930
79,567,11dd74426e8374ac110c4036c77c09ab_000000000622,0.338788,15708.694405,329.035034,174.617410
79,568,11dd74426e8374ac110c4036c77c09ab_000000000623,0.338788,15751.162123,320.154637,172.131748
79,569,11dd74426e8374ac110c4036c77c09ab_000000000624,0.338788,15747.489240,314.282062,174.603701
79,570,11dd74426e8374ac110c4036c77c09ab_000000000625,0.338788,15921.262554,322.869121,178.566992
79,571,11dd74426e8374ac110c4036c77c09ab_000000000626,0.338788,15891.879484,315.066648,171.973024
79,572,11dd74426e8374ac110c4036c77c09ab_000000000627,0.338788,15923.328551,323.521905,175.573251
79,573,11dd74426e8374ac110c4036c77c09ab_000000000628,0.344520,16447.952522,332.767820,176.471490
79,574,11dd74426e8374ac110c4036c77c09ab_000000000629,0.344520,16410.682493,339.551471,181.747213
79,575,11dd74426e8374ac110c4036c77c09ab_000000000630,0.344520,16371.750742,326.937867,173.895535
79,576,11dd74426e8374ac110c4036c77c09ab_000000000631,0.344520,16357.270030,323.098453,176.868118
79,577,11dd74426e8374ac110c4036c77c09ab_000000000632,0.344520,16379.109792,327.486315,176.192955
79,578,11dd74426e8374ac110c4036c77c09ab_000000000633,0.344520,16380.296736,329.633029,178.637655
139,591,11dd74426e8374ac110c4036c77c09ab_000000000646,0.344520,16088.308605,329.844170,179.643606
139,592,11dd74426e8374ac110c4036c77c09ab_000000000647,0.338788,17071.793400,305.062463,174.231041
139,593,11dd74426e8374ac110c4036c77c09ab_000000000648,0.344520,17624.213650,322.891686,186.506701
139,594,11dd74426e8374ac110c4036c77c09ab_000000000649,0.344520,17605.459941,327.321478,190.233048
139,595,11dd74426e8374ac110c4036c77c09ab_000000000650,0.350446,18193.675161,342.710121,193.551347
139,596,11dd74426e8374ac110c4036c77c09ab_000000000651,0.345599,17817.378322,334.024049,189.916815
139,597,11dd74426e8374ac110c4036c77c09ab_000000000652,0.345599,17796.118244,338.763062,193.557500
139,598,11dd74426e8374ac110c4036c77c09ab_000000000653,0.344520,17748.842730,340.079039,192.276725
139,599,11dd74426e8374ac110c4036c77c09ab_000000000654,0.344520,17733.649852,333.840746,187.628832
139,600,11dd74426e8374ac110c4036c77c09ab_000000000655,0.344520,17719.881306,335.695971,191.878373
139,601,11dd74426e8374ac110c4036c77c09ab_000000000656,0.344520,17706.350148,334.324450,191.277334
139,602,11dd74426e8374ac110c4036c77c09ab_000000000657,0.343351,17617.211907,331.327698,190.332757
181,639,11dd74426e8374ac110c4036c77c09ab_000000000694,0.344520,17495.786350,328.403761,186.254345
181,640,11dd74426e8374ac110c4036c77c09ab_000000000695,0.333241,16405.774570,324.857671,182.197566
181,641,11dd74426e8374ac110c4036c77c09ab_000000000696,0.333241,16419.766796,324.776638,182.317975
181,642,11dd74426e8374ac110c4036c77c09ab_000000000697,0.333241,16425.097168,334.263628,181.467137
181,643,11dd74426e8374ac110c4036c77c09ab_000000000698,0.333241,16436.868406,324.679660,179.847042
181,644,11dd74426e8374ac110c4036c77c09ab_000000000699,0.344520,16357.388724,319.928250,160.093867
181,645,11dd74426e8374ac110c4036c77c09ab_000000000700,0.344520,16278.813056,323.896796,176.763778
181,646,11dd74426e8374ac110c4036c77c09ab_000000000701,0.333241,15192.337590,308.921423,166.318319
181,647,11dd74426e8374ac110c4036c77c09ab_000000000702,0.333241,15134.591893,313.822527,165.097131
181,648,11dd74426e8374ac110c4036c77c09ab_000000000703,0.343351,16055.879752,326.906700,171.070786
181,649,11dd74426e8374ac110c4036c77c09ab_000000000704,0.344520,16172.344214,330.306572,172.535506
181,650,11dd74426e8374ac110c4036c77c09ab_000000000705,0.344520,16197.982196,330.446008,169.774968
181,651,11dd74426e8374ac110c4036c77c09ab_000000000706,0.338788,15656.814921,326.949367,171.611851
181,652,11dd74426e8374ac110c4036c77c09ab_000000000707,0.343351,16070.262305,324.959173,170.174436
181,653,11dd74426e8374ac110c4036c77c09ab_000000000708,0.332182,15025.434483,317.825797,166.331064
181,654,11dd74426e8374ac110c4036c77c09ab_000000000709,0.332182,15031.393103,316.021038,167.129322
181,655,11dd74426e8374ac110c4036c77c09ab_000000000710,0.344520,16159.525223,325.517939,174.035802
181,656,11dd74426e8374ac110c4036c77c09ab_000000000711,0.344520,16094.243323,325.340969,172.177412
181,657,11dd74426e8374ac110c4036c77c09ab_000000000712,0.338788,15576.241033,321.148111,167.991774
181,658,11dd74426e8374ac110c4036c77c09ab_000000000713,0.338788,15550.416069,316.986766,167.405469
181,659,11dd74426e8374ac110c4036c77c09ab_000000000714,0.343351,15978.897731,321.965772,168.930313
181,660,11dd74426e8374ac110c4036c77c09ab_000000000715,0.337676,15488.939567,316.727687,165.497414
181,661,11dd74426e8374ac110c4036c77c09ab_000000000716,0.337676,15474.800456,314.178691,165.236737
181,662,11dd74426e8374ac110c4036c77c09ab_000000000717,0.343351,16017.211907,321.246902,170.914513
181,663,11dd74426e8374ac110c4036c77c09ab_000000000718,0.344520,16134.836795,320.953358,168.926452
181,664,11dd74426e8374ac110c4036c77c09ab_000000000719,0.344520,16139.347181,320.769911,170.038468
181,665,11dd74426e8374ac110c4036c77c09ab_000000000720,0.344520,16099.703264,318.165169,169.177735
181,666,11dd74426e8374ac110c4036c77c09ab_000000000721,0.344520,16088.308605,324.218859,171.191363
181,667,11dd74426e8374ac110c4036c77c09ab_000000000722,0.344520,16063.738872,321.445158,165.788990
181,668,11dd74426e8374ac110c4036c77c09ab_000000000723,0.344520,16071.454006,330.110025,171.012384
181,669,11dd74426e8374ac110c4036c77c09ab_000000000724,0.344520,16070.148368,321.653397,168.491659
181,670,11dd74426e8374ac110c4036c77c09ab_000000000725,0.344520,16065.519288,317.720998,169.925275
181,671,11dd74426e8374ac110c4036c77c09ab_000000000726,0.344520,16067.299703,322.648940,172.420326
181,672,11dd74426e8374ac110c4036c77c09ab_000000000727,0.344520,16039.881306,327.790000,170.364642
181,673,11dd74426e8374ac110c4036c77c09ab_000000000728,0.344520,16022.433234,324.872363,170.399843
181,674,11dd74426e8374ac110c4036c77c09ab_000000000729,0.344520,16054.005935,323.925962,172.805377
181,675,11dd74426e8374ac110c4036c77c09ab_000000000730,0.344520,16050.326409,329.955722,174.033783
181,676,11dd74426e8374ac110c4036c77c09ab_000000000731,0.344520,15948.486647,326.569522,172.805577
181,677,11dd74426e8374ac110c4036c77c09ab_000000000732,0.344520,15903.857567,334.568205,175.133961
181,678,11dd74426e8374ac110c4036c77c09ab_000000000733,0.344520,15905.281899,330.764685,171.543842
181,679,11dd74426e8374ac110c4036c77c09ab_000000000734,0.343351,15773.651636,320.667246,170.070261
181,680,11dd74426e8374ac110c4036c77c09ab_000000000735,0.344520,15887.477745,324.958872,173.411663
181,681,11dd74426e8374ac110c4036c77c09ab_000000000736,0.344520,15926.884273,320.248820,169.699594
181,682,11dd74426e8374ac110c4036c77c09ab_000000000737,0.344520,15917.151335,321.996277,173.278904
181,683,11dd74426e8374ac110c4036c77c09ab_000000000738,0.343351,15725.552608,325.077263,173.269266
181,684,11dd74426e8374ac110c4036c77c09ab_000000000739,0.343351,15648.452697,323.561985,175.895741
181,685,11dd74426e8374ac110c4036c77c09ab_000000000740,0.343351,15657.176540,326.675299,174.396892
181,686,11dd74426e8374ac110c4036c77c09ab_000000000741,0.343351,15684.055408,327.365647,172.955474
181,687,11dd74426e8374ac110c4036c77c09ab_000000000742,0.343351,15703.978780,323.770564,171.075784
187,693,11dd74426e8374ac110c4036c77c09ab_000000000748,0.343351,15560.742706,327.493355,173.714350
187,694,11dd74426e8374ac110c4036c77c09ab_000000000749,0.343351,15585.853227,324.934005,174.225049
187,695,11dd74426e8374ac110c4036c77c09ab_000000000750,0.343351,15588.093133,332.898993,183.817559
187,696,11dd74426e8374ac110c4036c77c09ab_000000000751,0.343351,15591.158267,325.554777,177.667631
187,697,11dd74426e8374ac110c4036c77c09ab_000000000752,0.343351,15662.599469,326.660461,174.339482
187,698,11dd74426e8374ac110c4036c77c09ab_000000000753,0.343351,15661.774241,319.242248,178.836227
187,699,11dd74426e8374ac110c4036c77c09ab_000000000754,0.344520,15799.643917,322.827530,176.145758
187,700,11dd74426e8374ac110c4036c77c09ab_000000000755,0.337676,15137.514253,316.894485,173.480554
187,701,11dd74426e8374ac110c4036c77c09ab_000000000756,0.343351,15680.754495,323.643987,177.372501
187,702,11dd74426e8374ac110c4036c77c09ab_000000000757,0.338788,15189.210904,321.866651,177.153816
187,703,11dd74426e8374ac110c4036c77c09ab_000000000758,0.338788,15177.159254,317.150102,174.598552
187,704,11dd74426e8374ac110c4036c77c09ab_000000000759,0.338788,15212.855093,320.828864,174.483603
187,705,11dd74426e8374ac110c4036c77c09ab_000000000760,0.338788,15200.000000,327.719706,180.375346
194,708,11dd74426e8374ac110c4036c77c09ab_000000000763,0.338788,15184.619799,300.372918,158.635710
194,709,11dd74426e8374ac110c4036c77c09ab_000000000764,0.338788,15126.771879,312.812394,172.124697
194,710,11dd74426e8374ac110c4036c77c09ab_000000000765,0.338788,15105.078910,310.344329,171.725219
194,711,11dd74426e8374ac110c4036c77c09ab_000000000766,0.338788,15131.133429,315.656384,174.423616
194,712,11dd74426e8374ac110c4036c77c09ab_000000000767,0.344520,15664.925816,319.882473,171.702782
194,713,11dd74426e8374ac110c4036c77c09ab_000000000768,0.344520,15678.100890,318.563920,174.333672
194,714,11dd74426e8374ac110c4036c77c09ab_000000000769,0.338788,15145.710187,316.795743,170.067928
194,715,11dd74426e8374ac110c4036c77c09ab_000000000770,0.338788,15120.459110,318.937364,168.636886
194,716,11dd74426e8374ac110c4036c77c09ab_000000000771,0.344520,15593.353116,316.093820,170.861951
194,717,11dd74426e8374ac110c4036c77c09ab_000000000772,0.344520,15627.537092,309.768429,168.333750
194,718,11dd74426e8374ac110c4036c77c09ab_000000000773,0.338788,15646.484935,292.971040,169.598517
194,719,11dd74426e8374ac110c4036c77c09ab_000000000774,0.338788,15821.635581,292.991925,175.394159
194,720,11dd74426e8374ac110c4036c77c09ab_000000000775,0.338788,15996.556671,304.574131,173.591595
194,721,11dd74426e8374ac110c4036c77c09ab_000000000776,0.338788,16057.847920,305.986852,172.603527
194,722,11dd74426e8374ac110c4036c77c09ab_000000000777,0.338788,16048.665710,303.422697,169.555899
194,723,11dd74426e8374ac110c4036c77c09ab_000000000778,0.338788,16109.268293,302.644976,168.938692
194,724,11dd74426e8374ac110c4036c77c09ab_000000000779,0.338788,16156.556671,307.553149,170.109057
194,725,11dd74426e8374ac110c4036c77c09ab_000000000780,0.338788,16162.065997,309.834761,164.903400
194,726,11dd74426e8374ac110c4036c77c09ab_000000000781,0.338788,16156.327116,317.918993,169.075456
194,727,11dd74426e8374ac110c4036c77c09ab_000000000782,0.338788,16144.849354,317.857600,170.783180
194,728,11dd74426e8374ac110c4036c77c09ab_000000000783,0.338788,16138.192253,318.995717,168.251210
194,729,11dd74426e8374ac110c4036c77c09ab_000000000784,0.338788,16126.944046,316.196990,173.037600
194,730,11dd74426e8374ac110c4036c77c09ab_000000000785,0.344520,16630.267062,321.694065,175.959283
194,731,11dd74426e8374ac110c4036c77c09ab_000000000786,0.344520,16631.691395,328.330984,175.061446
194,732,11dd74426e8374ac110c4036c77c09ab_000000000787,0.338788,16055.781923,316.579719,169.618099
194,733,11dd74426e8374ac110c4036c77c09ab_000000000788,0.338788,16083.558106,322.740173,173.354263
194,734,11dd74426e8374ac110c4036c77c09ab_000000000789,0.344520,16552.166172,335.465947,174.031827
194,735,11dd74426e8374ac110c4036c77c09ab_000000000790,0.344520,16479.287834,331.474144,169.431909
194,736,11dd74426e8374ac110c4036c77c09ab_000000000791,0.344520,16338.278932,330.383240,170.044714
194,737,11dd74426e8374ac110c4036c77c09ab_000000000792,0.344520,16204.154303,325.412821,169.092036
197,739,11dd74426e8374ac110c4036c77c09ab_000000000794,0.345599,16278.530905,315.395814,171.229338
197,740,11dd74426e8374ac110c4036c77c09ab_000000000795,0.345599,16249.865632,319.421797,171.411049
197,741,11dd74426e8374ac110c4036c77c09ab_000000000796,0.345599,16321.051060,317.698886,172.571487
197,742,11dd74426e8374ac110c4036c77c09ab_000000000797,0.344520,15411.275964,310.804240,172.057553
197,743,11dd74426e8374ac110c4036c77c09ab_000000000798,0.344520,15200.000000,313.010504,169.992312
197,744,11dd74426e8374ac110c4036c77c09ab_000000000799,0.345599,15293.162138,308.887884,163.398265
197,745,11dd74426e8374ac110c4036c77c09ab_000000000800,0.338788,14724.591105,297.096509,160.270389
197,746,11dd74426e8374ac110c4036c77c09ab_000000000801,0.343351,15092.720307,304.091873,164.836383
197,747,11dd74426e8374ac110c4036c77c09ab_000000000802,0.343351,15103.801945,299.348104,162.388374
197,748,11dd74426e8374ac110c4036c77c09ab_000000000803,0.338788,14516.843615,303.381692,163.616742
197,749,11dd74426e8374ac110c4036c77c09ab_000000000804,0.338788,14487.460545,301.465772,165.733756
197,750,11dd74426e8374ac110c4036c77c09ab_000000000805,0.345599,15057.390266,304.169353,165.002355
197,751,11dd74426e8374ac110c4036c77c09ab_000000000806,0.345599,15023.230815,300.964737,161.726421
197,752,11dd74426e8374ac110c4036c77c09ab_000000000807,0.344520,15225.400593,302.311886,167.160984
197,753,11dd74426e8374ac110c4036c77c09ab_000000000808,0.344520,14855.548961,295.424084,161.304998
197,754,11dd74426e8374ac110c4036c77c09ab_000000000809,0.344520,14831.335312,297.878077,161.542424
197,755,11dd74426e8374ac110c4036c77c09ab_000000000810,0.344520,14779.109792,298.601877,163.885937
197,756,11dd74426e8374ac110c4036c77c09ab_000000000811,0.344520,14768.902077,304.147366,166.613944
197,757,11dd74426e8374ac110c4036c77c09ab_000000000812,0.339814,14338.799076,300.478370,164.079422
197,758,11dd74426e8374ac110c4036c77c09ab_000000000813,0.338788,14203.041607,294.170240,164.244877
197,759,11dd74426e8374ac110c4036c77c09ab_000000000814,0.345599,15057.629143,298.811114,164.543715
197,760,11dd74426e8374ac110c4036c77c09ab_000000000815,0.339814,14586.836028,287.686134,158.693765
197,761,11dd74426e8374ac110c4036c77c09ab_000000000816,0.345599,15110.659898,288.088265,163.704060
197,762,11dd74426e8374ac110c4036c77c09ab_000000000817,0.344520,15077.744807,296.034060,164.521515
197,763,11dd74426e8374ac110c4036c77c09ab_000000000818,0.344520,15156.557864,293.123026,164.199925
197,764,11dd74426e8374ac110c4036c77c09ab_000000000819,0.344520,15146.824926,294.948833,161.843658
200,766,11dd74426e8374ac110c4036c77c09ab_000000000821,0.339814,14727.020785,292.413972,161.205917
200,767,11dd74426e8374ac110c4036c77c09ab_000000000822,0.338788,14669.038737,295.068410,165.546320
200,768,11dd74426e8374ac110c4036c77c09ab_000000000823,0.344520,15240.830861,286.342529,162.985335
200,769,11dd74426e8374ac110c4036c77c09ab_000000000824,0.344520,15225.163205,307.883575,165.267268
200,770,11dd74426e8374ac110c4036c77c09ab_000000000825,0.344520,15156.083086,306.915453,164.021398
200,771,11dd74426e8374ac110c4036c77c09ab_000000000826,0.322665,12813.534617,296.360007,153.592385
200,772,11dd74426e8374ac110c4036c77c09ab_000000000827,0.344520,15115.727003,296.433821,159.144890
200,773,11dd74426e8374ac110c4036c77c09ab_000000000828,0.344520,14573.531157,313.185708,164.570015
200,774,11dd74426e8374ac110c4036c77c09ab_000000000829,0.338788,14015.265423,302.062684,159.849809
200,775,11dd74426e8374ac110c4036c77c09ab_000000000830,0.333241,13551.360355,301.211976,159.154232
200,776,11dd74426e8374ac110c4036c77c09ab_000000000831,0.338788,13914.031564,296.452927,159.219502
203,778,11dd74426e8374ac110c4036c77c09ab_000000000833,0.338788,14024.218077,293.681329,154.451918
203,779,11dd74426e8374ac110c4036c77c09ab_000000000834,0.338788,14023.299857,294.423587,160.208489
203,780,11dd74426e8374ac110c4036c77c09ab_000000000835,0.338788,13975.093257,289.518206,155.953431
203,781,11dd74426e8374ac110c4036c77c09ab_000000000836,0.333241,13534.702943,287.333058,156.154536
203,782,11dd74426e8374ac110c4036c77c09ab_000000000837,0.344520,14310.504451,307.031463,163.576691
203,783,11dd74426e8374ac110c4036c77c09ab_000000000838,0.344520,14253.056380,298.052041,164.609968
203,784,11dd74426e8374ac110c4036c77c09ab_000000000839,0.344520,14269.673591,296.614765,164.273196
203,785,11dd74426e8374ac110c4036c77c09ab_000000000840,0.344520,14264.688427,292.303633,160.799846
203,786,11dd74426e8374ac110c4036c77c09ab_000000000841,0.344520,14282.017804,297.222429,164.195435
203,787,11dd74426e8374ac110c4036c77c09ab_000000000842,0.343351,14333.274388,300.094406,161.414631
203,788,11dd74426e8374ac110c4036c77c09ab_000000000843,0.343351,14332.331270,296.133570,156.919081
203,789,11dd74426e8374ac110c4036c77c09ab_000000000844,0.343351,14392.690834,295.963299,160.114722
203,790,11dd74426e8374ac110c4036c77c09ab_000000000845,0.344520,14551.216617,302.495880,162.903000
203,791,11dd74426e8374ac110c4036c77c09ab_000000000846,0.343351,14453.521957,304.159206,160.248865
203,792,11dd74426e8374ac110c4036c77c09ab_000000000847,0.344520,14522.967359,307.270992,163.842399
203,793,11dd74426e8374ac110c4036c77c09ab_000000000848,0.343351,14428.057766,301.877634,162.746006
203,794,11dd74426e8374ac110c4036c77c09ab_000000000849,0.344520,15656.023739,303.400772,165.452145
203,795,11dd74426e8374ac110c4036c77c09ab_000000000850,0.344520,15581.721068,306.422707,167.296698
203,796,11dd74426e8374ac110c4036c77c09ab_000000000851,0.344520,15576.379822,304.817797,166.895045
203,797,11dd74426e8374ac110c4036c77c09ab_000000000852,0.344520,15580.296736,303.984863,167.177638
203,798,11dd74426e8374ac110c4036c77c09ab_000000000853,0.344520,15579.109792,307.731649,167.505736
203,799,11dd74426e8374ac110c4036c77c09ab_000000000854,0.345599,15682.173783,308.643746,167.800127
203,800,11dd74426e8374ac110c4036c77c09ab_000000000855,0.344520,15589.198813,303.795654,165.585388
203,801,11dd74426e8374ac110c4036c77c09ab_000000000856,0.344520,15571.988131,303.336784,166.341518
203,802,11dd74426e8374ac110c4036c77c09ab_000000000857,0.344520,15574.836795,302.238015,164.203552
203,803,11dd74426e8374ac110c4036c77c09ab_000000000858,0.339814,15135.334873,304.324588,167.600231
203,804,11dd74426e8374ac110c4036c77c09ab_000000000859,0.338788,15033.572453,303.504251,169.864942
203,805,11dd74426e8374ac110c4036c77c09ab_000000000860,0.338788,15025.767575,306.040470,174.574007
203,806,11dd74426e8374ac110c4036c77c09ab_000000000861,0.344520,15469.673591,312.297744,174.885380
203,807,11dd74426e8374ac110c4036c77c09ab_000000000862,0.344520,15449.258160,310.304282,176.000424
203,808,11dd74426e8374ac110c4036c77c09ab_000000000863,0.322665,13520.458095,299.451927,166.350063
203,809,11dd74426e8374ac110c4036c77c09ab_000000000864,0.322665,13497.136908,297.103825,167.192193
212,817,11dd74426e8374ac110c4036c77c09ab_000000000872,0.344520,14875.964392,298.746948,172.458407
212,818,11dd74426e8374ac110c4036c77c09ab_000000000873,0.344520,14913.709199,310.858240,174.870766
212,819,11dd74426e8374ac110c4036c77c09ab_000000000874,0.344520,14837.032641,313.766876,179.383008
212,820,11dd74426e8374ac110c4036c77c09ab_000000000875,0.344520,14736.617211,316.741835,175.994642
212,821,11dd74426e8374ac110c4036c77c09ab_000000000876,0.344520,14733.531157,318.586799,176.939339
212,822,11dd74426e8374ac110c4036c77c09ab_000000000877,0.344520,14690.326409,312.391528,172.657667
212,823,11dd74426e8374ac110c4036c77c09ab_000000000878,0.344520,14670.860534,317.862389,175.237229
212,824,11dd74426e8374ac110c4036c77c09ab_000000000879,0.344520,14658.753709,311.914364,171.212044
212,825,11dd74426e8374ac110c4036c77c09ab_000000000880,0.344520,14659.703264,316.650490,174.481067
212,826,11dd74426e8374ac110c4036c77c09ab_000000000881,0.345599,14719.140042,314.739441,175.593421
212,827,11dd74426e8374ac110c4036c77c09ab_000000000882,0.333241,13530.260966,309.038842,171.741628
212,828,11dd74426e8374ac110c4036c77c09ab_000000000883,0.333241,13523.820100,300.647903,170.973002
212,829,11dd74426e8374ac110c4036c77c09ab_000000000884,0.344520,14615.311573,319.149252,177.083380
215,831,11dd74426e8374ac110c4036c77c09ab_000000000892,0.344520,16088.427300,301.644441,169.564427
215,832,11dd74426e8374ac110c4036c77c09ab_000000000893,0.338788,15771.190818,273.652406,145.104167
215,833,11dd74426e8374ac110c4036c77c09ab_000000000894,0.338788,15612.510760,296.068130,163.449901
215,834,11dd74426e8374ac110c4036c77c09ab_000000000895,0.338788,15592.654232,290.994285,158.121758
215,835,11dd74426e8374ac110c4036c77c09ab_000000000896,0.344520,16111.097923,298.412416,163.927194
215,836,11dd74426e8374ac110c4036c77c09ab_000000000897,0.344520,16113.946588,289.337527,161.367451
215,837,11dd74426e8374ac110c4036c77c09ab_000000000898,0.338788,15642.582496,287.213973,156.744458
215,838,11dd74426e8374ac110c4036c77c09ab_000000000899,0.338788,15669.325681,286.933931,159.209835
215,839,11dd74426e8374ac110c4036c77c09ab_000000000900,0.338788,15839.540890,288.167353,159.519674
215,840,11dd74426e8374ac110c4036c77c09ab_000000000901,0.338788,15836.327116,290.952846,160.939581
215,841,11dd74426e8374ac110c4036c77c09ab_000000000902,0.338788,15762.180775,290.315384,155.549279
215,842,11dd74426e8374ac110c4036c77c09ab_000000000903,0.338788,15745.193687,285.855531,157.509937
215,843,11dd74426e8374ac110c4036c77c09ab_000000000904,0.338788,15792.137733,284.121453,159.407909
215,844,11dd74426e8374ac110c4036c77c09ab_000000000905,0.327869,14713.034131,274.637571,154.163448
215,845,11dd74426e8374ac110c4036c77c09ab_000000000906,0.333241,15191.227096,278.843717,160.096363
215,846,11dd74426e8374ac110c4036c77c09ab_000000000907,0.327869,14721.203977,279.740330,157.715444
215,847,11dd74426e8374ac110c4036c77c09ab_000000000908,0.327869,14693.039506,277.819364,155.643761
215,848,11dd74426e8374ac110c4036c77c09ab_000000000909,0.327869,14656.060199,277.192563,156.456159
215,849,11dd74426e8374ac110c4036c77c09ab_000000000910,0.327869,14637.463048,280.900279,159.021807
215,850,11dd74426e8374ac110c4036c77c09ab_000000000911,0.327869,14551.249664,273.850178,160.690938
215,851,11dd74426e8374ac110c4036c77c09ab_000000000912,0.333241,15037.423654,280.804232,165.177055
215,852,11dd74426e8374ac110c4036c77c09ab_000000000913,0.333241,15048.306496,282.984474,164.752144
215,853,11dd74426e8374ac110c4036c77c09ab_000000000914,0.344520,16161.186944,292.670317,172.575154
221,858,11dd74426e8374ac110c4036c77c09ab_000000000919,0.333241,15685.063853,280.227590,160.683145
221,859,11dd74426e8374ac110c4036c77c09ab_000000000920,0.338788,16183.414634,287.017925,160.604732
221,860,11dd74426e8374ac110c4036c77c09ab_000000000921,0.333241,15627.762354,279.756082,157.748840
221,861,11dd74426e8374ac110c4036c77c09ab_000000000922,0.327869,15098.306907,279.212066,155.717113
221,862,11dd74426e8374ac110c4036c77c09ab_000000000923,0.333241,15510.549695,273.844719,143.266311
221,863,11dd74426e8374ac110c4036c77c09ab_000000000924,0.333241,15405.330372,284.134484,158.298360
221,864,11dd74426e8374ac110c4036c77c09ab_000000000925,0.333241,15453.636868,278.509561,152.817298
221,865,11dd74426e8374ac110c4036c77c09ab_000000000926,0.333241,15460.632982,273.794379,151.465938
221,866,11dd74426e8374ac110c4036c77c09ab_000000000927,0.333241,15456.857301,271.817348,151.677762
221,867,11dd74426e8374ac110c4036c77c09ab_000000000928,0.333241,15525.263742,268.977602,153.922541
221,868,11dd74426e8374ac110c4036c77c09ab_000000000929,0.333241,15549.472515,276.005252,152.462457
221,869,11dd74426e8374ac110c4036c77c09ab_000000000930,0.327869,14980.596614,268.859523,145.764490
221,870,11dd74426e8374ac110c4036c77c09ab_000000000931,0.327869,14985.219027,273.936968,147.396170
221,871,11dd74426e8374ac110c4036c77c09ab_000000000932,0.327869,15002.848697,268.548764,152.815362
221,872,11dd74426e8374ac110c4036c77c09ab_000000000933,0.327869,14998.548777,268.558210,152.308540
221,873,11dd74426e8374ac110c4036c77c09ab_000000000934,0.337676,15812.542759,271.154617,155.383797
221,874,11dd74426e8374ac110c4036c77c09ab_000000000935,0.345599,16678.650343,288.912796,162.074309
221,875,11dd74426e8374ac110c4036c77c09ab_000000000936,0.345599,16684.383398,291.308680,163.811511
221,876,11dd74426e8374ac110c4036c77c09ab_000000000937,0.327869,14980.489116,283.319052,157.521362
221,877,11dd74426e8374ac110c4036c77c09ab_000000000938,0.327869,14975.759205,287.051181,161.481553
228,882,11dd74426e8374ac110c4036c77c09ab_000000000943,0.344520,16452.225519,305.840067,173.503839
228,883,11dd74426e8374ac110c4036c77c09ab_000000000944,0.344520,16455.311573,301.117461,170.670755
228,884,11dd74426e8374ac110c4036c77c09ab_000000000945,0.344520,16425.994065,300.021384,168.969223
228,885,11dd74426e8374ac110c4036c77c09ab_000000000946,0.344520,16420.652819,295.929467,164.860053
228,886,11dd74426e8374ac110c4036c77c09ab_000000000947,0.350446,17012.956709,304.865589,169.240941
228,887,11dd74426e8374ac110c4036c77c09ab_000000000948,0.344520,16331.632047,306.371693,169.780372
228,888,11dd74426e8374ac110c4036c77c09ab_000000000949,0.333241,15323.042754,288.423230,160.124086
228,889,11dd74426e8374ac110c4036c77c09ab_000000000950,0.333241,15292.837313,289.700301,162.129388
228,890,11dd74426e8374ac110c4036c77c09ab_000000000951,0.343351,16258.650162,294.238749,159.910554
228,891,11dd74426e8374ac110c4036c77c09ab_000000000952,0.343351,16225.876805,298.752311,163.761693
228,892,11dd74426e8374ac110c4036c77c09ab_000000000953,0.345599,16382.920275,299.556987,164.115155
234,899,11dd74426e8374ac110c4036c77c09ab_000000000960,0.343351,16108.930150,301.470659,169.451301
234,900,11dd74426e8374ac110c4036c77c09ab_000000000961,0.343351,16140.288830,298.570346,168.443808
234,901,11dd74426e8374ac110c4036c77c09ab_000000000962,0.344520,16150.741840,297.982207,166.705605
234,902,11dd74426e8374ac110c4036c77c09ab_000000000963,0.343351,16063.660477,300.178169,170.780036
234,903,11dd74426e8374ac110c4036c77c09ab_000000000964,0.343351,15898.379016,291.883954,163.996709
234,904,11dd74426e8374ac110c4036c77c09ab_000000000965,0.343351,15882.346006,292.467089,166.738067
234,905,11dd74426e8374ac110c4036c77c09ab_000000000966,0.343351,15911.818450,298.401794,168.654421
234,906,11dd74426e8374ac110c4036c77c09ab_000000000967,0.344520,15404.391691,297.935315,166.114859
234,907,11dd74426e8374ac110c4036c77c09ab_000000000968,0.344520,15332.818991,299.386216,166.552669
234,908,11dd74426e8374ac110c4036c77c09ab_000000000969,0.343351,15335.691129,298.635437,164.074699
237,910,11dd74426e8374ac110c4036c77c09ab_000000000971,0.343351,15249.985264,299.979187,169.010691
237,911,11dd74426e8374ac110c4036c77c09ab_000000000972,0.344520,15271.810089,298.261625,168.750617
237,912,11dd74426e8374ac110c4036c77c09ab_000000000973,0.344520,15735.074184,302.528515,170.715366
237,913,11dd74426e8374ac110c4036c77c09ab_000000000974,0.343351,15689.949897,300.259647,168.975506
237,914,11dd74426e8374ac110c4036c77c09ab_000000000975,0.343351,15682.876510,297.080174,166.816402
237,915,11dd74426e8374ac110c4036c77c09ab_000000000976,0.344520,15768.783383,287.160008,158.652491
237,916,11dd74426e8374ac110c4036c77c09ab_000000000977,0.344520,15204.391691,289.802769,160.500336
237,917,11dd74426e8374ac110c4036c77c09ab_000000000978,0.343351,15186.324786,298.655136,166.924485
243,920,11dd74426e8374ac110c4036c77c09ab_000000000981,0.338788,14762.238164,286.888770,160.496038
243,921,11dd74426e8374ac110c4036c77c09ab_000000000982,0.344520,15247.240356,296.382702,156.871179
243,922,11dd74426e8374ac110c4036c77c09ab_000000000983,0.339814,14760.277136,283.925326,150.531814
243,923,11dd74426e8374ac110c4036c77c09ab_000000000984,0.334216,14258.922089,281.458299,153.109009
243,924,11dd74426e8374ac110c4036c77c09ab_000000000985,0.334216,14204.077073,283.514922,158.394195
243,925,11dd74426e8374ac110c4036c77c09ab_000000000986,0.344520,15117.151335,287.984889,158.198889
243,926,11dd74426e8374ac110c4036c77c09ab_000000000987,0.344520,15078.456973,289.691973,161.491862
243,927,11dd74426e8374ac110c4036c77c09ab_000000000988,0.344520,15024.094955,291.037903,159.035945
243,928,11dd74426e8374ac110c4036c77c09ab_000000000989,0.344520,15043.916914,295.720913,155.921161
243,929,11dd74426e8374ac110c4036c77c09ab_000000000990,0.334216,14031.611282,279.653930,154.493272
243,930,11dd74426e8374ac110c4036c77c09ab_000000000991,0.334216,14014.185982,282.094644,153.237778
243,931,11dd74426e8374ac110c4036c77c09ab_000000000992,0.345599,14949.059421,298.628864,163.682502
243,932,11dd74426e8374ac110c4036c77c09ab_000000000993,0.345599,14944.879068,294.005402,158.991625
243,933,11dd74426e8374ac110c4036c77c09ab_000000000994,0.343351,14686.943708,291.209931,155.226699
243,934,11dd74426e8374ac110c4036c77c09ab_000000000995,0.344520,14874.540059,290.540573,157.550358
243,935,11dd74426e8374ac110c4036c77c09ab_000000000996,0.344520,14902.077151,288.152544,157.045605
243,936,11dd74426e8374ac110c4036c77c09ab_000000000997,0.343351,14119.186561,284.510714,146.604568
243,937,11dd74426e8374ac110c4036c77c09ab_000000000998,0.343351,14139.699381,280.993883,149.898485
243,938,11dd74426e8374ac110c4036c77c09ab_000000000999,0.344520,15483.204748,277.929681,145.096533
243,939,11dd74426e8374ac110c4036c77c09ab_000000001000,0.344520,15343.620178,294.457433,164.797831
243,940,11dd74426e8374ac110c4036c77c09ab_000000001001,0.343351,15236.545830,291.596327,162.297140
244,941,11dd74426e8374ac110c4036c77c09ab_000000001002,0.344520,14.005935,333.186948,216.460153
244,942,11dd74426e8374ac110c4036c77c09ab_000000001003,0.343351,14.294135,328.478708,215.196372
244,943,11dd74426e8374ac110c4036c77c09ab_000000001004,0.344520,12.077151,330.703494,215.460131
244,944,11dd74426e8374ac110c4036c77c09ab_000000001005,0.344520,10.237389,331.915014,216.919801
244,945,11dd74426e8374ac110c4036c77c09ab_000000001006,0.344520,7.655786,329.179626,217.399825
244,946,11dd74426e8374ac110c4036c77c09ab_000000001007,0.344520,6.439169,332.234028,216.699408
244,947,11dd74426e8374ac110c4036c77c09ab_000000001008,0.344520,6.899110,331.598776,216.608148
244,948,11dd74426e8374ac110c4036c77c09ab_000000001009,0.344520,8.338279,330.317969,216.865571
244,949,11dd74426e8374ac110c4036c77c09ab_000000001010,0.344520,7.982196,330.072154,216.218060
244,950,11dd74426e8374ac110c4036c77c09ab_000000001011,0.344520,8.724036,330.339186,216.527148
244,951,11dd74426e8374ac110c4036c77c09ab_000000001012,0.343351,8.782788,329.495872,216.515561
244,952,11dd74426e8374ac110c4036c77c09ab_000000001013,0.343351,5.540819,329.461880,215.171958
244,953,11dd74426e8374ac110c4036c77c09ab_000000001014,0.343351,2.357795,330.654702,215.540079
244,954,11dd74426e8374ac110c4036c77c09ab_000000001015,0.328798,0.817568,315.141480,206.280392
245,941,11dd74426e8374ac110c4036c77c09ab_000000001002,0.344520,15291.988131,286.901071,152.418214
245,942,11dd74426e8374ac110c4036c77c09ab_000000001003,0.343351,15200.707339,279.662833,153.684628
245,943,11dd74426e8374ac110c4036c77c09ab_000000001004,0.344520,15282.255193,287.280603,155.803941
245,944,11dd74426e8374ac110c4036c77c09ab_000000001005,0.344520,15280.830861,281.055893,153.681063
245,945,11dd74426e8374ac110c4036c77c09ab_000000001006,0.344520,15249.139466,276.632556,154.250897
245,946,11dd74426e8374ac110c4036c77c09ab_000000001007,0.344520,15242.492582,276.592519,151.245459
245,947,11dd74426e8374ac110c4036c77c09ab_000000001008,0.344520,15234.183976,277.007168,153.571865
245,948,11dd74426e8374ac110c4036c77c09ab_000000001009,0.344520,15256.617211,277.250040,156.746736
245,949,11dd74426e8374ac110c4036c77c09ab_000000001010,0.344520,15256.023739,277.293105,157.131609
245,950,11dd74426e8374ac110c4036c77c09ab_000000001011,0.344520,15263.145401,274.215362,151.281532
245,951,11dd74426e8374ac110c4036c77c09ab_000000001012,0.343351,15163.218391,275.784964,154.227296
245,952,11dd74426e8374ac110c4036c77c09ab_000000001013,0.343351,15288.888889,275.497755,155.226972
245,953,11dd74426e8374ac110c4036c77c09ab_000000001014,0.343351,15284.998526,275.676074,155.190413
245,954,11dd74426e8374ac110c4036c77c09ab_000000001015,0.328798,14053.189189,268.442555,151.399637
252,962,11dd74426e8374ac110c4036c77c09ab_000000001023,0.344520,15413.649852,279.838780,156.306402
252,963,11dd74426e8374ac110c4036c77c09ab_000000001024,0.344520,15445.816024,279.866305,161.206041
252,964,11dd74426e8374ac110c4036c77c09ab_000000001025,0.344520,15433.709199,274.270749,155.182190
252,965,11dd74426e8374ac110c4036c77c09ab_000000001026,0.345599,15494.535682,273.006828,158.138670
252,966,11dd74426e8374ac110c4036c77c09ab_000000001027,0.345599,15600.477755,277.607825,155.755168
252,967,11dd74426e8374ac110c4036c77c09ab_000000001028,0.345599,15581.487011,279.198373,153.764282
252,968,11dd74426e8374ac110c4036c77c09ab_000000001029,0.344520,15594.421365,277.606483,151.607390
252,969,11dd74426e8374ac110c4036c77c09ab_000000001030,0.344520,15634.777448,276.980925,150.396932
252,970,11dd74426e8374ac110c4036c77c09ab_000000001031,0.345599,15790.146312,279.626343,149.560321
252,971,11dd74426e8374ac110c4036c77c09ab_000000001032,0.328798,14366.270270,261.991901,147.610925
252,972,11dd74426e8374ac110c4036c77c09ab_000000001033,0.327869,14265.520021,268.238345,151.122957
252,973,11dd74426e8374ac110c4036c77c09ab_000000001034,0.344520,15745.994065,285.027026,157.608342
252,974,11dd74426e8374ac110c4036c77c09ab_000000001035,0.333241,14732.815103,272.273236,150.708854
252,975,11dd74426e8374ac110c4036c77c09ab_000000001036,0.333241,14690.505275,268.405902,151.531583
252,976,11dd74426e8374ac110c4036c77c09ab_000000001037,0.343351,15512.761568,273.203923,154.616992
252,977,11dd74426e8374ac110c4036c77c09ab_000000001038,0.327869,14077.291051,265.160512,149.026479
252,978,11dd74426e8374ac110c4036c77c09ab_000000001039,0.339814,15190.300231,281.490380,161.029083
252,979,11dd74426e8374ac110c4036c77c09ab_000000001040,0.339814,15226.789838,276.884559,159.372688
252,980,11dd74426e8374ac110c4036c77c09ab_000000001041,0.339814,15124.711316,286.077908,165.977560
252,981,11dd74426e8374ac110c4036c77c09ab_000000001042,0.339814,15133.371824,280.729118,160.667896
252,982,11dd74426e8374ac110c4036c77c09ab_000000001043,0.334216,14613.348227,275.928836,157.302902
252,983,11dd74426e8374ac110c4036c77c09ab_000000001044,0.334216,14615.023736,274.843020,154.637350
255,985,11dd74426e8374ac110c4036c77c09ab_000000001050,0.344520,16887.359050,259.954140,159.953937
255,986,11dd74426e8374ac110c4036c77c09ab_000000001051,0.344520,16850.089021,265.852644,153.810584
255,987,11dd74426e8374ac110c4036c77c09ab_000000001052,0.344520,18303.560831,250.894980,137.157286
255,988,11dd74426e8374ac110c4036c77c09ab_000000001053,0.344520,18155.133531,259.040185,152.019189
255,989,11dd74426e8374ac110c4036c77c09ab_000000001054,0.344520,18329.970326,261.990625,162.223790
255,990,11dd74426e8374ac110c4036c77c09ab_000000001055,0.344520,17925.341246,272.260044,160.904659
255,991,11dd74426e8374ac110c4036c77c09ab_000000001056,0.344520,17934.718101,274.602863,166.763957
255,992,11dd74426e8374ac110c4036c77c09ab_000000001057,0.356575,19286.713287,282.579624,168.398659
255,993,11dd74426e8374ac110c4036c77c09ab_000000001058,0.356575,18715.956771,276.465794,162.907398
255,994,11dd74426e8374ac110c4036c77c09ab_000000001059,0.350446,18192.815474,276.076184,158.091201
255,995,11dd74426e8374ac110c4036c77c09ab_000000001060,0.350446,18205.587964,273.250456,152.994590
255,996,11dd74426e8374ac110c4036c77c09ab_000000001061,0.350446,18091.126804,266.125648,151.189571
258,998,11dd74426e8374ac110c4036c77c09ab_000000001063,0.351581,18354.140915,270.086286,156.663342
258,999,11dd74426e8374ac110c4036c77c09ab_000000001064,0.350446,18277.433221,259.197131,149.994731
258,1000,11dd74426e8374ac110c4036c77c09ab_000000001065,0.350446,18313.540068,267.710441,155.641191
258,1001,11dd74426e8374ac110c4036c77c09ab_000000001066,0.350446,18277.924470,258.760528,151.710652
258,1002,11dd74426e8374ac110c4036c77c09ab_000000001067,0.350446,18280.257906,266.385167,153.540911
258,1003,11dd74426e8374ac110c4036c77c09ab_000000001068,0.350446,18249.431993,265.001628,149.249306
258,1004,11dd74426e8374ac110c4036c77c09ab_000000001069,0.350446,18197.482346,262.233973,146.986657
258,1005,11dd74426e8374ac110c4036c77c09ab_000000001070,0.350446,18196.868284,257.503765,148.616668
258,1006,11dd74426e8374ac110c4036c77c09ab_000000001071,0.350446,18215.167332,265.018975,149.307260
258,1007,11dd74426e8374ac110c4036c77c09ab_000000001072,0.350446,18212.219834,260.321578,150.191749
258,1008,11dd74426e8374ac110c4036c77c09ab_000000001073,0.345599,17695.431472,254.740370,144.366370
258,1009,11dd74426e8374ac110c4036c77c09ab_000000001074,0.345599,17931.919976,254.576493,148.099573
258,1010,11dd74426e8374ac110c4036c77c09ab_000000001075,0.344520,17795.252226,260.605604,144.399197
258,1011,11dd74426e8374ac110c4036c77c09ab_000000001076,0.350446,18153.883942,259.856527,139.484238
258,1012,11dd74426e8374ac110c4036c77c09ab_000000001077,0.344520,17754.421365,262.404411,146.467971
258,1013,11dd74426e8374ac110c4036c77c09ab_000000001078,0.350446,18086.828370,257.979703,143.047712
258,1014,11dd74426e8374ac110c4036c77c09ab_000000001079,0.344520,17711.097923,249.918572,145.715793
258,1015,11dd74426e8374ac110c4036c77c09ab_000000001080,0.345599,17644.192296,256.876275,141.800492
258,1016,11dd74426e8374ac110c4036c77c09ab_000000001081,0.344520,17503.857567,257.066909,147.626385
258,1017,11dd74426e8374ac110c4036c77c09ab_000000001082,0.344520,17437.151335,244.255580,142.889176
258,1018,11dd74426e8374ac110c4036c77c09ab_000000001083,0.344520,17372.700297,251.584105,144.688624
258,1019,11dd74426e8374ac110c4036c77c09ab_000000001084,0.344520,17364.272997,252.020938,143.741056
258,1020,11dd74426e8374ac110c4036c77c09ab_000000001085,0.344520,18618.338279,231.448119,141.153399
258,1021,11dd74426e8374ac110c4036c77c09ab_000000001086,0.344520,18422.908012,264.720588,165.050018
258,1022,11dd74426e8374ac110c4036c77c09ab_000000001087,0.344520,18458.278932,262.785605,161.455011
258,1023,11dd74426e8374ac110c4036c77c09ab_000000001088,0.344520,18439.406528,257.717280,163.035455
258,1024,11dd74426e8374ac110c4036c77c09ab_000000001089,0.344520,18539.821958,260.318721,159.647172
258,1025,11dd74426e8374ac110c4036c77c09ab_000000001090,0.344520,18527.002967,260.545549,159.145321
258,1026,11dd74426e8374ac110c4036c77c09ab_000000001091,0.344520,18553.234421,269.264941,163.076690
258,1027,11dd74426e8374ac110c4036c77c09ab_000000001092,0.328798,16890.594595,243.748932,148.581013
258,1028,11dd74426e8374ac110c4036c77c09ab_000000001093,0.328798,16853.945946,250.025774,150.925033
258,1029,11dd74426e8374ac110c4036c77c09ab_000000001094,0.338788,17867.202296,258.805204,156.578351
258,1030,11dd74426e8374ac110c4036c77c09ab_000000001095,0.334216,17360.290422,245.320532,149.448784
258,1031,11dd74426e8374ac110c4036c77c09ab_000000001096,0.334216,17473.443172,256.447958,158.890491
258,1032,11dd74426e8374ac110c4036c77c09ab_000000001097,0.334216,17482.826026,256.257207,156.345650
258,1033,11dd74426e8374ac110c4036c77c09ab_000000001098,0.334216,17542.027367,252.846686,148.291042
258,1034,11dd74426e8374ac110c4036c77c09ab_000000001099,0.338788,17992.080344,252.700685,150.571515
261,1037,11dd74426e8374ac110c4036c77c09ab_000000001102,0.333241,17483.176013,246.285357,146.048578
261,1038,11dd74426e8374ac110c4036c77c09ab_000000001103,0.333241,17496.724042,248.266109,152.108337
261,1039,11dd74426e8374ac110c4036c77c09ab_000000001104,0.327869,16950.497178,236.122947,142.441806
261,1040,11dd74426e8374ac110c4036c77c09ab_000000001105,0.333241,17536.701832,242.532777,148.657229
261,1041,11dd74426e8374ac110c4036c77c09ab_000000001106,0.338788,18097.446198,251.552083,154.951685
261,1042,11dd74426e8374ac110c4036c77c09ab_000000001107,0.338788,18071.736011,255.132604,156.754580
261,1043,11dd74426e8374ac110c4036c77c09ab_000000001108,0.333241,17524.153248,243.859008,146.636052
261,1044,11dd74426e8374ac110c4036c77c09ab_000000001109,0.338788,18126.140603,251.632252,149.386675
261,1045,11dd74426e8374ac110c4036c77c09ab_000000001110,0.338788,18107.661406,253.299644,149.604353
261,1046,11dd74426e8374ac110c4036c77c09ab_000000001111,0.338788,18096.298422,245.702317,149.453899
261,1047,11dd74426e8374ac110c4036c77c09ab_000000001119,0.333241,16532.148806,231.568822,128.561797
261,1048,11dd74426e8374ac110c4036c77c09ab_000000001120,0.333241,16618.767351,244.080687,140.804348
261,1049,11dd74426e8374ac110c4036c77c09ab_000000001121,0.338788,17403.041607,235.659588,146.329143
261,1050,11dd74426e8374ac110c4036c77c09ab_000000001122,0.338788,17167.173601,243.416528,152.123513
261,1051,11dd74426e8374ac110c4036c77c09ab_000000001123,0.338788,17211.477762,253.678754,149.683477
261,1052,11dd74426e8374ac110c4036c77c09ab_000000001124,0.337676,17022.805017,239.081517,152.956071
261,1053,11dd74426e8374ac110c4036c77c09ab_000000001125,0.337676,17043.899658,247.079393,157.243694
261,1054,11dd74426e8374ac110c4036c77c09ab_000000001126,0.337676,17030.672748,241.243785,157.209121
261,1055,11dd74426e8374ac110c4036c77c09ab_000000001127,0.338788,17122.639885,246.552183,155.718508
261,1056,11dd74426e8374ac110c4036c77c09ab_000000001128,0.338788,17145.824964,241.366428,155.228088
261,1057,11dd74426e8374ac110c4036c77c09ab_000000001129,0.338788,17145.021521,242.036044,153.621841
261,1058,11dd74426e8374ac110c4036c77c09ab_000000001130,0.338788,17168.780488,239.595336,152.874776
261,1059,11dd74426e8374ac110c4036c77c09ab_000000001131,0.338788,17143.185079,244.412340,155.321304
261,1060,11dd74426e8374ac110c4036c77c09ab_000000001132,0.338788,17137.101865,245.139834,153.185153
261,1061,11dd74426e8374ac110c4036c77c09ab_000000001133,0.338788,17154.203730,241.713240,152.633081
261,1062,11dd74426e8374ac110c4036c77c09ab_000000001134,0.337676,17031.356899,237.151978,149.983547
261,1063,11dd74426e8374ac110c4036c77c09ab_000000001135,0.338788,17202.295552,240.545966,154.547182
261,1064,11dd74426e8374ac110c4036c77c09ab_000000001136,0.338788,17177.274032,237.734171,150.971644
261,1065,11dd74426e8374ac110c4036c77c09ab_000000001137,0.338788,17171.190818,238.232552,150.525000
264,1067,11dd74426e8374ac110c4036c77c09ab_000000001139,0.343351,17669.908635,225.732699,148.255550
264,1068,11dd74426e8374ac110c4036c77c09ab_000000001140,0.333241,16659.966685,227.576970,149.384078
264,1069,11dd74426e8374ac110c4036c77c09ab_000000001141,0.333241,16662.965019,230.540055,148.321812
264,1070,11dd74426e8374ac110c4036c77c09ab_000000001142,0.344520,17880.593472,231.764231,149.659106
264,1071,11dd74426e8374ac110c4036c77c09ab_000000001143,0.344520,17931.750742,241.512853,153.518181
264,1072,11dd74426e8374ac110c4036c77c09ab_000000001144,0.344520,17929.376855,242.604325,153.753452
264,1073,11dd74426e8374ac110c4036c77c09ab_000000001145,0.344520,18014.836795,236.549710,148.724849
264,1074,11dd74426e8374ac110c4036c77c09ab_000000001146,0.344520,18001.780415,233.611886,147.903795
264,1075,11dd74426e8374ac110c4036c77c09ab_000000001147,0.333241,16838.312049,222.022910,143.729531
264,1076,11dd74426e8374ac110c4036c77c09ab_000000001148,0.344520,17967.002967,232.764316,151.452078
264,1077,11dd74426e8374ac110c4036c77c09ab_000000001149,0.350446,18642.001842,239.280316,146.715395
264,1078,11dd74426e8374ac110c4036c77c09ab_000000001150,0.344520,17869.080119,238.085816,147.340017
264,1079,11dd74426e8374ac110c4036c77c09ab_000000001151,0.344520,17874.896142,242.677060,151.495837
264,1080,11dd74426e8374ac110c4036c77c09ab_000000001152,0.343351,17779.310345,237.978612,148.488523
264,1081,11dd74426e8374ac110c4036c77c09ab_000000001153,0.343351,17767.992927,240.262301,152.965035
264,1082,11dd74426e8374ac110c4036c77c09ab_000000001154,0.350446,18577.218299,242.902440,155.476930
264,1083,11dd74426e8374ac110c4036c77c09ab_000000001155,0.343351,17819.510757,237.176733,152.333826
264,1084,11dd74426e8374ac110c4036c77c09ab_000000001156,0.344520,17922.492582,243.990545,153.558050
264,1085,11dd74426e8374ac110c4036c77c09ab_000000001157,0.344520,17955.489614,242.992773,151.334869
264,1086,11dd74426e8374ac110c4036c77c09ab_000000001158,0.345599,18192.773962,247.637683,156.208988
264,1087,11dd74426e8374ac110c4036c77c09ab_000000001159,0.345599,18278.769782,247.413605,161.490815
264,1088,11dd74426e8374ac110c4036c77c09ab_000000001160,0.345599,18277.933712,244.311209,159.260348
264,1089,11dd74426e8374ac110c4036c77c09ab_000000001161,0.345599,18313.048671,250.097059,157.707779
264,1090,11dd74426e8374ac110c4036c77c09ab_000000001162,0.345599,18358.913108,250.079404,156.974288
264,1091,11dd74426e8374ac110c4036c77c09ab_000000001163,0.344520,18295.786350,242.497714,152.400656
264,1092,11dd74426e8374ac110c4036c77c09ab_000000001164,0.343351,18162.569997,247.169931,155.739682
264,1093,11dd74426e8374ac110c4036c77c09ab_000000001165,0.343351,18181.668140,244.715509,156.487818
264,1094,11dd74426e8374ac110c4036c77c09ab_000000001166,0.344520,18337.685460,256.267788,160.077381
264,1095,11dd74426e8374ac110c4036c77c09ab_000000001167,0.344520,18320.237389,256.071177,164.114142
264,1096,11dd74426e8374ac110c4036c77c09ab_000000001168,0.343351,18361.450044,240.081258,154.659586
264,1097,11dd74426e8374ac110c4036c77c09ab_000000001169,0.343351,18376.422045,244.588282,153.764315
264,1098,11dd74426e8374ac110c4036c77c09ab_000000001170,0.343351,18664.308871,247.484844,150.758486
264,1099,11dd74426e8374ac110c4036c77c09ab_000000001171,0.343351,18706.159741,250.229366,157.323383
264,1100,11dd74426e8374ac110c4036c77c09ab_000000001172,0.344520,19097.922849,254.804459,158.100815
269,1102,11dd74426e8374ac110c4036c77c09ab_000000001174,0.343351,17993.633952,233.564006,143.276398
269,1103,11dd74426e8374ac110c4036c77c09ab_000000001175,0.351581,19203.955501,240.356124,153.302891
269,1104,11dd74426e8374ac110c4036c77c09ab_000000001176,0.345599,18541.295909,235.101980,148.473395
269,1105,11dd74426e8374ac110c4036c77c09ab_000000001177,0.345599,18745.774858,235.215316,146.335550
269,1106,11dd74426e8374ac110c4036c77c09ab_000000001178,0.345599,18847.894894,247.912660,150.058575
269,1107,11dd74426e8374ac110c4036c77c09ab_000000001179,0.345599,18995.401612,236.919222,148.216759
269,1108,11dd74426e8374ac110c4036c77c09ab_000000001180,0.344520,18906.824926,241.876635,152.503166
269,1109,11dd74426e8374ac110c4036c77c09ab_000000001181,0.344520,19151.454006,244.773685,145.011455
269,1110,11dd74426e8374ac110c4036c77c09ab_000000001182,0.344520,19013.412463,243.418629,147.347787
269,1111,11dd74426e8374ac110c4036c77c09ab_000000001183,0.345599,19173.962377,239.878856,151.474742
269,1112,11dd74426e8374ac110c4036c77c09ab_000000001184,0.344520,18798.931751,240.501307,147.472745
269,1113,11dd74426e8374ac110c4036c77c09ab_000000001185,0.344520,18727.833828,254.805678,150.835457
272,1116,11dd74426e8374ac110c4036c77c09ab_000000001188,0.344520,19322.017804,242.238482,139.674741
272,1117,11dd74426e8374ac110c4036c77c09ab_000000001189,0.345599,19575.276202,242.494114,145.228364
272,1118,11dd74426e8374ac110c4036c77c09ab_000000001190,0.345599,19660.555390,258.596971,141.718817
272,1119,11dd74426e8374ac110c4036c77c09ab_000000001191,0.345599,20646.401911,239.455906,142.885235
272,1120,11dd74426e8374ac110c4036c77c09ab_000000001192,0.345599,20066.407883,244.605677,146.108593
272,1121,11dd74426e8374ac110c4036c77c09ab_000000001193,0.345599,20765.721111,241.725460,141.352030
272,1122,11dd74426e8374ac110c4036c77c09ab_000000001194,0.345599,20231.472081,248.973589,143.866988
272,1123,11dd74426e8374ac110c4036c77c09ab_000000001195,0.345599,20922.902359,221.111951,137.264643
272,1124,11dd74426e8374ac110c4036c77c09ab_000000001196,0.343351,19998.938992,243.115755,140.095143
272,1125,11dd74426e8374ac110c4036c77c09ab_000000001197,0.343351,20014.972001,238.970104,142.220192
272,1126,11dd74426e8374ac110c4036c77c09ab_000000001198,0.344520,20341.008902,250.104858,146.121505
272,1127,11dd74426e8374ac110c4036c77c09ab_000000001199,0.344520,20347.418398,242.731438,143.062025
272,1128,11dd74426e8374ac110c4036c77c09ab_000000001200,0.345599,20350.432965,253.810835,143.216817
284,1134,11dd74426e8374ac110c4036c77c09ab_000000001206,0.338788,26800.114778,275.822935,167.056538
284,1135,11dd74426e8374ac110c4036c77c09ab_000000001207,0.338788,26843.385940,281.718999,162.012180
284,1136,11dd74426e8374ac110c4036c77c09ab_000000001208,0.338788,26855.667145,281.482960,162.736903
284,1137,11dd74426e8374ac110c4036c77c09ab_000000001209,0.333241,25981.343698,287.236507,168.454150
284,1138,11dd74426e8374ac110c4036c77c09ab_000000001210,0.327869,25099.489385,259.322270,155.591351
295,1144,11dd74426e8374ac110c4036c77c09ab_000000001216,0.333241,26782.009994,290.253919,165.312759
295,1145,11dd74426e8374ac110c4036c77c09ab_000000001217,0.333241,26776.235425,288.302292,162.544892
295,1146,11dd74426e8374ac110c4036c77c09ab_000000001218,0.338788,27877.187948,290.472372,165.571764
295,1147,11dd74426e8374ac110c4036c77c09ab_000000001219,0.337676,27758.950969,302.782909,170.482494
295,1148,11dd74426e8374ac110c4036c77c09ab_000000001220,0.337676,27738.312429,297.253093,166.002722
295,1149,11dd74426e8374ac110c4036c77c09ab_000000001221,0.337676,27909.692132,293.834783,163.665361
295,1150,11dd74426e8374ac110c4036c77c09ab_000000001222,0.337676,27872.291904,287.757852,165.226360
295,1151,11dd74426e8374ac110c4036c77c09ab_000000001223,0.338788,28145.538020,277.490843,167.372850
295,1152,11dd74426e8374ac110c4036c77c09ab_000000001224,0.337676,27974.800456,282.860210,165.103874
295,1153,11dd74426e8374ac110c4036c77c09ab_000000001225,0.337676,27982.668187,288.569766,169.026936
295,1154,11dd74426e8374ac110c4036c77c09ab_000000001226,0.344520,29249.258160,274.794490,166.966540
295,1155,11dd74426e8374ac110c4036c77c09ab_000000001227,0.344520,29261.364985,281.033246,170.517956
295,1156,11dd74426e8374ac110c4036c77c09ab_000000001228,0.337676,28103.534778,276.006009,165.688583
295,1157,11dd74426e8374ac110c4036c77c09ab_000000001229,0.337676,28100.000000,273.758106,163.839588
295,1158,11dd74426e8374ac110c4036c77c09ab_000000001230,0.337676,28100.684151,265.639187,162.992709
295,1159,11dd74426e8374ac110c4036c77c09ab_000000001231,0.338788,28312.309900,260.469742,161.550606
