frame,cx,cy
0,613.3861694335938,506.71240234375
0,639.5380859375,392.4305419921875
1,609.4728393554688,497.444091796875
1,636.244384765625,387.2182922363281
2,610.0857543945312,499.1153259277344
2,638.0718383789062,390.0227355957031
3,611.8713989257812,499.0260314941406
3,639.987060546875,389.97515869140625
4,611.3906860351562,500.8545837402344
4,635.9555053710938,390.5238952636719
5,609.9803466796875,502.83709716796875
5,633.4950561523438,389.8587951660156
6,612.283935546875,504.6922302246094
6,639.8756713867188,390.1488037109375
7,608.1121826171875,502.9781799316406
7,637.01220703125,388.88397216796875
8,608.6987915039062,502.4606018066406
8,638.5665283203125,390.45916748046875
9,610.385498046875,505.8315734863281
9,641.2572021484375,393.53790283203125
10,610.3348999023438,507.8130798339844
10,640.03857421875,394.3269348144531
11,613.9395141601562,507.8201904296875
11,642.5721435546875,391.4631652832031
12,610.6859741210938,505.50537109375
12,640.212158203125,389.68243408203125
13,618.7929077148438,507.5223693847656
13,646.3146362304688,390.6962585449219
14,644.3829345703125,390.0458984375
14,616.8567504882812,506.79852294921875
15,647.5023803710938,392.86407470703125
15,618.6152954101562,506.6147155761719
16,641.8355712890625,386.345703125
16,617.587890625,505.18719482421875
17,642.8652954101562,388.0022888183594
17,617.0575561523438,506.3483581542969
18,641.6634521484375,388.38409423828125
18,619.3457641601562,508.1133117675781
19,642.433837890625,387.2646789550781
19,619.4395141601562,506.8603210449219
20,644.9134521484375,386.786865234375
20,617.6226806640625,505.3022155761719
21,643.365478515625,387.6545715332031
21,616.4630737304688,505.17901611328125
22,649.8145141601562,391.1929016113281
22,622.3914794921875,507.0939636230469
23,646.5365600585938,386.64947509765625
23,624.1827392578125,508.0949401855469
24,648.1215209960938,389.7301330566406
24,625.7577514648438,511.9936828613281
25,651.2754516601562,391.750244140625
25,625.5670776367188,509.3753356933594
26,646.5352783203125,387.18450927734375
26,624.4884643554688,509.17449951171875
27,653.5953979492188,392.7317199707031
27,631.2904663085938,512.2728881835938
28,654.2616577148438,393.5660705566406
28,627.401123046875,514.3053588867188
29,658.4602661132812,392.51641845703125
29,633.3296508789062,512.7822875976562
30,657.7241821289062,395.19866943359375
30,634.1560668945312,515.191650390625
31,663.131591796875,393.9827880859375
31,636.3067016601562,513.8145751953125
32,660.227783203125,393.3193054199219
32,637.1587524414062,516.2042846679688
33,661.9659423828125,393.99224853515625
33,640.3107299804688,514.4405517578125
34,666.257080078125,390.6500244140625
34,640.613037109375,516.6513061523438
35,662.5056762695312,394.5602722167969
35,638.9618530273438,515.3477783203125
36,660.4740600585938,392.78997802734375
36,639.097412109375,513.7348022460938
37,654.7398071289062,389.81024169921875
37,633.2286376953125,514.853271484375
38,659.3284301757812,392.8587951660156
38,637.050537109375,515.5623779296875
39,660.3767700195312,391.5946044921875
39,637.5634765625,515.1146240234375
40,658.884521484375,393.5055236816406
40,634.9539794921875,515.02783203125
41,662.78564453125,396.8156433105469
41,638.0425415039062,517.2313232421875
42,662.8339233398438,394.43914794921875
42,635.9383544921875,516.0353393554688
43,640.3319091796875,515.757568359375
43,668.0416870117188,394.6643371582031
44,641.45703125,519.6773071289062
44,661.2698364257812,399.01171875
45,641.7713012695312,519.7903442382812
45,659.1641235351562,392.8855895996094
46,640.701171875,518.1329956054688
46,662.91943359375,393.2798156738281
47,646.72216796875,519.2508544921875
47,667.689453125,394.284912109375
48,647.1383056640625,516.6060791015625
48,665.9427490234375,396.8594665527344
49,646.4352416992188,515.9522094726562
49,666.8782958984375,395.0336608886719
50,655.4652709960938,519.2940063476562
50,671.6654052734375,396.66064453125
51,656.3453369140625,518.7595825195312
51,672.9342651367188,396.01336669921875
52,659.8282470703125,522.8377685546875
52,673.1986694335938,397.5044250488281
53,665.7218627929688,519.7404174804688
53,669.2412109375,399.30230712890625
54,658.0299072265625,517.1251220703125
54,667.789794921875,395.1761779785156
55,652.2999267578125,518.6929931640625
55,666.6292724609375,396.50250244140625
56,661.7466430664062,522.803955078125
56,673.0087890625,397.9578552246094
57,657.811279296875,522.88427734375
57,667.811279296875,396.03802490234375
58,657.732177734375,519.8187866210938
58,665.6581420898438,394.55950927734375
59,658.2039794921875,520.151611328125
59,667.5595703125,392.8923645019531
60,664.1384887695312,521.0253295898438
60,666.88037109375,395.095947265625
61,665.78466796875,522.1455688476562
61,670.0703735351562,397.8307800292969
62,664.2778930664062,522.3045043945312
62,670.597412109375,398.1785888671875
63,668.1620483398438,524.5298461914062
63,674.7581787109375,398.3594970703125
64,667.1893920898438,525.0858764648438
64,673.5740356445312,398.4084167480469
65,668.86669921875,524.8422241210938
65,671.8341674804688,398.6169128417969
66,669.6060791015625,527.0658569335938
66,670.36669921875,400.96270751953125
67,673.8075561523438,524.6713256835938
67,676.4194946289062,394.45703125
68,673.5318603515625,525.6636352539062
68,667.4071655273438,396.3697814941406
69,676.8706665039062,526.0482177734375
69,672.5919799804688,399.1274108886719
70,677.78955078125,522.2410278320312
70,682.2302856445312,401.8983459472656
71,677.5760498046875,524.2428588867188
71,680.2486572265625,400.2687683105469
72,685.1431884765625,525.9328002929688
72,684.893310546875,395.3912658691406
73,689.767578125,525.955810546875
73,688.4169311523438,396.7499694824219
74,685.2540893554688,526.7662353515625
74,689.2218627929688,398.7931213378906
75,685.11767578125,524.3004150390625
75,686.38134765625,396.96783447265625
76,685.4710693359375,523.747314453125
76,686.4214477539062,397.1693420410156
77,681.9979248046875,525.2450561523438
77,686.5996704101562,399.00048828125
78,685.998046875,525.1146240234375
78,689.238037109375,399.58868408203125
79,689.8120727539062,522.6499633789062
79,693.3278198242188,396.9064636230469
80,692.6826782226562,525.0579833984375
80,693.1025390625,398.3379821777344
81,692.0484619140625,525.1173706054688
81,700.2724609375,398.2410888671875
82,691.5321044921875,525.0745849609375
82,700.132080078125,399.76385498046875
83,690.9319458007812,526.4329223632812
83,696.3268432617188,397.75341796875
84,694.439697265625,526.1171875
84,697.8402709960938,399.3190002441406
85,696.0210571289062,524.9883422851562
85,699.587646484375,398.6550598144531
86,695.2356567382812,526.0258178710938
86,699.960205078125,397.4228515625
87,694.1987915039062,528.3441162109375
87,701.3402709960938,400.1940002441406
88,697.61181640625,527.5161743164062
88,702.857177734375,398.0023193359375
89,697.4547119140625,527.3992919921875
89,701.2138671875,398.40771484375
90,697.77099609375,532.5252075195312
90,703.8945922851562,400.1351013183594
91,698.1620483398438,529.2051391601562
91,705.8753662109375,402.82196044921875
92,698.78173828125,528.6868286132812
92,706.343505859375,402.2257995605469
93,699.4251098632812,529.723388671875
93,708.5690307617188,402.2291259765625
94,702.3435668945312,531.8007202148438
94,707.6743774414062,398.0598449707031
95,705.7320556640625,527.5941162109375
95,706.6891479492188,396.7084045410156
96,704.7005615234375,527.7781372070312
96,708.23193359375,398.6763000488281
97,702.4829711914062,525.6885986328125
97,706.18994140625,397.1604919433594
98,705.6797485351562,528.7627563476562
98,711.2677001953125,400.3587951660156
99,705.3502197265625,527.456298828125
99,711.4308471679688,397.33148193359375
100,699.4423217773438,522.267333984375
100,703.9231567382812,397.6141662597656
101,697.5037231445312,523.7400512695312
101,707.834716796875,400.1692810058594
102,707.0449829101562,522.63623046875
102,712.4544067382812,400.1905212402344
103,710.2591552734375,524.1690063476562
103,715.21044921875,400.4143371582031
104,707.0953979492188,524.047119140625
104,714.836181640625,404.3349609375
105,709.9094848632812,524.019775390625
105,716.3397216796875,404.0054931640625
106,706.1627807617188,523.9578247070312
106,713.5238037109375,404.27032470703125
107,708.7445678710938,526.0106201171875
107,716.1268920898438,405.7753601074219
108,708.0189819335938,526.5369873046875
108,716.9642333984375,405.89715576171875
109,708.3102416992188,524.5045166015625
109,716.1188354492188,406.25726318359375
110,710.3197631835938,527.7864379882812
110,718.1126098632812,406.4853820800781
111,709.587646484375,524.6259765625
111,724.4312744140625,408.0892333984375
112,709.231689453125,528.0223999023438
112,721.1903076171875,407.03326416015625
113,712.195556640625,528.438232421875
113,721.4845581054688,406.5655212402344
114,709.3963012695312,526.5836791992188
114,722.7440795898438,408.7395935058594
115,700.8997802734375,518.0809326171875
115,718.80908203125,402.1268310546875
116,697.7138061523438,522.2045288085938
116,718.4902954101562,403.9355773925781
117,698.9939575195312,520.5479125976562
117,719.9730834960938,402.00628662109375
118,691.760986328125,517.3192749023438
118,717.8598022460938,403.30633544921875
119,692.6475830078125,516.5438842773438
119,718.4063720703125,404.0485534667969
120,689.9534301757812,511.19140625
120,718.2064208984375,404.69927978515625
121,690.9178466796875,510.88848876953125
121,717.8109130859375,401.42034912109375
122,690.2032470703125,511.2743835449219
122,721.7576904296875,404.21710205078125
123,689.1605224609375,514.2000122070312
123,721.341064453125,401.7926330566406
124,685.2402954101562,515.1991577148438
124,721.4277954101562,403.3866882324219
125,694.456298828125,515.2063598632812
125,729.4019165039062,405.27325439453125
126,694.3078002929688,514.0960083007812
126,730.3530883789062,404.6197814941406
127,698.4906616210938,514.2880859375
127,730.2100830078125,402.4215087890625
128,697.672119140625,508.4460754394531
128,731.6080322265625,406.8075256347656
129,702.6637573242188,507.9138488769531
129,734.82080078125,404.5208435058594
130,694.5930786132812,513.1243286132812
130,730.1915893554688,407.9425048828125
131,695.6028442382812,509.1881408691406
131,727.4835205078125,404.8718566894531
132,693.6329345703125,511.2586669921875
132,732.7638549804688,404.2216491699219
133,697.2713623046875,510.56500244140625
133,736.680908203125,404.779296875
134,695.9193115234375,510.5528259277344
134,733.5840454101562,404.7209777832031
135,697.3259887695312,508.0962829589844
135,733.5320434570312,405.4974060058594
136,698.1248168945312,508.6233825683594
136,735.9324951171875,405.0895080566406
137,698.6471557617188,502.267333984375
137,735.7832641601562,403.7138366699219
138,695.4774169921875,502.080322265625
138,735.19384765625,405.6622009277344
139,695.4368286132812,509.74871826171875
139,737.7543334960938,405.48846435546875
140,696.12451171875,506.0841369628906
140,739.649169921875,407.4354553222656
141,690.4322509765625,504.9441223144531
141,738.1581420898438,406.1144714355469
142,689.4724731445312,505.3894348144531
142,735.6801147460938,406.06268310546875
143,694.2863159179688,508.17327880859375
143,736.1927490234375,406.5796813964844
144,696.4244384765625,501.67950439453125
144,745.6819458007812,408.7545471191406
145,692.9583129882812,500.8328857421875
145,741.6998291015625,408.48577880859375
146,696.0540771484375,503.1849365234375
146,744.1441040039062,411.1994323730469
147,698.1370849609375,502.17919921875
147,745.966796875,408.1744079589844
148,699.0452270507812,498.5641174316406
148,749.4893798828125,407.5402526855469
149,696.3141479492188,495.9848937988281
149,744.1563110351562,409.41802978515625
150,697.88818359375,491.7906494140625
150,748.4715576171875,407.9836120605469
151,702.0792236328125,493.3216857910156
151,745.937744140625,408.87957763671875
152,705.538818359375,491.1197509765625
152,749.2128295898438,409.0155944824219
153,701.9042358398438,498.529541015625
153,750.956298828125,411.9151306152344
154,698.9994506835938,494.511474609375
154,746.5968627929688,408.1088562011719
155,706.0430908203125,491.3053283691406
155,752.0967407226562,409.5732421875
156,703.3817749023438,490.45159912109375
156,747.7738037109375,409.3515930175781
157,700.64013671875,489.1175537109375
157,747.2548828125,406.4621887207031
158,701.33203125,487.96630859375
158,749.7935791015625,407.4748840332031
159,699.5618896484375,487.9577941894531
159,746.5322875976562,406.5858154296875
160,704.3831176757812,485.8807373046875
160,749.540283203125,408.75238037109375
161,696.9222412109375,486.27386474609375
161,745.8521728515625,407.7239074707031
162,702.9987182617188,486.1938781738281
162,750.2669067382812,408.0553894042969
163,706.4783935546875,486.88580322265625
163,749.052001953125,405.9639892578125
164,685.7242431640625,512.7747802734375
164,708.2019653320312,473.9468688964844
164,747.4904174804688,405.5163269042969
165,718.5527954101562,466.8252258300781
165,753.1152954101562,405.5005187988281
166,712.6785278320312,463.46343994140625
166,749.7820434570312,400.6689758300781
167,715.255126953125,464.7980041503906
167,754.032958984375,402.2054443359375
168,718.2650146484375,466.05010986328125
168,752.1914672851562,402.7306823730469
169,715.4539794921875,464.8135070800781
169,745.1589965820312,402.2012634277344
170,711.3385009765625,468.7861022949219
170,747.7578735351562,405.29571533203125
171,714.8802490234375,468.74609375
171,749.1031494140625,404.7226867675781
172,713.8081665039062,470.9752197265625
172,746.6089477539062,406.3123474121094
173,716.0405883789062,468.26739501953125
173,747.5133056640625,403.6011047363281
174,714.6987915039062,464.5679626464844
174,752.56640625,401.59954833984375
175,716.7897338867188,465.4820251464844
175,751.6173706054688,402.708740234375
176,714.4345703125,465.6313171386719
176,745.3440551757812,403.29888916015625
177,717.0347900390625,468.2834167480469
177,748.7791748046875,405.21478271484375
178,715.7203369140625,469.331298828125
178,751.7791137695312,403.13079833984375
179,714.046142578125,468.43463134765625
179,749.4530639648438,402.6598815917969
180,715.2897338867188,464.0041198730469
180,743.4833374023438,404.83966064453125
181,715.61962890625,465.893798828125
181,748.7656860351562,403.2054748535156
182,715.6821899414062,466.4608459472656
182,752.48291015625,403.493408203125
183,716.063720703125,467.6939697265625
183,748.7595825195312,402.7239074707031
184,717.1182250976562,467.1817321777344
184,749.5652465820312,403.13348388671875
185,714.9727172851562,465.8515625
185,749.5025634765625,405.0951843261719
186,716.0928955078125,464.37908935546875
186,750.6536254882812,404.3857727050781
187,720.55126953125,464.40399169921875
187,748.9857177734375,405.457763671875
188,717.1128540039062,452.1737365722656
188,751.0964965820312,404.91375732421875
189,718.4987182617188,448.44384765625
189,750.7487182617188,404.2188720703125
190,720.0982055664062,439.8207702636719
190,746.5906982421875,407.0272521972656
191,717.5232543945312,439.5663757324219
191,747.1078491210938,404.61968994140625
192,718.2695922851562,442.91900634765625
192,747.0490112304688,405.6789855957031
193,721.2724609375,442.73681640625
193,751.4614868164062,405.5247497558594
194,717.2178955078125,438.64404296875
194,745.6626586914062,401.9664001464844
195,720.9661865234375,438.14068603515625
195,746.515380859375,406.0028076171875
196,716.8118896484375,437.4034118652344
196,746.3029174804688,404.3570556640625
197,726.2859497070312,440.2823486328125
197,748.7987670898438,403.7311096191406
198,723.5887451171875,438.2606201171875
198,749.8732299804688,402.7477722167969
199,723.07568359375,436.7978820800781
199,748.2597045898438,402.8742980957031
200,723.8966674804688,437.8507995605469
200,748.14501953125,403.2175598144531
201,722.5568237304688,441.48175048828125
201,752.3538208007812,408.836669921875
202,720.4127197265625,440.6324157714844
202,749.3483276367188,405.510986328125
203,724.2863159179688,441.3892822265625
203,756.2376708984375,408.9101257324219
204,724.1353759765625,443.8968505859375
204,755.8230590820312,409.13079833984375
205,723.4923706054688,442.1568298339844
205,754.7335205078125,408.9726257324219
206,727.7420043945312,450.4402770996094
206,757.3799438476562,409.7716064453125
207,727.744140625,448.3470458984375
207,757.4335327148438,412.8762512207031
208,725.5394897460938,446.3015441894531
208,757.0819091796875,408.64398193359375
209,730.2823486328125,445.6310119628906
209,760.8689575195312,410.91229248046875
210,727.549560546875,447.12701416015625
210,760.5825805664062,411.7714538574219
211,722.4902954101562,446.06378173828125
211,754.1331787109375,410.7108459472656
212,724.3235473632812,443.0196228027344
212,754.7160034179688,411.4454040527344
213,729.5863647460938,449.2455749511719
213,761.7009887695312,416.2767333984375
214,731.1101684570312,447.1356201171875
214,759.6743774414062,417.9602966308594
215,736.2360229492188,447.69757080078125
215,758.907470703125,415.413818359375
216,733.9038696289062,448.6723327636719
216,756.8408203125,414.2408447265625
217,731.70263671875,452.47418212890625
217,760.00048828125,417.4134216308594
218,732.8206787109375,451.9338073730469
218,755.653564453125,415.4154052734375
219,731.0350952148438,452.1435852050781
219,758.2344360351562,413.0363464355469
220,733.5453491210938,455.419189453125
220,759.825927734375,419.7927551269531
221,734.8460693359375,455.86688232421875
221,762.160400390625,419.92401123046875
222,733.6033325195312,455.2591857910156
222,758.0678100585938,418.15032958984375
223,735.89013671875,454.5884704589844
223,761.2059326171875,418.3778991699219
224,739.56787109375,453.8166198730469
224,765.481201171875,417.90484619140625
225,735.7526245117188,453.31024169921875
225,764.1290283203125,420.8345642089844
226,735.4143676757812,453.7641906738281
226,763.3949584960938,421.5801696777344
227,743.127685546875,457.8314208984375
227,771.0418701171875,420.6647644042969
228,743.4234008789062,461.2118835449219
228,768.6798706054688,419.1583251953125
229,741.6630859375,459.80322265625
229,766.8807373046875,422.95111083984375
230,744.5404663085938,457.5793151855469
230,768.805419921875,419.3906555175781
231,744.3882446289062,461.19305419921875
231,767.4276123046875,418.0100402832031
232,744.6301879882812,458.5921325683594
232,767.2698974609375,420.7203369140625
233,748.1701049804688,459.69036865234375
233,771.8853149414062,423.1246337890625
234,742.9431762695312,461.43048095703125
234,766.4849853515625,422.9422607421875
235,742.2868041992188,463.8787536621094
235,766.5855102539062,421.6827087402344
236,749.690673828125,441.46282958984375
237,753.4440307617188,437.5177307128906
238,746.5888061523438,440.8338317871094
239,744.6068115234375,443.7543029785156
240,744.76806640625,441.9486389160156
241,746.7647705078125,440.7842102050781
242,750.1159057617188,441.8600158691406
243,749.8934326171875,441.64947509765625
244,748.620849609375,442.8153076171875
245,749.3887329101562,441.57293701171875
246,748.3823852539062,443.216552734375
247,753.8973388671875,441.205810546875
248,748.9306030273438,449.3832702636719
249,750.9044189453125,448.49835205078125
250,755.0496215820312,458.4095764160156
251,757.0195922851562,457.90997314453125
252,752.9931640625,458.7679443359375
253,751.1646728515625,457.3927307128906
254,750.7840576171875,456.0190124511719
255,753.3837890625,458.0218200683594
256,750.0927124023438,459.4538879394531
257,747.2615356445312,452.4397277832031
258,749.68359375,456.4681091308594
259,750.3970336914062,454.2456970214844
260,746.1608276367188,455.66290283203125
261,743.576904296875,457.8376770019531
262,748.1822509765625,456.9351501464844
263,745.5177612304688,457.6239013671875
264,745.5503540039062,463.57342529296875
265,741.6240844726562,463.2771911621094
266,736.232177734375,467.0887451171875
267,737.2882080078125,462.32086181640625
268,742.6846923828125,461.4383239746094
269,748.2725830078125,457.93389892578125
270,741.341796875,459.4615478515625
271,743.7158203125,456.77239990234375
272,738.7242431640625,458.93182373046875
273,742.0740966796875,456.80267333984375
274,742.4070434570312,456.93902587890625
275,743.9918823242188,457.60394287109375
276,744.7545776367188,455.5706481933594
277,738.44140625,458.3896789550781
278,740.2298583984375,458.0892639160156
279,743.381103515625,458.53118896484375
280,742.1111450195312,458.99676513671875
281,743.4658813476562,457.98486328125
282,722.6000366210938,475.2848205566406
282,769.7049560546875,432.0218811035156
283,723.1661376953125,473.3730773925781
283,756.4024047851562,438.4699401855469
283,775.90234375,427.1783447265625
284,726.2926635742188,478.1163024902344
284,778.1034545898438,420.4166564941406
285,719.565673828125,481.0942077636719
285,775.448974609375,420.3358154296875
286,717.6118774414062,482.6039733886719
286,775.931884765625,418.8567199707031
287,720.3529052734375,483.0101623535156
287,773.6604614257812,418.0354919433594
288,720.80712890625,489.75152587890625
288,776.65234375,419.1504211425781
289,722.6034545898438,487.6510314941406
289,779.615234375,420.0486755371094
290,722.998046875,490.86895751953125
290,777.8399047851562,419.3518371582031
291,717.0674438476562,491.0089416503906
291,771.0750122070312,419.86297607421875
292,717.443359375,496.9184875488281
292,773.693359375,422.1790771484375
293,713.5740356445312,497.1071472167969
293,772.8534545898438,419.61553955078125
294,713.2603759765625,489.5352478027344
294,773.513671875,414.701416015625
295,710.285400390625,489.2618408203125
295,771.1715087890625,414.53924560546875
296,711.9287109375,496.4228210449219
296,767.710205078125,414.7376403808594
297,712.5144653320312,494.2638854980469
297,765.5277099609375,413.5879821777344
298,712.1990356445312,493.3106994628906
298,767.7374267578125,410.5998840332031
299,709.2774047851562,494.5484924316406
299,763.3372192382812,410.34027099609375
300,711.971435546875,490.9941101074219
300,768.0248413085938,403.9941101074219
301,710.7421875,496.7071228027344
301,772.3319091796875,400.8605651855469
302,710.1570434570312,495.0975646972656
302,773.64404296875,401.1163330078125
303,707.1613159179688,493.8026123046875
303,756.0676879882812,401.86541748046875
304,713.4066162109375,495.5960693359375
304,761.0350952148438,403.5370178222656
305,711.2086791992188,493.6026611328125
305,752.4105224609375,405.1666564941406
306,713.1970825195312,494.65447998046875
306,758.9884643554688,405.86199951171875
307,713.5171508789062,493.6781921386719
307,757.7462158203125,403.0752258300781
308,713.743896484375,494.95831298828125
308,759.048095703125,401.6568908691406
309,714.933349609375,489.7320251464844
309,759.2586669921875,401.2711486816406
310,715.3735961914062,494.30859375
310,760.7173461914062,400.55859375
311,716.5972290039062,495.338134765625
311,763.59912109375,401.7002258300781
312,712.1608276367188,490.383056640625
312,754.1142578125,399.98431396484375
313,711.4122924804688,490.166015625
313,755.2019653320312,401.2043151855469
314,712.6785278320312,490.4320983886719
314,756.2637329101562,400.8847351074219
315,715.1033325195312,485.140869140625
315,756.7138671875,401.27081298828125
316,712.507568359375,486.4225158691406
316,756.9533081054688,402.31024169921875
317,709.6393432617188,484.9105529785156
317,754.4342041015625,399.4512634277344
318,710.7655639648438,483.6051940917969
318,753.9776611328125,398.9865417480469
319,711.4379272460938,480.84967041015625
319,758.6007690429688,401.1242980957031
320,715.3848266601562,481.4682312011719
320,762.2074584960938,400.8990783691406
321,717.0986328125,482.4737548828125
321,756.4693603515625,403.33001708984375
322,715.7950439453125,470.2725524902344
322,753.6057739257812,399.9957580566406
323,713.4537963867188,467.41668701171875
323,754.1268920898438,401.67523193359375
324,714.57568359375,464.49493408203125
324,727.3534545898438,400.5320739746094
324,758.8129272460938,401.5139465332031
325,717.3935546875,465.80596923828125
325,728.8176879882812,401.4725646972656
325,760.56787109375,401.4726257324219
326,709.0238647460938,461.185791015625
326,767.5447387695312,402.1024475097656
327,710.166748046875,464.87890625
327,768.3966064453125,403.36981201171875
328,713.391357421875,462.43170166015625
328,768.83935546875,400.21533203125
329,712.4478759765625,462.2211608886719
329,767.59130859375,401.4620056152344
330,712.5247802734375,464.15277099609375
330,769.8749389648438,403.48687744140625
331,719.9915771484375,463.9338073730469
331,774.822509765625,406.6891174316406
332,715.8152465820312,462.90716552734375
332,774.4086303710938,407.06378173828125
333,732.5675048828125,333.76220703125
334,738.4274291992188,331.23077392578125
335,740.2759399414062,331.6725158691406
336,732.8075561523438,324.03973388671875
337,736.9722900390625,319.67132568359375
338,716.8072509765625,325.53131103515625
339,722.1774291992188,326.8049011230469
340,714.0608520507812,321.607177734375
341,710.7474365234375,322.46142578125
342,733.1571044921875,323.6242980957031
343,728.7752685546875,321.451416015625
344,730.8611450195312,328.18035888671875
345,734.1363525390625,324.8997802734375
346,729.497802734375,326.77081298828125
347,722.7568969726562,319.43572998046875
348,721.6647338867188,324.26788330078125
349,719.3741455078125,324.3929138183594
350,722.1592407226562,315.2070007324219
351,723.5645751953125,317.1044616699219
352,713.6368408203125,318.52734375
353,714.19140625,320.0506896972656
354,721.8311157226562,323.14898681640625
355,719.2562255859375,323.76416015625
356,725.0706787109375,321.4830017089844
357,725.1285400390625,321.5877685546875
358,718.3046264648438,323.0912170410156
359,716.4619750976562,324.5392761230469
360,710.9259643554688,323.5503234863281
361,710.57861328125,323.39404296875
362,707.1376342773438,328.2519836425781
363,708.5526123046875,321.62591552734375
364,700.493408203125,318.8448791503906
365,701.5743408203125,322.8963928222656
366,691.2045288085938,324.27313232421875
367,699.4305419921875,323.4605712890625
368,694.139892578125,319.3785095214844
369,690.2850341796875,317.9632263183594
370,687.17822265625,321.3286437988281
371,690.0331420898438,322.89849853515625
372,692.4767456054688,322.3017578125
373,692.7195434570312,323.1992492675781
374,696.9227294921875,318.1169128417969
375,689.19384765625,325.5903015136719
376,687.8724975585938,328.6506042480469
377,695.4730834960938,326.92041015625
378,700.0440063476562,323.4090881347656
379,700.60009765625,323.4095458984375
380,694.2640380859375,327.26715087890625
381,693.8585815429688,326.9469909667969
382,705.00439453125,325.250244140625
383,704.8812255859375,326.50103759765625
384,709.2617797851562,324.0539245605469
385,719.6924438476562,323.3345031738281
386,722.8984375,328.0941162109375
387,724.6580810546875,328.906494140625
388,728.4603881835938,326.5669250488281
389,725.4417114257812,326.8053283691406
390,724.7471923828125,329.33563232421875
391,720.767578125,324.60589599609375
392,726.7453002929688,323.65740966796875
393,734.8150634765625,327.5393981933594
394,729.4949951171875,326.6513366699219
395,730.5419311523438,329.1256103515625
396,734.4005126953125,328.7322082519531
397,730.549072265625,326.7165832519531
398,739.9304809570312,332.1838073730469
399,733.0692749023438,332.37420654296875
400,735.3619384765625,337.2862243652344
401,743.896484375,331.63177490234375
402,739.7120361328125,327.8268127441406
403,744.4756469726562,336.6827087402344
404,744.2916259765625,335.6014404296875
405,739.9739990234375,330.9622802734375
406,740.7371826171875,331.2251892089844
407,744.4066162109375,335.90167236328125
408,743.2926635742188,335.710693359375
409,748.9420776367188,333.8436279296875
410,748.041748046875,336.85992431640625
411,746.9017333984375,333.0958251953125
412,748.7178344726562,337.24725341796875
413,748.8880615234375,337.4622802734375
414,753.7191772460938,339.6986389160156
415,745.6428833007812,337.8172912597656
416,756.5761108398438,337.8804626464844
417,750.9295043945312,339.2904052734375
418,753.6072998046875,337.7645263671875
419,757.7259521484375,336.3277893066406
420,758.3497314453125,340.5954895019531
421,753.7880249023438,336.62567138671875
422,751.2208251953125,339.380126953125
423,759.6993408203125,344.4591064453125
424,765.3162841796875,338.97113037109375
425,763.7271118164062,341.4684753417969
426,767.5872802734375,344.4369201660156
427,760.2869262695312,348.2817687988281
428,756.7798461914062,346.2330627441406
429,755.2291870117188,348.4619445800781
430,763.0711059570312,347.5133056640625
431,759.1055908203125,341.328125
432,761.1424560546875,343.1643981933594
433,769.1658325195312,348.7668762207031
434,763.0662231445312,353.0826416015625
435,770.2446899414062,353.00634765625
436,773.7181396484375,351.6621398925781
437,777.3228149414062,365.2330017089844
438,782.031005859375,353.4585876464844
439,781.7839965820312,355.1069641113281
440,778.3015747070312,360.5334777832031
441,781.6973266601562,356.6553955078125
442,782.9303588867188,359.5755310058594
443,782.352783203125,356.1875
444,786.2938842773438,360.5645446777344
445,782.74560546875,363.03265380859375
446,784.573974609375,357.1720886230469
447,785.9862060546875,360.333251953125
448,784.5872192382812,360.2306213378906
449,786.6195678710938,363.97467041015625
450,780.239990234375,362.0048828125
451,783.686767578125,360.64727783203125
452,785.0711059570312,364.334228515625
453,798.7708129882812,354.4649353027344
454,795.0900268554688,360.067626953125
455,792.0626831054688,363.26361083984375
456,797.0958862304688,363.6204528808594
457,796.3743896484375,363.5595703125
458,794.64306640625,364.41534423828125
459,799.7706298828125,363.62615966796875
460,802.5172729492188,359.479248046875
460,813.66943359375,383.7433166503906
461,809.6874389648438,361.6952819824219
461,817.0553588867188,389.2160339355469
462,800.029052734375,358.77716064453125
462,809.507080078125,386.54400634765625
463,812.1687622070312,357.0458068847656
464,807.55615234375,359.9132995605469
465,805.6204223632812,361.71826171875
466,805.0872192382812,359.4714660644531
467,811.6156616210938,356.5080261230469
468,811.6522827148438,364.1059875488281
469,813.0853881835938,362.8277893066406
470,814.3048095703125,357.53033447265625
471,812.4994506835938,358.6343994140625
472,814.5995483398438,358.1705017089844
473,818.6207275390625,355.25146484375
474,802.6380004882812,354.1095886230469
475,803.965087890625,356.9801330566406
476,794.1640625,356.7994689941406
477,808.5442504882812,362.2627258300781
478,803.77001953125,367.13238525390625
479,810.7351684570312,357.2308044433594
480,807.56005859375,354.2939758300781
481,812.2833251953125,359.2237548828125
482,808.8333740234375,357.9199523925781
483,806.7236938476562,352.6797180175781
484,807.8949584960938,358.7308349609375
485,810.5703125,357.0569763183594
486,808.7679443359375,357.752197265625
487,811.880126953125,358.62567138671875
488,813.519287109375,364.42315673828125
489,818.314208984375,360.85662841796875
490,811.8858032226562,361.7210998535156
491,815.5611572265625,360.2067565917969
492,816.0049438476562,359.9028015136719
493,817.7120971679688,360.760986328125
494,818.6808471679688,362.4008483886719
495,817.196533203125,366.1313781738281
496,822.6953125,362.59344482421875
497,821.7325439453125,363.0614318847656
498,822.3118896484375,364.52203369140625
499,815.2228393554688,363.80157470703125
500,833.010009765625,367.48858642578125
501,832.8585205078125,368.8399963378906
502,828.9609985351562,363.69390869140625
503,835.6845092773438,363.0116882324219
504,856.0222778320312,361.7296447753906
505,853.1741333007812,363.10882568359375
506,859.2583618164062,361.0812683105469
507,863.941162109375,368.15777587890625
508,864.2828979492188,369.0312194824219
509,862.0585327148438,372.22369384765625
510,863.2265014648438,369.32452392578125
511,858.7434692382812,368.346435546875
512,859.3372802734375,368.0951232910156
513,851.9700317382812,366.903076171875
514,866.4765625,365.6136779785156
515,861.6483154296875,356.8714599609375
516,856.4414672851562,361.20654296875
517,857.9120483398438,359.2915344238281
518,849.9786987304688,363.6483459472656
519,855.9630737304688,361.6555480957031
520,852.937255859375,363.4976501464844
521,849.3247680664062,364.0965576171875
522,850.5888671875,359.6600646972656
523,853.3401489257812,366.7904052734375
524,852.898681640625,364.103271484375
525,850.7744750976562,365.46826171875
526,852.5767822265625,358.0907897949219
527,855.4784545898438,364.77618408203125
528,853.0249633789062,356.87969970703125
529,851.9403076171875,361.62103271484375
530,854.8408203125,362.0798034667969
531,860.7176513671875,358.5027160644531
532,849.2240600585938,355.3880920410156
533,858.704833984375,364.31976318359375
534,852.8439331054688,360.0419921875
535,860.8218383789062,364.5705261230469
536,857.9144287109375,358.0205993652344
537,841.915283203125,376.4591979980469
538,843.0682373046875,384.0552062988281
539,844.8753051757812,376.5916442871094
540,849.3917236328125,383.4034423828125
541,844.6357421875,390.08465576171875
542,843.5142822265625,385.2069091796875
543,844.2967529296875,380.0846252441406
544,828.7821655273438,394.20550537109375
545,828.3829345703125,374.6893005371094
546,826.1102905273438,382.07177734375
547,818.2295532226562,381.66595458984375
548,821.898681640625,383.8790588378906
549,814.7220458984375,391.54150390625
550,812.699462890625,386.64263916015625
551,812.5592651367188,387.4933166503906
552,815.0838012695312,389.48883056640625
553,810.6281127929688,390.0916748046875
554,818.7996215820312,385.1282958984375
555,820.87451171875,386.74102783203125
556,819.9364013671875,385.5592346191406
557,810.083984375,390.6397705078125
558,819.7153930664062,387.1177062988281
559,814.7916259765625,384.52532958984375
560,812.3682250976562,382.80645751953125
561,811.7616577148438,392.4363708496094
562,808.8784790039062,389.59222412109375
563,807.4547729492188,390.05914306640625
564,807.1061401367188,393.6136474609375
565,806.607177734375,398.917724609375
566,810.7160034179688,391.5047912597656
567,809.1503295898438,393.0154113769531
568,803.9449462890625,390.3889465332031
569,805.1045532226562,390.41253662109375
570,775.3128051757812,432.7943420410156
570,852.806396484375,335.0489196777344
571,769.7913818359375,438.36871337890625
571,848.4024047851562,325.8609313964844
572,770.67626953125,429.1174621582031
572,854.0093994140625,326.151123046875
573,772.6451416015625,430.8066101074219
573,853.5015869140625,339.3469543457031
574,765.9797973632812,432.4427490234375
574,853.5404663085938,328.54296875
575,768.9032592773438,438.2657165527344
575,855.5776977539062,330.1729736328125
576,765.4718017578125,445.09649658203125
576,852.8389892578125,330.77734375
577,763.3888549804688,437.20733642578125
577,854.1031494140625,328.3058166503906
578,762.234375,438.46575927734375
578,856.1406860351562,330.9515380859375
579,766.3488159179688,438.4106140136719
579,854.8798828125,327.4217834472656
580,764.0491333007812,436.7643127441406
580,854.6060791015625,323.5882568359375
581,758.4714965820312,433.0213928222656
581,850.3099975585938,319.3774108886719
582,755.6431884765625,435.54388427734375
582,846.7384033203125,324.7859802246094
583,754.4923706054688,439.9855041503906
583,852.3928833007812,323.2045593261719
584,764.365478515625,438.82745361328125
584,859.14453125,325.5672912597656
585,767.4338989257812,439.66278076171875
585,858.7239990234375,325.25518798828125
586,761.5855712890625,438.5702209472656
586,858.3551025390625,325.8605651855469
587,756.941162109375,444.83123779296875
587,860.3082885742188,326.2339782714844
588,765.5888061523438,447.4811706542969
588,858.6375122070312,331.9714050292969
589,767.6302490234375,450.7959899902344
589,858.556396484375,331.7841491699219
590,766.9288940429688,453.1734924316406
590,862.0582275390625,335.8072204589844
591,764.3112182617188,449.62347412109375
591,863.8247680664062,333.7586364746094
592,777.9937133789062,461.419677734375
592,874.0277099609375,336.086669921875
593,776.8656616210938,463.7108154296875
593,873.1737670898438,334.87628173828125
594,777.2923583984375,462.180908203125
594,872.5216674804688,333.8198547363281
595,773.3612670898438,458.0082702636719
595,875.0171508789062,328.7018737792969
596,771.9765014648438,464.08038330078125
596,873.955078125,334.4224853515625
597,771.2391967773438,465.536865234375
597,875.7274780273438,337.57257080078125
598,760.1162109375,499.0389099121094
598,876.995361328125,333.0888366699219
599,761.80224609375,501.9251708984375
599,875.9598388671875,331.9159851074219
600,762.5845947265625,511.6322937011719
600,874.2725830078125,335.73883056640625
601,765.3263549804688,514.02490234375
601,875.280029296875,335.2762451171875
602,767.2245483398438,509.6448669433594
602,879.1245727539062,335.28753662109375
603,767.2698364257812,511.64208984375
603,881.4423828125,330.6290283203125
604,774.5170288085938,515.566650390625
604,883.1473999023438,334.8681335449219
605,773.316162109375,515.4850463867188
605,885.8186645507812,334.33551025390625
606,769.4050903320312,513.2149658203125
606,879.559814453125,333.0301208496094
607,770.6473388671875,514.9585571289062
607,883.5081176757812,333.1710205078125
608,767.641357421875,517.2962036132812
608,877.6767578125,333.3746337890625
609,770.3316650390625,516.7516479492188
609,882.5645751953125,332.7715759277344
610,771.2323608398438,516.1207885742188
610,886.0680541992188,338.0506591796875
611,767.4321899414062,517.665771484375
611,882.65771484375,334.9648132324219
612,773.4649047851562,513.5050048828125
612,888.2192993164062,339.6133728027344
613,770.9448852539062,512.643798828125
613,881.610595703125,337.1269226074219
614,767.8778686523438,517.0819702148438
614,882.1920166015625,335.6034240722656
615,767.5632934570312,517.53564453125
615,881.6494750976562,334.9851379394531
616,759.3890380859375,540.7868041992188
616,788.4722290039062,487.8686828613281
616,891.7007446289062,338.9184875488281
617,758.6416015625,542.1171264648438
617,888.6231689453125,338.3031005859375
618,756.600830078125,542.2427978515625
618,887.8021240234375,336.9969177246094
619,758.646240234375,544.0297241210938
619,890.759521484375,339.4654541015625
620,756.3961181640625,542.1629028320312
620,890.2302856445312,338.67730712890625
621,756.5443115234375,539.4489135742188
621,887.1358032226562,337.96136474609375
622,755.4072875976562,541.3609008789062
622,893.775146484375,343.25372314453125
623,759.2987670898438,538.37841796875
623,888.5795288085938,337.9930725097656
624,759.330322265625,539.5772094726562
624,892.5371704101562,338.8811340332031
625,756.5715942382812,534.0299072265625
625,892.156982421875,336.5909118652344
626,751.4517211914062,538.0137329101562
626,890.0275268554688,337.870849609375
627,754.6798706054688,539.2012329101562
627,893.25390625,339.0697021484375
628,760.0536499023438,543.4651489257812
628,891.5109252929688,343.5363464355469
629,756.0062255859375,541.2633056640625
629,891.2769165039062,344.5257568359375
630,757.3470458984375,541.4480590820312
630,893.788330078125,342.68780517578125
631,757.9931640625,541.2159423828125
631,886.9021606445312,340.8219299316406
632,752.1785278320312,544.680419921875
632,892.4229736328125,341.2326965332031
633,747.2822875976562,544.2948608398438
633,891.7522583007812,343.2040710449219
634,749.0146484375,543.3705444335938
634,890.9501953125,340.0738525390625
635,748.0366821289062,542.5374145507812
635,894.84912109375,343.3233947753906
636,748.9068603515625,543.0829467773438
636,890.2432250976562,338.42742919921875
637,744.5568237304688,542.0390625
637,890.1560668945312,340.76171875
638,741.0879516601562,539.828857421875
638,890.7647094726562,339.9295654296875
639,741.7941284179688,544.2886962890625
639,892.6670532226562,340.3726806640625
640,743.8822021484375,540.8551635742188
640,901.3823852539062,342.0544738769531
641,747.0562133789062,541.7437133789062
641,901.7666015625,340.54461669921875
642,743.9058837890625,537.1737670898438
642,903.3681030273438,343.944580078125
643,743.4740600585938,538.0021362304688
643,902.2642822265625,341.4695739746094
644,733.2955932617188,530.9293212890625
644,906.572265625,342.7239074707031
645,736.4761352539062,533.36767578125
645,904.0653076171875,344.5461120605469
646,729.1758422851562,528.514404296875
646,901.5324096679688,339.4888610839844
647,732.726318359375,532.7232666015625
647,911.3963012695312,343.3035583496094
648,737.2018432617188,533.4522705078125
648,908.2730102539062,341.9512634277344
649,737.9053344726562,534.3932495117188
649,909.414306640625,343.6702575683594
650,739.3451538085938,532.0180053710938
650,909.3489990234375,339.8822021484375
651,734.0872192382812,534.1551513671875
651,912.3778076171875,342.25341796875
652,727.6673583984375,534.3662109375
652,909.02587890625,341.0268249511719
653,723.9815673828125,531.5098266601562
653,908.0429077148438,341.15985107421875
654,725.3377075195312,532.7649536132812
654,907.5966186523438,345.2294616699219
655,725.0782470703125,531.0556030273438
655,904.307373046875,340.099853515625
656,722.84130859375,530.0457763671875
656,913.174560546875,343.1452941894531
657,720.175048828125,528.0798950195312
657,915.9468994140625,345.6065368652344
658,714.502685546875,530.6234741210938
658,907.87158203125,343.5889587402344
659,712.2919921875,531.5261840820312
659,907.9780883789062,343.75201416015625
660,717.8212280273438,531.599365234375
660,913.359619140625,342.6597900390625
661,713.897705078125,529.38525390625
661,917.3967895507812,343.72052001953125
662,706.36865234375,525.8386840820312
662,913.06640625,338.9505920410156
663,711.4661254882812,529.0426635742188
663,916.3690185546875,342.1782531738281
664,714.9359130859375,527.167236328125
664,916.3286743164062,338.89593505859375
665,716.6209716796875,530.9190673828125
665,922.1113891601562,340.47418212890625
666,708.5028076171875,529.446533203125
666,916.2958984375,340.4339599609375
667,713.1739501953125,531.5911254882812
667,923.628662109375,342.7430725097656
668,711.6632690429688,532.2816162109375
668,932.1649780273438,344.6643371582031
669,706.114013671875,527.4423217773438
669,931.7117919921875,344.8681640625
670,703.4684448242188,527.8065185546875
670,926.3214111328125,341.9464111328125
671,706.6759033203125,527.4462280273438
671,927.04833984375,341.9632263183594
672,708.4229125976562,528.242919921875
672,935.0892333984375,343.757080078125
673,708.6563720703125,529.0914916992188
673,929.5694580078125,342.08367919921875
674,705.205322265625,529.8775634765625
674,928.7573852539062,343.38433837890625
675,705.725341796875,530.2843627929688
675,933.593994140625,344.9910888671875
676,704.547119140625,526.7185668945312
676,932.3402709960938,344.0353698730469
677,701.7747192382812,528.5045166015625
677,937.5599975585938,351.2052307128906
678,696.9667358398438,524.9224853515625
678,933.45947265625,344.8562927246094
679,694.6484375,525.6749877929688
679,938.2744750976562,346.9679260253906
680,704.2778930664062,528.775634765625
680,939.356689453125,347.3246154785156
681,687.6817626953125,524.8154296875
681,934.4219970703125,344.625
682,692.6077270507812,527.0579223632812
682,930.4595336914062,343.6504211425781
683,697.4763793945312,526.909423828125
683,937.8221435546875,344.7581787109375
684,688.236572265625,525.1754150390625
684,946.3812866210938,350.49560546875
685,688.56494140625,524.7775268554688
685,940.6048583984375,346.20782470703125
686,684.4944458007812,525.030517578125
686,939.8228149414062,349.06500244140625
687,684.9605712890625,523.6949462890625
687,941.1325073242188,347.4311828613281
688,683.5944213867188,520.833740234375
688,938.6239624023438,345.25921630859375
689,691.9339599609375,524.042724609375
689,941.2953491210938,344.62896728515625
690,678.329833984375,521.342529296875
690,937.431640625,345.7752990722656
691,679.52001953125,518.0654907226562
691,935.458984375,341.8136291503906
692,679.2735595703125,518.7835083007812
692,939.503662109375,344.2572326660156
693,686.7882690429688,522.7352905273438
693,945.3694458007812,346.37054443359375
694,679.6200561523438,520.2015991210938
694,936.5300903320312,343.4754943847656
695,683.818603515625,524.305908203125
695,949.6823120117188,348.25146484375
696,678.103271484375,522.467529296875
696,943.6016235351562,347.534423828125
697,688.5435180664062,524.8882446289062
697,949.7041625976562,347.61114501953125
698,686.056640625,525.292724609375
698,946.31494140625,349.5551452636719
699,680.6113891601562,522.4867553710938
699,946.7540893554688,350.0908508300781
700,693.2946166992188,527.3191528320312
700,956.2315673828125,350.6565246582031
701,684.7677001953125,523.0988159179688
701,942.990966796875,346.7922668457031
702,683.568359375,520.439208984375
702,963.1868286132812,350.9167175292969
703,680.6092529296875,522.2360229492188
703,955.5606689453125,350.72589111328125
704,681.2911987304688,517.722412109375
704,968.784423828125,352.7425537109375
705,690.051513671875,522.5438232421875
705,971.7395629882812,352.4522705078125
706,678.7771606445312,517.5565795898438
706,966.5901489257812,352.99908447265625
707,684.4948120117188,523.9273071289062
707,964.4850463867188,353.9302978515625
708,946.4815673828125,350.86260986328125
708,658.8865966796875,511.42205810546875
709,944.818115234375,348.45977783203125
709,653.6651611328125,518.6441040039062
710,936.96923828125,345.67266845703125
710,646.321044921875,515.9421997070312
711,943.9038696289062,352.5962219238281
711,647.9192504882812,521.349365234375
712,940.9777221679688,347.3474426269531
712,646.918701171875,516.4304809570312
713,942.2896118164062,351.1086120605469
713,647.9042358398438,520.8379516601562
714,940.5003051757812,350.6197814941406
714,643.71923828125,516.7135009765625
715,943.3621215820312,352.1437683105469
715,645.792724609375,518.9057006835938
716,946.2573852539062,349.3468322753906
716,650.8408203125,523.9193725585938
717,949.562255859375,351.77752685546875
717,644.6497802734375,521.8904418945312
718,942.8938598632812,344.0878601074219
718,641.501708984375,522.5288696289062
718,629.6683959960938,517.1121826171875
718,610.46826171875,506.26226806640625
719,941.81689453125,345.8519287109375
719,628.1749267578125,518.7702026367188
719,608.8286743164062,508.59063720703125
720,946.40478515625,343.4802551269531
720,611.5604248046875,505.8627014160156
721,944.0680541992188,343.18701171875
721,612.5675048828125,506.00836181640625
722,951.9584350585938,344.1684265136719
722,616.3141479492188,505.2073059082031
722,596.3141479492188,466.0824279785156
723,947.4547119140625,341.5887145996094
723,615.7562255859375,508.0840759277344
724,946.58349609375,343.9355773925781
724,614.72998046875,507.94781494140625
725,953.4930419921875,347.8748779296875
725,615.0613403320312,500.18646240234375
726,958.3161010742188,349.2082824707031
726,616.4364624023438,497.22723388671875
727,954.2077026367188,348.1981201171875
727,622.3615112304688,496.4800109863281
728,953.577880859375,347.3229675292969
728,623.5220336914062,500.4201965332031
729,962.4320068359375,352.26519775390625
729,624.0057373046875,498.2502136230469
730,960.82568359375,352.56878662109375
730,624.0731201171875,495.7666320800781
731,959.1851196289062,352.2469787597656
731,624.86572265625,494.0021057128906
732,960.0427856445312,349.5980224609375
732,635.5322265625,498.42376708984375
733,964.9526977539062,353.33087158203125
733,634.509033203125,499.2294006347656
734,967.2973022460938,356.18157958984375
734,635.6062622070312,502.7698669433594
735,963.9760131835938,355.7767333984375
735,633.591552734375,502.1022644042969
736,973.8319702148438,359.7837219238281
736,638.80712890625,504.85198974609375
737,972.5768432617188,360.47406005859375
737,640.5064697265625,502.47283935546875
738,973.287353515625,361.12518310546875
738,643.231201171875,508.1770324707031
739,968.0960693359375,358.6126403808594
739,642.2355346679688,503.3006286621094
740,971.0029907226562,359.9857177734375
740,645.0159912109375,505.11651611328125
741,964.853515625,352.3138122558594
741,641.73828125,502.66802978515625
742,648.660888671875,499.7249450683594
742,980.052978515625,353.0735168457031
743,651.4523315429688,506.8836975097656
743,983.7538452148438,349.2884216308594
744,649.294677734375,504.5275573730469
744,983.97802734375,345.88348388671875
745,646.3591918945312,506.5543212890625
745,982.6307373046875,352.764892578125
746,650.8818359375,514.759033203125
746,982.1881713867188,353.5557861328125
747,657.5061645507812,511.00396728515625
747,980.0238037109375,352.1219177246094
748,661.2243041992188,514.1163940429688
748,977.119873046875,348.650146484375
749,664.4995727539062,514.6558837890625
749,983.9525146484375,352.7389831542969
750,663.6670532226562,509.9703369140625
750,980.7714233398438,349.6993713378906
751,664.7860717773438,511.2303771972656
751,974.9718017578125,347.8430480957031
752,657.09423828125,511.1922607421875
752,982.234375,351.04559326171875
753,670.7045288085938,512.1071166992188
753,989.3370971679688,354.6625671386719
754,667.5698852539062,512.8786010742188
754,987.318359375,354.0444641113281
755,666.9700927734375,512.5718994140625
755,981.2638549804688,351.0442199707031
756,670.1949462890625,511.21923828125
756,985.137451171875,350.6997375488281
757,666.113037109375,510.481689453125
757,977.6912841796875,348.67108154296875
758,666.7777099609375,513.8854370117188
758,977.0928344726562,348.11114501953125
759,665.8480834960938,510.295654296875
759,982.9490966796875,353.22857666015625
760,666.9151611328125,515.05859375
760,970.7579345703125,350.0468444824219
761,666.1453247070312,509.5524597167969
761,975.7791748046875,348.47186279296875
762,674.6174926757812,518.0508422851562
762,983.7077026367188,355.4784240722656
763,668.7900390625,511.0063171386719
763,979.8898315429688,351.8653869628906
764,668.6644897460938,511.7742614746094
764,980.070068359375,350.430419921875
765,670.1279907226562,513.7637329101562
765,982.3820190429688,352.410400390625
766,680.0478515625,516.18359375
766,985.7051391601562,353.6653137207031
767,677.823486328125,511.2038269042969
767,987.643798828125,355.7169494628906
768,679.3385620117188,509.78857421875
768,986.0538940429688,353.2991638183594
769,682.9445190429688,514.5631103515625
769,993.8865966796875,356.9192810058594
770,679.675537109375,513.6629638671875
770,994.0550537109375,357.7479248046875
771,684.3756713867188,514.7315063476562
771,995.8966064453125,357.99993896484375
772,680.3344116210938,512.5724487304688
772,990.8878173828125,355.31597900390625
773,687.7997436523438,514.81005859375
773,997.4567260742188,358.4042053222656
774,691.1412353515625,515.694580078125
774,998.8195190429688,361.94415283203125
775,684.4381103515625,514.1585693359375
775,990.5020141601562,360.23193359375
776,689.9140625,514.7637329101562
776,989.7069091796875,356.9319152832031
777,685.5740356445312,509.1766357421875
777,984.5801391601562,354.131103515625
778,690.3687133789062,509.2255859375
778,992.1688842773438,358.7557678222656
779,693.5358276367188,508.9263000488281
779,990.37109375,358.308837890625
780,698.7999267578125,511.1892395019531
780,987.7274780273438,361.193115234375
781,694.60400390625,511.3516845703125
781,984.8953247070312,358.89971923828125
782,697.4923706054688,510.49652099609375
782,991.4314575195312,358.632568359375
783,695.781982421875,509.79388427734375
783,983.05615234375,359.1402282714844
784,698.267333984375,510.0465393066406
784,990.2434692382812,362.2915954589844
785,693.8532104492188,512.55908203125
785,989.8370361328125,361.66241455078125
786,690.8035888671875,510.22894287109375
786,981.069091796875,359.61358642578125
787,691.7819213867188,513.8455200195312
787,983.971435546875,353.1693115234375
788,688.5838012695312,511.82354736328125
788,981.537109375,353.2267150878906
789,700.24365234375,515.5636596679688
789,987.8287963867188,354.8782653808594
790,697.1521606445312,517.4406127929688
790,992.1018676757812,357.4526062011719
791,700.5643920898438,517.5264892578125
791,993.683349609375,358.5812072753906
792,696.69140625,518.2105102539062
792,995.4307250976562,358.4031982421875
793,692.7022705078125,518.0923461914062
793,987.67138671875,356.1114501953125
794,685.8741455078125,515.5940551757812
794,1032.8216552734375,380.7306823730469
795,690.33837890625,512.5067749023438
795,1039.0902099609375,383.89715576171875
796,686.7653198242188,513.3201293945312
796,1037.055908203125,385.3726806640625
797,689.8624267578125,512.55126953125
797,1038.7740478515625,388.251220703125
798,687.1281127929688,511.39019775390625
798,1035.2841796875,384.0354309082031
799,686.1054077148438,515.1463623046875
799,1037.2418212890625,385.6756896972656
800,689.4038696289062,513.9260864257812
800,1037.0623779296875,387.00384521484375
801,683.408447265625,510.57196044921875
801,1027.7108154296875,380.4789733886719
802,682.896240234375,509.8990783691406
802,1030.5177001953125,381.2713317871094
803,690.9601440429688,508.39752197265625
803,1027.93701171875,380.0487365722656
804,692.0074462890625,507.5434875488281
804,1035.0247802734375,384.1322021484375
805,695.404052734375,504.62109375
805,1033.4322509765625,381.9432067871094
806,694.5449829101562,509.0384826660156
806,1031.5093994140625,381.1211242675781
807,692.189697265625,510.38189697265625
807,1032.9898681640625,381.0155944824219
808,691.003662109375,509.4200439453125
808,1029.500244140625,381.29180908203125
809,696.4811401367188,513.2191772460938
809,1035.56298828125,384.3810729980469
810,688.600341796875,513.927734375
810,1026.21728515625,385.5809020996094
811,695.7989501953125,513.6224975585938
811,1028.80029296875,385.2186279296875
812,699.1820068359375,510.0890197753906
812,1025.437255859375,383.60955810546875
813,695.88037109375,512.5499267578125
813,1031.055419921875,387.3248291015625
814,698.5882568359375,513.0442504882812
814,1030.3948974609375,381.3150329589844
815,700.2091674804688,512.8721313476562
815,1030.5997314453125,381.4065246582031
816,702.8991088867188,510.8324279785156
816,1028.0821533203125,383.5091552734375
817,699.5361938476562,512.3936767578125
817,1019.199951171875,384.0652770996094
818,701.1585083007812,511.1038818359375
818,1014.8792724609375,386.65362548828125
819,703.1328735351562,506.25201416015625
819,1015.5055541992188,381.942138671875
820,703.6973266601562,510.2043151855469
820,1020.1223754882812,385.98162841796875
821,705.5380249023438,508.10662841796875
821,1015.3842163085938,387.3388366699219
822,704.7026977539062,510.28955078125
822,1013.8214111328125,384.8554382324219
823,700.8107299804688,508.57244873046875
823,1016.1618041992188,386.5040283203125
824,701.9880981445312,507.1952209472656
824,1016.4154052734375,385.38555908203125
825,701.6498413085938,507.5506896972656
825,1015.70068359375,384.99273681640625
826,700.0142822265625,505.96795654296875
826,1011.977783203125,383.7330322265625
827,707.939208984375,502.9848937988281
827,1008.1351928710938,386.026611328125
828,705.17724609375,501.2507629394531
828,1007.1985473632812,382.94384765625
829,710.9912719726562,506.8823547363281
829,1011.26318359375,385.4396057128906
830,708.795166015625,517.56640625
830,979.3289794921875,377.3641662597656
831,712.9597778320312,521.3688354492188
831,984.7494506835938,378.6957702636719
832,981.8195190429688,381.065185546875
832,720.1173706054688,520.78955078125
833,987.8837280273438,385.2444152832031
833,723.7001342773438,516.8582153320312
834,990.1232299804688,378.1764221191406
834,723.4209594726562,514.1192626953125
835,984.38037109375,378.7281799316406
835,722.679443359375,517.8397216796875
836,985.8458251953125,379.8609313964844
836,725.3357543945312,515.6922607421875
837,986.9342041015625,375.54193115234375
837,726.15283203125,515.2674560546875
838,991.5557250976562,379.3171691894531
838,729.779052734375,516.70166015625
839,987.0227661132812,373.7225646972656
839,721.18310546875,509.0838623046875
840,987.4032592773438,375.4438781738281
840,717.9601440429688,512.2800903320312
841,983.6602783203125,369.12115478515625
841,720.3184204101562,506.1986999511719
842,987.50390625,368.6025085449219
842,718.6314697265625,511.1851501464844
843,984.7679443359375,367.1005554199219
843,715.6363525390625,504.1123352050781
844,988.0272216796875,366.1280517578125
844,717.378173828125,499.1808776855469
845,987.1490478515625,368.2618713378906
845,718.1082763671875,506.2881774902344
846,978.2994995117188,369.0767822265625
846,713.40625,501.791748046875
847,974.9395751953125,371.8895568847656
847,713.314697265625,502.3892822265625
848,972.9754028320312,370.2229919433594
848,711.7900390625,503.3204650878906
849,973.0250244140625,370.309326171875
849,707.7556762695312,504.057861328125
850,971.3497314453125,369.9648742675781
850,709.5474853515625,502.4878845214844
851,968.7836303710938,369.1563415527344
851,713.6997680664062,505.5267333984375
852,970.4048461914062,368.282470703125
852,710.3045043945312,507.3160095214844
853,965.9302978515625,370.5660705566406
853,701.1546630859375,491.8626708984375
854,962.93212890625,369.1901550292969
854,694.0538940429688,488.09307861328125
855,966.9923706054688,365.8410949707031
855,699.6209106445312,489.8721618652344
856,966.6983642578125,365.87872314453125
856,699.8651733398438,485.9898681640625
857,964.1976928710938,365.19580078125
857,692.6976318359375,481.40625
858,958.9277954101562,367.8623046875
858,694.9478759765625,481.2933654785156
859,960.3876953125,366.4154052734375
859,694.6448364257812,476.5582580566406
860,955.7443237304688,362.0001525878906
860,687.1777954101562,474.985107421875
861,957.06298828125,363.0752258300781
861,690.1659545898438,478.8296813964844
862,704.2183837890625,477.2354431152344
862,971.461669921875,358.4102783203125
863,705.7744140625,476.3909912109375
863,973.0043334960938,357.4237365722656
864,704.2819213867188,481.1377258300781
864,968.5299072265625,363.7957458496094
865,707.5386962890625,480.6463317871094
865,964.5977172851562,361.2539978027344
866,707.4922485351562,478.82000732421875
866,965.5435180664062,359.6533508300781
867,696.40771484375,482.3787841796875
867,959.943359375,359.0215148925781
868,694.8836669921875,483.1723937988281
868,963.9136352539062,361.8939208984375
869,699.573486328125,475.7818298339844
869,968.9420776367188,357.02587890625
870,697.2359619140625,475.63671875
870,964.1013793945312,358.9060363769531
871,697.8787841796875,499.0100402832031
871,957.0036010742188,357.40826416015625
872,699.1575317382812,500.53009033203125
872,958.5034790039062,357.18218994140625
873,692.4679565429688,507.1451110839844
873,950.3551025390625,357.1893005371094
874,694.216064453125,510.0823059082031
874,950.1812133789062,357.85675048828125
875,697.7482299804688,512.0729370117188
875,954.2518920898438,358.7931213378906
876,751.1860961914062,522.2305297851562
876,947.0018920898438,357.76226806640625
877,756.2679443359375,519.2033081054688
877,953.6820678710938,356.9558410644531
878,770.7903442382812,537.3595581054688
878,942.8843994140625,357.74627685546875
879,774.1490478515625,535.8319702148438
879,941.8657836914062,355.4986572265625
880,788.2030639648438,539.5858764648438
880,939.14794921875,355.9755554199219
881,786.6277465820312,536.7302856445312
881,937.9136352539062,354.238525390625
882,792.8389282226562,538.9465942382812
882,939.6107177734375,356.6993103027344
883,790.778076171875,535.4749145507812
883,938.0408935546875,354.6357727050781
884,793.6301879882812,538.1779174804688
884,938.1184692382812,355.1629333496094
885,789.02001953125,538.765869140625
885,931.6762084960938,353.82843017578125
886,782.904296875,537.487060546875
886,926.8054809570312,354.2067565917969
887,783.2173461914062,534.6478271484375
887,929.6985473632812,354.3252258300781
888,780.0886840820312,538.556884765625
888,930.6282958984375,353.2984619140625
889,779.9776000976562,538.3435668945312
889,927.8741455078125,354.35498046875
890,781.9254760742188,541.5255126953125
890,930.59423828125,353.5752258300781
891,776.6581420898438,539.6737670898438
891,926.4447631835938,353.6354064941406
892,781.6229248046875,539.283447265625
892,928.8848266601562,352.6571044921875
893,777.84228515625,539.3617553710938
893,925.8422241210938,353.998046875
894,777.78125,540.675537109375
894,929.9541625976562,352.0263671875
895,776.5882568359375,534.7911987304688
895,924.41943359375,351.4817810058594
896,772.7398071289062,534.6265869140625
896,923.6611938476562,352.99444580078125
897,775.5241088867188,531.1471557617188
897,925.361083984375,352.8046569824219
898,775.3526000976562,535.2243041992188
898,925.594970703125,350.6107177734375
899,777.2828369140625,531.0035400390625
899,926.4803466796875,348.79345703125
900,774.3677978515625,534.6217041015625
900,925.0075073242188,351.7058410644531
901,775.1513061523438,530.4962768554688
901,923.3179321289062,352.04412841796875
902,768.48583984375,533.1967163085938
902,919.4324951171875,351.2881164550781
903,774.4290161132812,533.4638671875
903,925.800537109375,351.5398254394531
904,770.2289428710938,526.1956176757812
904,923.4515380859375,351.4818115234375
905,770.6458129882812,525.0238037109375
905,923.03759765625,349.3726806640625
906,769.589599609375,526.2122802734375
906,920.8992919921875,351.81561279296875
907,769.2076416015625,524.1522827148438
907,922.6768798828125,350.7369384765625
908,771.031005859375,529.0626831054688
908,924.3099365234375,350.0961608886719
909,771.5165405273438,528.7139892578125
909,922.6052856445312,352.1147155761719
910,770.5252075195312,520.2579956054688
910,926.2797241210938,353.4822082519531
911,765.9048461914062,516.3907470703125
911,923.3211059570312,351.2550354003906
912,765.6932373046875,516.9173583984375
912,920.3684692382812,354.1372375488281
913,766.7472534179688,520.9263916015625
913,919.0206298828125,353.67645263671875
914,767.0442504882812,514.1129150390625
914,921.71923828125,352.689208984375
915,763.22119140625,513.4652709960938
915,918.110107421875,353.7206726074219
916,763.0103759765625,509.8986511230469
916,918.1818237304688,354.24151611328125
917,753.9697875976562,504.91485595703125
917,917.4647216796875,351.9192810058594
918,751.2650146484375,506.5633239746094
918,915.7239379882812,358.1727600097656
919,751.0896606445312,506.1365966796875
919,913.8735961914062,353.302490234375
920,749.9520263671875,503.545654296875
920,913.0492553710938,353.5995788574219
921,752.4033813476562,506.1226806640625
921,916.8441772460938,356.4057922363281
922,754.0126342773438,495.5357971191406
922,911.8538208007812,355.2095031738281
923,747.9061279296875,494.8567810058594
923,905.52001953125,352.7165222167969
924,748.489990234375,497.7033386230469
924,910.856201171875,351.1412353515625
925,753.4257202148438,492.39404296875
925,910.3948974609375,352.5044860839844
926,750.9105224609375,489.8328857421875
926,906.5376586914062,352.0834045410156
927,752.3936767578125,487.8319396972656
927,911.125732421875,358.27923583984375
928,752.7177734375,485.5982971191406
928,908.1450805664062,355.686279296875
929,748.2274780273438,480.7063293457031
929,906.202392578125,354.3230285644531
930,751.3380126953125,477.350341796875
930,912.4242553710938,353.93170166015625
931,747.7479248046875,474.7735595703125
931,911.0389404296875,358.7333679199219
932,737.28857421875,471.4613952636719
932,902.98583984375,350.32183837890625
933,739.604736328125,477.7274169921875
933,904.6968383789062,359.52447509765625
934,737.4978637695312,476.34869384765625
934,908.091552734375,355.81646728515625
935,736.20068359375,477.65374755859375
935,905.0579833984375,352.0490417480469
936,752.837890625,533.0201416015625
936,911.989013671875,360.21832275390625
937,755.9783325195312,533.2672729492188
937,914.9212036132812,359.4386291503906
938,888.7022705078125,351.70050048828125
938,724.3452758789062,530.641357421875
938,644.3970336914062,275.0815124511719
939,890.7996826171875,354.4228820800781
939,728.988037109375,529.638427734375
939,648.7041625976562,277.389404296875
940,890.7836303710938,357.6275939941406
940,732.4969482421875,533.20947265625
940,645.0556030273438,278.5594177246094
941,894.966796875,353.9757995605469
941,727.6710205078125,527.4765625
941,647.8463134765625,276.72967529296875
942,887.5853271484375,352.6788330078125
942,722.3244018554688,525.0316162109375
942,639.6688232421875,275.1204528808594
943,884.9489135742188,352.8374328613281
943,723.5330810546875,526.2296142578125
943,636.7949829101562,272.5775451660156
944,887.7745971679688,354.9261474609375
944,725.8560791015625,526.8104858398438
944,638.6581420898438,277.0726013183594
945,884.9007568359375,355.62554931640625
945,715.8154296875,531.2432861328125
945,636.2059936523438,279.4739074707031
946,890.820068359375,357.7325439453125
946,722.8121948242188,527.8658447265625
946,639.6929931640625,276.8041687011719
947,888.2241821289062,356.1723327636719
947,717.1516723632812,525.2484130859375
947,635.8823852539062,276.0291748046875
948,886.4784545898438,356.2409973144531
948,710.8021850585938,523.3917846679688
948,633.0340576171875,274.48687744140625
949,885.6868286132812,353.1383361816406
949,712.2501220703125,523.7405395507812
949,635.7015991210938,273.8968811035156
950,883.6381225585938,352.5551452636719
950,708.5409545898438,520.6212768554688
950,627.5258178710938,272.3415222167969
951,884.8092041015625,358.2373962402344
951,709.281005859375,524.7792358398438
951,632.1331787109375,275.0001525878906
952,883.18017578125,352.4112548828125
952,711.3667602539062,519.5289306640625
952,633.5238647460938,270.1575927734375
953,887.7369384765625,356.7651672363281
953,713.6368408203125,524.9511108398438
953,632.7371826171875,272.6118469238281
954,886.3715209960938,354.6272888183594
954,711.5152587890625,528.1521606445312
954,633.1654663085938,273.77740478515625
955,883.507568359375,355.5557861328125
955,705.9607543945312,523.51025390625
955,626.7706909179688,275.06683349609375
956,886.2119140625,356.572998046875
956,708.1511840820312,525.2044067382812
956,634.0955810546875,274.84320068359375
957,891.1936645507812,351.66455078125
957,700.6995239257812,519.4332275390625
957,631.5321044921875,273.86456298828125
958,891.196044921875,356.26116943359375
958,699.3488159179688,522.1304321289062
958,631.7223510742188,273.4815979003906
959,889.8555908203125,357.2569274902344
959,699.112548828125,518.920166015625
959,632.6453857421875,277.20294189453125
960,885.5682983398438,359.4114990234375
960,695.6542358398438,519.7849731445312
960,624.6946411132812,275.6952209472656
961,892.2276000976562,357.1046447753906
961,701.9991455078125,520.3903198242188
961,622.5482177734375,278.0951843261719
962,884.9641723632812,356.7334899902344
962,695.8810424804688,516.12646484375
962,615.5953369140625,274.697998046875
963,880.517578125,352.3756408691406
963,688.1613159179688,513.2747802734375
963,616.9139404296875,272.6108093261719
964,875.0701293945312,351.7818908691406
964,685.9522094726562,512.2179565429688
964,612.2493286132812,274.3212585449219
965,866.2176513671875,347.2203063964844
965,680.3265991210938,509.1711730957031
965,603.569580078125,268.3771057128906
966,878.8933715820312,352.100830078125
966,683.949462890625,515.938232421875
966,610.5939331054688,276.2456970214844
967,880.0045166015625,351.2389831542969
967,687.1163330078125,514.709228515625
967,611.6366577148438,275.1743469238281
968,879.0527954101562,351.3232116699219
968,685.3170776367188,516.3052978515625
968,609.9501953125,279.7803039550781
969,871.2461547851562,349.34088134765625
969,681.4655151367188,516.8726806640625
969,607.7986450195312,276.17742919921875
970,874.0879516601562,347.6461181640625
970,679.4409790039062,509.68511962890625
970,608.0626220703125,276.5768127441406
971,874.8926391601562,347.3877258300781
971,676.7069702148438,501.5587158203125
971,609.1846923828125,274.4491271972656
972,877.5609741210938,351.12890625
972,679.339111328125,503.94439697265625
972,610.7865600585938,278.77410888671875
973,870.6193237304688,349.6947937011719
973,673.6676635742188,499.6633605957031
973,605.8441772460938,273.869140625
974,872.7528076171875,349.9405212402344
974,674.0843505859375,500.7859191894531
974,609.2421264648438,276.4493713378906
975,878.6640014648438,351.49609375
975,677.8250122070312,500.0500793457031
975,612.327880859375,276.48004150390625
976,879.0216064453125,350.83343505859375
976,677.84716796875,504.23846435546875
976,610.4884643554688,277.9811706542969
977,867.6766357421875,349.5169372558594
977,669.9530029296875,498.4149475097656
977,612.2606201171875,273.4010925292969
978,865.6163330078125,348.7828674316406
978,669.940673828125,498.91815185546875
978,614.2266235351562,277.0995788574219
979,862.43017578125,348.3474426269531
979,666.201416015625,497.5303955078125
979,611.9595336914062,275.52392578125
980,867.0053100585938,353.6924743652344
980,670.6746826171875,499.35333251953125
980,618.6702880859375,274.44305419921875
981,864.2312622070312,350.5418395996094
981,668.6484985351562,500.2768859863281
981,615.166015625,277.6647644042969
982,868.8319702148438,349.3691711425781
982,677.8428344726562,495.4173889160156
982,620.2857666015625,269.7807922363281
983,859.93212890625,346.4772033691406
983,670.70068359375,498.34375
983,612.9646606445312,267.9792175292969
984,862.884521484375,355.92120361328125
984,676.5132446289062,503.8974914550781
984,619.5847778320312,277.6022644042969
985,859.41259765625,342.9922790527344
985,661.5565185546875,490.95684814453125
985,613.1316528320312,275.5235900878906
986,865.048583984375,342.8853454589844
986,665.7429809570312,490.6354064941406
986,619.9332885742188,275.2820129394531
987,848.5977783203125,335.5749816894531
987,611.9170532226562,262.73236083984375
987,646.57568359375,481.51251220703125
988,841.6084594726562,338.6929931640625
988,612.3955688476562,261.82281494140625
988,645.3433227539062,478.8291931152344
989,847.4252319335938,337.2754211425781
989,613.2748413085938,261.9516906738281
989,646.9183959960938,478.16143798828125
990,845.9818115234375,335.9527893066406
990,619.7984008789062,263.76251220703125
990,644.1734619140625,473.24114990234375
991,842.159912109375,333.8032531738281
991,612.3756713867188,263.7162780761719
991,644.8703002929688,477.874755859375
992,842.8723754882812,335.781005859375
992,612.3677368164062,262.0368957519531
992,645.2999877929688,477.85540771484375
993,845.5533447265625,335.6850891113281
993,613.2860717773438,262.8016357421875
993,643.9445190429688,480.5093078613281
994,848.9940795898438,339.4854431152344
994,622.6190795898438,263.6917419433594
994,648.1779174804688,477.33282470703125
995,847.8560180664062,337.5536193847656
995,618.6881103515625,262.2458801269531
995,644.9854125976562,477.4536437988281
996,845.0716552734375,335.5078430175781
996,615.395751953125,262.41510009765625
996,644.181884765625,479.38421630859375
997,844.294189453125,333.55804443359375
997,613.7140502929688,262.17303466796875
997,644.4503173828125,481.918212890625
998,846.0703735351562,329.61517333984375
998,616.6010131835938,260.131103515625
998,645.7821044921875,479.9831237792969
999,839.8919677734375,327.7496643066406
999,610.1874389648438,258.1439208984375
999,639.8255615234375,477.50579833984375
1000,843.5098266601562,331.58380126953125
1000,612.92919921875,261.53082275390625
1000,640.6123657226562,480.85076904296875
1001,843.4188842773438,331.3040466308594
1001,613.8892211914062,262.44573974609375
1001,643.406982421875,475.1377258300781
1002,843.0381469726562,330.518310546875
1002,612.0841674804688,262.4596252441406
1002,641.5350952148438,475.0666198730469
1003,840.3131103515625,329.6905822753906
1003,609.2997436523438,262.21282958984375
1003,642.3842163085938,476.97454833984375
1004,843.2704467773438,336.276123046875
1004,617.792724609375,266.1064758300781
1004,647.2927856445312,484.8877258300781
1005,833.7688598632812,331.9647521972656
1005,604.0514526367188,261.3373718261719
1005,638.6426391601562,482.120361328125
1006,839.688232421875,334.7307434082031
1006,612.4603881835938,264.7996520996094
1006,641.4834594726562,478.9815673828125
1007,830.89794921875,329.47869873046875
1007,602.2196044921875,262.12890625
1007,634.66064453125,476.0711669921875
1008,834.1281127929688,327.1972351074219
1008,608.1107788085938,262.4804382324219
1008,639.3401489257812,479.2123718261719
1009,831.2582397460938,328.85882568359375
1009,603.3461303710938,261.4745788574219
1009,636.8703002929688,476.8627014160156
1010,836.9703369140625,333.6443176269531
1010,611.2059936523438,264.6092529296875
1010,641.0595703125,484.8367919921875
1011,838.3967895507812,329.4730224609375
1011,610.11376953125,264.7440185546875
1011,642.1170043945312,478.5701904296875
1012,832.9779052734375,326.79449462890625
1012,604.0069580078125,260.5428161621094
1012,636.2534790039062,471.8980407714844
1013,840.8339233398438,329.9914245605469
1013,613.5631103515625,266.38531494140625
1013,642.5442504882812,497.5110778808594
1014,838.9216918945312,329.9462585449219
1014,610.8700561523438,263.2332763671875
1014,642.3145141601562,491.6374206542969
1015,832.5631103515625,326.3543395996094
1015,609.6912841796875,260.52569580078125
1015,633.396240234375,491.08770751953125
1016,832.4843139648438,331.58038330078125
1016,611.3212280273438,265.4158020019531
1016,636.1375122070312,493.7439880371094
1017,837.232177734375,331.5115661621094
1017,614.2757568359375,268.0259704589844
1017,637.6590576171875,489.1761169433594
1018,831.9094848632812,328.1316833496094
1018,608.422607421875,261.6156311035156
1018,631.1626586914062,482.1610107421875
1019,825.3082275390625,324.8945007324219
1019,601.8552856445312,260.7035827636719
1019,626.1397705078125,481.3846130371094
1020,596.9119873046875,264.6940002441406
1020,817.02783203125,333.46197509765625
1020,613.8561401367188,487.7109069824219
1020,361.3620300292969,405.5614929199219
1020,358.04156494140625,427.66064453125
1021,581.4654541015625,263.74395751953125
1021,822.0603637695312,332.0725402832031
1021,618.5986938476562,489.4439697265625
1021,365.8653564453125,410.1273193359375
1021,360.4865417480469,430.7712707519531
1022,586.1129150390625,265.1430969238281
1022,821.8839721679688,338.01898193359375
1022,624.8916015625,486.1627197265625
1022,361.25079345703125,406.26513671875
1022,357.9650573730469,431.7046813964844
1023,584.4132080078125,265.7304382324219
1023,822.4157104492188,331.1995849609375
1023,623.198974609375,487.0163269042969
1023,359.34869384765625,404.9328308105469
1023,357.28204345703125,430.26617431640625
1024,580.148193359375,264.5805969238281
1024,821.8572998046875,330.60760498046875
1024,622.9607543945312,485.09814453125
1024,360.96063232421875,403.9868469238281
1024,357.506103515625,431.7141418457031
1025,582.45263671875,266.6302490234375
1025,827.9718017578125,332.9687194824219
1025,626.8011474609375,492.1131286621094
1025,364.0576477050781,404.96197509765625
1025,361.10308837890625,434.3983459472656
1026,578.8369750976562,265.5535583496094
1026,821.0209350585938,329.7248229980469
1026,621.5407104492188,482.8091125488281
1026,358.41253662109375,402.4959716796875
1026,355.7534484863281,428.7118835449219
1027,586.38818359375,266.75341796875
1027,817.3590087890625,329.2939758300781
1027,623.3925170898438,486.7778625488281
1027,363.28961181640625,401.93035888671875
1027,357.4209289550781,429.7384033203125
1028,583.9923095703125,267.9579162597656
1028,820.979248046875,327.7053527832031
1028,623.6533203125,487.1043395996094
1028,365.2062683105469,404.0818786621094
1028,359.5395812988281,429.0818786621094
1029,580.1459350585938,268.35205078125
1029,820.7823486328125,330.8031921386719
1029,621.7715454101562,484.923828125
1029,365.6153564453125,404.4884033203125
1029,358.6487121582031,425.2884826660156
1030,579.281982421875,269.05706787109375
1030,822.931884765625,332.3126220703125
1030,622.6940307617188,480.75225830078125
1030,367.23797607421875,404.6028137207031
1030,359.23199462890625,425.6792907714844
1031,569.3482055664062,266.4749755859375
1031,816.1160888671875,328.642822265625
1031,619.873291015625,485.5166320800781
1031,364.5287170410156,402.8610534667969
1031,357.8193359375,426.7499694824219
1032,561.3777465820312,269.0369873046875
1032,816.211181640625,330.1103210449219
1032,621.7582397460938,486.5408935546875
1032,365.4110107421875,402.9369812011719
1032,358.6879577636719,428.0703125
1033,560.6490478515625,268.5466003417969
1033,818.9229736328125,329.35382080078125
1033,626.6687622070312,478.9233093261719
1033,368.96295166015625,403.4525146484375
1033,361.1340637207031,426.5648193359375
1034,551.7935791015625,271.2417907714844
1034,813.0961303710938,333.07879638671875
1034,625.6566772460938,476.47247314453125
1034,364.9976806640625,403.3136291503906
1034,359.41436767578125,426.0080871582031
1035,550.5264282226562,270.6839599609375
1035,816.2811889648438,330.0439758300781
1035,624.9345092773438,479.720458984375
1035,364.8464050292969,404.49853515625
1035,358.84637451171875,427.0439758300781
1036,553.1326293945312,267.73138427734375
1036,815.0816040039062,331.18731689453125
1036,621.87109375,478.2225646972656
1037,553.0738525390625,267.9481201171875
1037,813.6270141601562,331.8814697265625
1037,620.4318237304688,472.381591796875
1038,555.7493896484375,267.5316467285156
1038,814.0911254882812,332.1316223144531
1038,622.9412841796875,469.6649475097656
1039,555.2528686523438,266.73651123046875
1039,813.6282958984375,330.855224609375
1039,622.7490234375,468.8436584472656
1040,554.8748779296875,267.8583679199219
1040,814.9965209960938,330.6797790527344
1040,622.8289794921875,466.7941589355469
1041,557.9095458984375,269.11273193359375
1041,813.1009521484375,332.4265441894531
1041,621.0176391601562,467.00164794921875
1042,552.587646484375,271.7761535644531
1042,810.490966796875,332.3388366699219
1042,618.5574340820312,467.77392578125
1043,551.7115478515625,273.1181945800781
1043,809.28173828125,331.57928466796875
1043,616.1217651367188,467.06982421875
1044,552.9681396484375,273.6853332519531
1044,814.5173950195312,330.71435546875
1044,616.84375,470.1363830566406
1045,557.4118041992188,273.3958740234375
1045,818.9532470703125,333.6710205078125
1045,616.4228515625,486.7918701171875
1046,552.6110229492188,272.9383239746094
1046,813.329833984375,331.2335510253906
1046,611.1934204101562,482.2657165527344
1047,550.3890991210938,265.2093200683594
1047,807.660888671875,329.96099853515625
1047,615.2630615234375,482.7683410644531
1047,315.95892333984375,389.0592956542969
1048,555.0614013671875,269.1618347167969
1048,811.2200927734375,331.4330749511719
1048,619.9502563476562,488.11572265625
1048,319.90582275390625,388.35443115234375
1049,322.231201171875,392.1173400878906
1049,338.48736572265625,416.1289978027344
1049,602.6373901367188,498.7997131347656
1049,636.746337890625,460.031494140625
1049,814.5145874023438,331.6585693359375
1049,555.1729736328125,266.54180908203125
1050,317.82904052734375,396.0323181152344
1050,330.1764221191406,419.7550964355469
1050,600.9281005859375,497.3371887207031
1050,631.7764282226562,459.62188720703125
1050,807.4954833984375,333.5406494140625
1050,548.1930541992188,268.7384338378906
1051,320.6979675292969,394.5726013183594
1051,336.36944580078125,420.8083801269531
1051,605.4798583984375,498.87103271484375
1051,639.6615600585938,461.06805419921875
1051,811.2240600585938,333.5040588378906
1051,552.1239624023438,268.1095886230469
1052,315.185302734375,398.25811767578125
1052,329.1070251464844,418.85235595703125
1052,598.22314453125,497.4865417480469
1052,632.773681640625,461.8521423339844
1052,807.9403686523438,329.5856018066406
1052,546.66357421875,267.3885803222656
1053,316.0498046875,397.1728210449219
1053,330.1376647949219,418.52740478515625
1053,601.8612670898438,497.484375
1053,635.1781005859375,459.7359924316406
1053,809.8750610351562,328.7724609375
1053,548.2315063476562,267.5819396972656
1054,305.71661376953125,390.6451416015625
1054,323.41668701171875,419.5422058105469
1054,596.4384765625,497.8156433105469
1054,626.8013916015625,454.6851806640625
1054,802.8519897460938,335.13677978515625
1054,541.0367431640625,268.5650634765625
1055,309.5862731933594,390.61541748046875
1055,325.8154602050781,417.8564758300781
1055,599.6442260742188,495.0005187988281
1055,630.2852783203125,451.5923767089844
1055,805.5113525390625,328.5278625488281
1055,544.5221557617188,268.1208801269531
1056,312.8153076171875,394.6162414550781
1056,327.88201904296875,421.1940002441406
1056,597.3307495117188,501.4695739746094
1056,629.5167236328125,455.6869201660156
1056,807.19189453125,331.8616638183594
1056,548.0975341796875,269.27862548828125
1057,310.38873291015625,390.0225830078125
1057,323.8661804199219,421.669677734375
1057,595.4671630859375,497.6589050292969
1057,624.6428833007812,449.2892150878906
1057,798.4622802734375,330.86126708984375
1057,544.1910400390625,268.2077941894531
1058,311.4573059082031,388.80938720703125
1058,326.7513427734375,421.12139892578125
1058,597.0704345703125,499.21630859375
1058,626.3285522460938,447.6088562011719
1058,802.5323486328125,332.21624755859375
1058,546.0560913085938,268.1947326660156
1059,312.7458801269531,391.0458068847656
1059,326.3625183105469,425.18743896484375
1059,599.1622924804688,498.8376159667969
1059,631.253173828125,451.2543029785156
1059,802.4823608398438,333.3874206542969
1059,549.4290161132812,270.1207580566406
1060,314.1893005371094,391.1117248535156
1060,328.3595275878906,425.1660461425781
1060,599.3917236328125,496.2237548828125
1060,628.9125366210938,449.5978698730469
1060,804.448486328125,332.5195007324219
1060,550.853271484375,270.03143310546875
1061,316.6964111328125,392.6385803222656
1061,329.70062255859375,424.0701904296875
1061,601.6921997070312,497.02337646484375
1061,634.0518188476562,449.1162414550781
1061,807.3997192382812,332.2019958496094
1061,553.1439208984375,268.9751281738281
1062,316.5749816894531,393.268798828125
1062,331.3484802246094,427.3499755859375
1062,603.4638671875,497.82421875
1062,634.6067504882812,448.2289733886719
1062,805.2642211914062,335.1242980957031
1062,552.2416381835938,271.1021423339844
1063,316.48687744140625,396.61785888671875
1063,329.5277099609375,425.93145751953125
1063,604.62890625,499.3369140625
1063,635.12255859375,451.0818786621094
1063,806.6793823242188,337.5980529785156
1063,551.4366455078125,271.9796142578125
1064,315.1069641113281,395.424560546875
1064,327.3748474121094,422.89483642578125
1064,597.7644653320312,498.1757507324219
1064,627.9322509765625,448.1327819824219
1064,804.5134887695312,337.7786865234375
1064,546.3511352539062,269.75201416015625
1065,313.8200378417969,395.0439758300781
1065,327.57489013671875,421.5439758300781
1065,598.4149780273438,498.0796813964844
1065,627.162841796875,449.8381042480469
1065,803.0509033203125,335.9310607910156
1065,548.7463989257812,271.0239562988281
1066,313.98065185546875,397.349365234375
1066,325.53662109375,421.3586120605469
1066,598.293701171875,499.1350402832031
1066,626.4293823242188,445.3230285644531
1066,799.7658081054688,337.3349914550781
1066,544.810302734375,272.87646484375
1067,313.6460266113281,394.5887756347656
1067,326.8951416015625,420.77557373046875
1067,599.3566284179688,496.1601867675781
1067,629.9232177734375,443.2207946777344
1067,801.5416870117188,336.13519287109375
1067,545.1912841796875,273.8102111816406
1068,310.7557373046875,393.9055480957031
1068,324.78375244140625,419.3285217285156
1068,600.4443969726562,496.85809326171875
1068,622.76171875,446.5456237792969
1068,798.0761108398438,331.40350341796875
1068,545.0567016601562,270.8979187011719
1069,313.6660461425781,394.1576232910156
1069,326.9923095703125,423.352783203125
1069,602.2369384765625,498.9739990234375
1069,628.101806640625,445.7767333984375
1069,802.6663818359375,333.3545837402344
1069,548.5169067382812,271.7739562988281
1070,317.85205078125,392.0209655761719
1070,327.9991149902344,420.0910339355469
1070,606.9171142578125,496.6614685058594
1070,628.9605712890625,438.0962219238281
1070,804.93798828125,336.23712158203125
1070,550.7268676757812,267.1940002441406
1071,317.5546875,398.39935302734375
1071,326.77691650390625,423.023681640625
1071,603.7294311523438,499.6427307128906
1071,609.2130737304688,436.34234619140625
1071,808.6289672851562,337.95489501953125
1071,552.501220703125,272.15667724609375
1072,313.18548583984375,397.42364501953125
1072,322.9830322265625,423.2284240722656
1072,599.17333984375,501.3045959472656
1072,599.4918212890625,438.0740051269531
1072,803.05712890625,339.75433349609375
1072,546.98291015625,272.7375183105469
1073,310.1437683105469,392.1832275390625
1073,319.8447570800781,419.02392578125
1073,598.3811645507812,495.3338623046875
1073,593.9090576171875,427.1415710449219
1073,800.6117553710938,336.29541015625
1073,543.727294921875,269.0344543457031
1074,309.31378173828125,393.97332763671875
1074,319.9986877441406,422.0218200683594
1074,593.6318969726562,501.24609375
1074,593.2610473632812,432.5100402832031
1074,800.1911010742188,338.06695556640625
1074,543.4462890625,272.640869140625
1075,313.4184265136719,396.5941467285156
1075,324.2184143066406,422.2924499511719
1075,599.4181518554688,501.0470886230469
1075,600.6181640625,431.3970947265625
1075,805.6774291992188,349.4849548339844
1075,549.264404296875,277.84112548828125
1076,312.2611999511719,393.88580322265625
1076,322.6986999511719,420.27325439453125
1076,597.2891845703125,503.6321716308594
1076,601.011474609375,430.19696044921875
1076,805.8563232421875,345.1979064941406
1076,547.0299682617188,276.0024719238281
1077,321.7215270996094,391.2969665527344
1077,599.2946166992188,422.4020080566406
1077,815.1419677734375,336.74652099609375
1077,552.0184936523438,265.3653259277344
1078,322.6795654296875,400.33050537109375
1078,599.4769287109375,430.2869567871094
1078,816.6747436523438,341.32574462890625
1078,553.0538330078125,271.6971435546875
1079,314.7035827636719,391.9996337890625
1079,592.8121337890625,426.668212890625
1079,810.3425903320312,337.6660461425781
1079,546.0321655273438,265.5068054199219
1080,310.35968017578125,394.45855712890625
1080,588.70751953125,424.9545593261719
1080,811.5728759765625,338.2475280761719
1080,541.341796875,266.9407958984375
1081,319.4305114746094,398.8935241699219
1081,593.9661865234375,425.1211853027344
1081,817.7162475585938,341.0982666015625
1081,548.2767333984375,270.0710144042969
1082,314.8252258300781,397.8146667480469
1082,590.4804077148438,424.36639404296875
1082,815.9120483398438,343.26983642578125
1082,545.1986694335938,270.3865051269531
1083,312.62237548828125,399.0068054199219
1083,586.9436645507812,423.4578552246094
1083,811.9738159179688,342.7373046875
1083,542.5546875,269.8004455566406
1084,312.5272216796875,394.5010681152344
1084,604.8919067382812,436.8137512207031
1084,815.943115234375,338.3232116699219
1084,544.8710327148438,264.1885986328125
1085,315.9221496582031,392.1235656738281
1085,608.8074951171875,436.5636901855469
1085,816.9769287109375,336.7926025390625
1085,547.462158203125,264.8780517578125
1086,312.6088562011719,398.44073486328125
1086,620.4236450195312,444.87200927734375
1086,811.5208129882812,340.05694580078125
1086,546.9115600585938,266.8022155761719
1087,310.9640808105469,403.23236083984375
1087,624.3641967773438,449.5989990234375
1087,814.3665771484375,344.5511169433594
1087,547.2923583984375,271.49029541015625
1088,308.4538879394531,403.09686279296875
1088,618.58251953125,451.2724304199219
1088,811.3386840820312,340.0907897949219
1088,542.1054077148438,269.29632568359375
1089,307.4305725097656,393.9969787597656
1089,625.9938354492188,448.584228515625
1089,821.111572265625,345.1798400878906
1089,547.6224365234375,269.7269592285156
1090,305.80584716796875,397.17669677734375
1090,625.0686645507812,448.8916320800781
1090,821.3125610351562,349.697509765625
1090,546.3056640625,270.47674560546875
1091,302.75726318359375,394.0909118652344
1091,622.3037109375,447.3685302734375
1091,818.5581665039062,341.7930603027344
1091,546.107177734375,265.7322692871094
1092,296.2781677246094,396.7154846191406
1092,621.3114624023438,446.9206237792969
1092,815.5758056640625,348.97039794921875
1092,543.6446533203125,266.29248046875
1093,300.0349426269531,399.86480712890625
1093,621.5584716796875,446.6980895996094
1093,821.4600219726562,349.8844299316406
1093,547.7620239257812,266.57098388671875
1094,309.8782653808594,399.57421875
1094,634.2781372070312,450.4003601074219
1094,829.4498291015625,352.4527587890625
1094,553.7114868164062,267.7171325683594
1095,302.2975158691406,403.3934631347656
1095,628.8314819335938,447.382080078125
1095,820.9488525390625,355.7055969238281
1095,545.910400390625,269.2965393066406
1096,292.6432189941406,403.70269775390625
1096,627.7320556640625,445.4286193847656
1096,820.7593383789062,361.8710632324219
1096,545.1392822265625,271.9619445800781
1097,303.71783447265625,401.60760498046875
1097,635.7552490234375,446.0976257324219
1097,828.7090454101562,360.1519470214844
1097,551.9176635742188,269.68096923828125
1098,290.2107849121094,405.9105224609375
1098,627.553466796875,446.1633605957031
1098,820.326171875,363.6028747558594
1098,545.6780395507812,269.6214294433594
1099,292.5319519042969,407.67864990234375
1099,630.8740844726562,449.95855712890625
1099,823.8462524414062,367.736328125
1099,549.5704345703125,270.75555419921875
1100,290.3355407714844,409.8296203613281
1100,638.3763427734375,477.2783203125
1100,818.1611938476562,362.6801452636719
1100,546.2036743164062,268.9807434082031
1101,290.03021240234375,412.19122314453125
1101,645.6470947265625,477.48431396484375
1101,813.7793579101562,368.26434326171875
1101,544.5341186523438,267.2452087402344
1102,292.4431457519531,410.8847961425781
1102,649.2650146484375,478.6301574707031
1102,818.509765625,368.5848083496094
1102,550.00537109375,270.5664367675781
1103,299.8381652832031,414.9134216308594
1103,654.106689453125,487.5061340332031
1103,816.254150390625,367.30511474609375
1103,549.9080200195312,272.3435363769531
1104,292.77484130859375,416.33319091796875
1104,648.7967529296875,487.94384765625
1104,813.7349853515625,366.7732849121094
1104,544.0914916992188,271.2999572753906
1105,291.6385498046875,417.1454772949219
1105,643.9379272460938,483.2657775878906
1105,811.4259643554688,370.0323181152344
1105,541.0287475585938,271.40289306640625
1106,297.1676025390625,418.3056335449219
1106,658.6940307617188,493.49444580078125
1106,635.6168823242188,462.5955505371094
1106,815.61669921875,365.63720703125
1106,547.1809692382812,272.1083679199219
1107,297.2582702636719,417.1858825683594
1107,661.8343505859375,494.2041931152344
1107,819.1670532226562,370.0596618652344
1107,548.6454467773438,271.6737976074219
1108,295.341552734375,418.841552734375
1108,657.746337890625,495.33660888671875
1108,813.1797485351562,371.4542541503906
1108,542.9288940429688,274.15740966796875
1109,293.8705749511719,416.41973876953125
1109,661.5945434570312,501.1845397949219
1109,813.5106811523438,369.5796813964844
1109,541.4003295898438,271.8210144042969
1110,292.732421875,417.3599548339844
1110,669.3403930664062,503.1269836425781
1110,812.0635986328125,365.9930725097656
1110,541.1113891601562,272.3144836425781
1111,294.7949523925781,419.30078125
1111,669.0121459960938,504.9579772949219
1111,815.1757202148438,367.91241455078125
1111,545.6696166992188,273.319091796875
1112,295.4100341796875,415.5539245605469
1112,668.5907592773438,499.9649963378906
1112,813.343994140625,365.56878662109375
1112,544.316162109375,269.7896423339844
1113,298.2051086425781,418.27471923828125
1113,673.619384765625,502.8675842285156
1113,816.2235717773438,367.2655029296875
1113,545.1495361328125,272.46929931640625
1114,299.9248352050781,415.4726257324219
1114,673.175048828125,503.5663757324219
1114,818.5501708984375,363.3788757324219
1114,551.4962768554688,271.645263671875
1115,297.73876953125,416.3699035644531
1115,672.6890258789062,505.3970031738281
1115,814.81298828125,364.4852600097656
1115,548.9439086914062,271.93756103515625
1116,302.5712585449219,415.28399658203125
1116,672.4452514648438,506.932861328125
1116,814.8045043945312,361.4439697265625
1116,549.2045288085938,268.96063232421875
1117,302.64752197265625,415.2979736328125
1117,676.4075317382812,501.4913024902344
1117,808.977783203125,358.6191711425781
1117,546.1260375976562,266.0858154296875
1118,306.0321350097656,418.6997375488281
1118,680.5318603515625,504.66400146484375
1118,817.9730224609375,359.0758056640625
1118,554.4192504882812,267.8092041015625
1119,304.561279296875,415.256103515625
1119,676.6423950195312,503.996337890625
1119,811.0173950195312,359.12139892578125
1119,546.3546142578125,271.42864990234375
1120,305.9044189453125,417.1125793457031
1120,682.1543579101562,501.206298828125
1120,814.8418579101562,360.7376403808594
1120,548.057373046875,272.5923156738281
1121,307.24957275390625,416.5018005371094
1121,681.121337890625,500.21612548828125
1121,815.8779907226562,354.5855407714844
1121,550.897216796875,270.1302795410156
1122,315.9950866699219,417.6043395996094
1122,685.2138061523438,503.5101318359375
1122,821.3281860351562,357.4562072753906
1122,550.88916015625,272.4572448730469
1123,316.01788330078125,419.0325012207031
1123,700.0506591796875,504.8861083984375
1123,817.3424682617188,359.02117919921875
1123,549.8613891601562,271.1264343261719
1124,319.98297119140625,416.685546875
1124,713.372802734375,523.6458740234375
1124,825.6500244140625,361.2019958496094
1124,550.4445190429688,269.4163818359375
1125,324.4390869140625,420.8797912597656
1125,716.0254516601562,526.7875366210938
1125,827.0725708007812,362.3517761230469
1125,552.8391723632812,273.0783996582031
1126,321.8748474121094,417.0801086425781
1126,724.3218383789062,525.8121337890625
1126,827.0115356445312,358.6336364746094
1126,551.3960571289062,270.4752197265625
1127,324.98809814453125,418.7710266113281
1127,725.228515625,525.5082397460938
1127,828.4216918945312,358.6824645996094
1127,552.2435302734375,271.2049560546875
1128,316.2070617675781,416.0626220703125
1128,728.528564453125,526.2301025390625
1128,822.784423828125,359.3319091796875
1128,545.9237670898438,268.7618103027344
1129,316.76458740234375,414.89202880859375
1129,725.9483642578125,526.8053588867188
1129,818.8164672851562,356.8070373535156
1129,546.9387817382812,268.4006652832031
1130,317.4775085449219,415.80389404296875
1130,729.992431640625,525.5225830078125
1130,825.4038696289062,359.59503173828125
1130,546.1337890625,267.1127624511719
1131,317.26922607421875,418.5539855957031
1131,723.3763427734375,526.6610717773438
1131,825.6473388671875,355.921630859375
1131,541.7037353515625,270.38739013671875
1132,306.6258544921875,415.309326171875
1132,711.1912841796875,521.9036254882812
1132,813.8181762695312,351.95343017578125
1132,730.6107177734375,527.2752685546875
1132,532.199462890625,268.4949035644531
1133,305.0914306640625,415.31524658203125
1133,711.9542846679688,523.046630859375
1133,815.1697998046875,354.2478942871094
1133,731.9483642578125,528.9436645507812
1133,534.9266357421875,265.5864562988281
1134,299.9582214355469,414.2032165527344
1134,707.03857421875,521.2246704101562
1134,807.9078369140625,353.5135498046875
1134,727.4360961914062,527.8724975585938
1134,530.7695922851562,265.1225280761719
1135,308.2106628417969,417.54486083984375
1135,709.2456665039062,519.2051391601562
1135,815.2872924804688,354.1390075683594
1135,730.5733032226562,529.3360595703125
1135,532.6056518554688,266.3035583496094
1136,306.6571044921875,420.472412109375
1136,708.9771118164062,522.078369140625
1136,813.2970581054688,357.518310546875
1136,730.748046875,532.6709594726562
1136,530.8310546875,268.4852294921875
1137,303.092041015625,417.4841003417969
1137,708.4749145507812,522.0298461914062
1137,810.443115234375,354.9848327636719
1137,727.9987182617188,532.6885375976562
1137,529.9153442382812,268.0774230957031
1138,302.1072998046875,417.750244140625
1138,704.8964233398438,520.7196044921875
1138,807.6000366210938,353.7936706542969
1138,724.7020874023438,532.1640014648438
1138,527.8021240234375,264.3640441894531
1139,297.71453857421875,419.7646484375
1139,707.8765258789062,523.3885498046875
1139,807.40771484375,354.76885986328125
1139,726.9764404296875,535.3995361328125
1139,527.2586669921875,266.083251953125
1140,306.0957946777344,420.0917053222656
1140,711.5916137695312,522.4488525390625
1140,813.9559936523438,355.0917053222656
1140,727.3634033203125,532.0916748046875
1140,530.4957275390625,264.5316467285156
1141,304.1987609863281,419.5023193359375
1141,708.0631713867188,520.9190063476562
1141,812.1094970703125,355.3026123046875
1141,724.2821655273438,529.1868286132812
1141,527.1571655273438,262.1689758300781
1142,303.3752746582031,422.61700439453125
1142,711.1298828125,523.5537719726562
1142,814.7559814453125,358.06011962890625
1142,729.4585571289062,536.1077270507812
1142,529.1419677734375,263.82440185546875
1143,303.435546875,422.3282470703125
1143,710.6560668945312,522.179931640625
1143,813.8403930664062,356.1924743652344
1143,724.8143920898438,534.2736206054688
1143,528.2688598632812,263.72821044921875
1144,294.21234130859375,423.96917724609375
1144,702.1886596679688,523.65966796875
1144,804.2879638671875,355.4437255859375
1144,717.13623046875,537.0643920898438
1144,525.069580078125,262.112060546875
1145,299.50982666015625,422.1328125
1145,706.2343139648438,522.1005859375
1145,808.9100341796875,355.032958984375
1145,720.0347900390625,535.2828979492188
1145,530.2176513671875,258.8020935058594
1146,304.473876953125,423.914794921875
1146,709.483154296875,523.48095703125
1146,813.3629760742188,357.4185791015625
1146,722.9138793945312,536.7348022460938
1146,529.9138793945312,259.63482666015625
1147,300.9773254394531,424.9739074707031
1147,708.0143432617188,524.3073120117188
1147,811.4741821289062,358.03009033203125
1147,720.4588012695312,537.455322265625
1147,527.0142211914062,259.8719482421875
1148,302.72442626953125,425.3308410644531
1148,711.9168701171875,525.909423828125
1148,812.8726806640625,357.12310791015625
1148,722.7244262695312,538.878662109375
1148,529.6045532226562,260.7586975097656
1149,304.4921569824219,424.4728698730469
1149,711.6588134765625,525.2105102539062
1149,816.0573120117188,356.9960632324219
1149,727.7921142578125,540.0439453125
1149,533.069091796875,257.728515625
1150,306.0732727050781,423.1632385253906
1150,712.4533081054688,523.3298950195312
1150,818.6199340820312,355.9299011230469
1150,727.1366577148438,537.8632202148438
1150,534.3934326171875,255.2432403564453
1151,299.53741455078125,426.90936279296875
1151,706.8677978515625,524.88232421875
1151,812.8125610351562,359.2939758300781
1151,722.0245971679688,540.3773193359375
1151,527.899658203125,256.71063232421875
1152,294.5192565917969,424.19146728515625
1152,705.7577514648438,526.538818359375
1152,809.8827514648438,357.2574462890625
1152,719.3023071289062,540.5564575195312
1152,526.8618774414062,256.5802307128906
1153,295.6272888183594,424.3238525390625
1153,708.172607421875,521.8883666992188
1153,812.2604370117188,357.8488464355469
1153,720.71826171875,540.4942016601562
1153,522.9605102539062,256.0737609863281
1154,296.7586975097656,424.23248291015625
1154,705.9016723632812,525.6624145507812
1154,812.735107421875,358.3323974609375
1154,718.4014892578125,539.2800903320312
1154,523.9014892578125,253.26571655273438
1155,300.6393127441406,426.2967834472656
1155,708.594970703125,526.4981689453125
1155,812.5447998046875,356.2890625
1155,722.8526000976562,542.9901123046875
1155,523.4556274414062,255.30226135253906
1156,303.077880859375,427.4833679199219
1156,706.255126953125,528.1303100585938
1156,811.7433471679688,357.9841003417969
1156,721.7568359375,542.5703125
1156,521.3821411132812,258.2659606933594
1157,302.79962158203125,427.1871643066406
1157,706.6380615234375,523.5948486328125
1157,807.3959350585938,355.9167785644531
1157,718.2424926757812,540.644287109375
1157,519.2595825195312,255.80714416503906
1158,305.5939636230469,427.9111328125
1158,709.8650512695312,524.156494140625
1158,812.2608642578125,357.4031677246094
1158,723.6196899414062,543.2408447265625
1158,526.0941162109375,256.7921447753906
1159,308.1886291503906,428.89825439453125
1159,712.2742309570312,528.70556640625
1159,812.7470092773438,357.9517822265625
1159,723.4887084960938,543.9315795898438
1159,528.468505859375,255.8883056640625
