track_id,frame,area,cx,cy
0,0,2641.00,725.75,546.66
0,1,2688.50,725.64,543.39
0,2,2686.00,723.24,545.84
0,3,2680.00,725.22,544.87
0,4,2577.50,724.81,542.96
0,5,2579.50,725.63,544.04
0,6,2370.50,726.32,545.54
0,7,2287.00,723.42,540.93
0,8,2299.50,728.79,542.91
0,9,2159.50,730.97,543.17
0,10,2147.50,729.32,544.08
0,11,2164.00,734.90,543.56
0,12,2161.50,728.67,542.43
0,13,2105.50,726.60,545.12
0,14,2195.00,722.67,545.27
0,15,2214.00,722.30,546.93
0,16,2208.00,726.25,544.74
0,17,2220.00,727.70,544.14
0,18,2187.00,728.36,543.59
0,19,2168.00,725.09,545.08
0,20,2217.00,728.22,545.89
0,21,2225.50,728.53,546.21
0,22,2217.50,730.99,542.01
0,23,2144.00,731.25,543.61
0,24,2149.00,731.97,544.14
0,25,2046.50,728.00,544.97
0,26,2024.00,728.38,545.49
0,27,2005.50,732.68,542.31
0,28,1983.00,731.59,543.86
0,29,1993.00,732.29,543.41
0,30,1918.50,727.48,542.76
0,31,1897.00,736.27,544.33
0,32,1933.00,731.23,542.31
0,33,1917.50,728.49,543.84
0,34,1841.00,733.71,544.55
0,35,1861.50,730.96,544.09
0,36,1823.00,729.41,540.47
0,37,1769.00,729.73,544.85
0,38,1773.00,730.91,545.86
0,39,1752.00,732.68,545.51
0,40,1756.00,730.92,545.26
0,41,1754.00,727.91,543.90
0,42,1752.00,723.28,543.57
0,43,1805.00,726.12,546.82
0,44,1821.00,729.47,551.08
0,45,1811.00,727.88,549.96
0,46,1933.00,721.66,546.56
0,47,1929.50,728.22,548.40
0,48,1953.00,727.14,548.22
0,49,1957.00,727.07,547.99
0,50,1926.00,731.27,547.94
0,51,1951.50,731.40,547.43
0,52,1934.50,729.94,549.85
0,53,1768.75,736.28,550.31
0,54,1803.00,729.03,547.28
0,55,1797.00,727.29,546.34
0,56,1045.50,727.88,546.23
1,0,2900.50,860.91,593.79
1,1,2812.00,865.54,589.63
1,2,3168.00,868.03,590.41
1,3,3212.00,865.89,590.95
1,4,2695.00,865.87,592.28
1,5,2765.00,861.95,592.07
1,6,2810.00,867.06,595.85
1,7,2836.00,864.51,594.82
1,8,2859.00,862.89,594.94
1,9,2811.00,864.29,594.64
1,10,2759.00,866.40,597.09
1,11,2812.00,873.29,597.26
1,12,2754.00,867.91,594.38
1,13,3205.00,864.00,598.29
1,14,2995.00,850.97,590.01
1,15,3002.00,860.17,592.60
1,16,2961.00,860.77,592.14
1,17,2956.00,863.55,593.66
1,18,2916.00,861.87,593.97
1,19,2931.00,863.96,594.67
1,20,2853.00,861.57,593.67
1,21,2839.50,858.37,592.21
1,22,2875.00,863.76,592.56
1,23,2696.00,864.16,590.86
1,24,2683.00,860.68,591.75
1,25,2608.00,864.29,591.65
1,26,2616.00,862.08,591.51
1,27,2639.00,865.26,593.65
1,28,2628.00,861.36,590.98
1,29,2554.00,863.50,592.57
1,30,2577.00,859.51,588.26
1,31,2611.00,870.51,588.28
1,32,2650.00,858.18,587.30
1,33,2677.00,860.22,587.32
1,34,2721.50,868.70,592.52
1,35,2794.00,860.09,591.55
1,36,2692.00,864.11,589.11
1,37,2711.00,857.26,590.59
1,38,2756.00,862.77,589.66
1,39,2772.00,861.85,589.03
1,40,2818.00,861.73,589.80
1,41,2801.00,854.18,589.15
1,42,2807.00,856.80,587.90
1,43,2441.00,857.91,595.35
1,44,2503.00,863.52,598.94
1,45,2571.00,859.38,599.79
1,46,2487.00,855.97,596.60
1,47,2549.00,866.31,596.51
1,48,2589.00,862.63,598.36
1,49,2597.00,861.74,596.89
1,50,2624.00,866.23,596.89
1,51,2617.00,865.63,596.88
1,52,2653.00,861.48,597.23
1,53,1808.25,872.48,601.41
1,54,1612.00,859.41,597.71
1,55,1559.50,856.67,597.84
1,56,1875.00,860.65,600.55
1,57,1936.00,857.49,599.57
1,58,1504.00,855.21,600.42
1,59,1504.00,857.73,599.28
1,60,1591.00,861.66,602.37
1,61,1670.00,859.57,602.07
1,62,1637.00,860.09,601.69
1,63,1647.00,863.14,605.47
1,64,1597.00,864.70,606.51
1,65,1584.00,865.36,605.23
1,66,1585.00,866.07,605.82
1,67,1647.00,865.25,607.05
1,68,1568.00,861.00,605.95
1,69,1538.00,861.52,605.21
1,70,1548.00,874.06,606.19
1,71,1531.50,869.58,606.37
1,72,1361.00,872.27,605.49
1,73,1351.00,875.47,605.69
1,74,1359.00,876.80,606.72
1,75,1254.00,873.51,606.03
1,76,1232.00,879.11,607.94
1,77,1182.50,872.51,606.43
1,78,1159.50,876.47,607.48
1,79,1241.00,875.99,607.86
1,80,1230.00,877.55,610.49
1,81,1253.00,880.05,611.25
1,82,1259.50,879.98,611.64
1,83,1240.00,880.96,608.63
1,84,1315.00,878.51,610.00
1,85,1315.00,878.74,607.99
1,86,1300.50,878.55,608.40
1,87,1294.00,878.94,608.69
1,88,1320.50,882.47,610.60
1,89,1301.00,882.81,609.90
1,90,1301.00,882.85,608.98
1,91,1179.00,885.89,611.98
1,92,1145.00,881.69,607.10
1,93,1155.00,881.64,608.04
1,94,1219.50,883.87,606.16
1,95,1220.00,883.93,607.99
1,96,1165.50,886.08,607.37
1,97,1195.00,879.57,606.51
1,98,1165.50,888.48,612.06
1,99,1163.00,884.78,609.80
1,100,1141.00,878.98,609.79
1,101,1152.50,879.29,608.35
1,102,1085.00,885.72,611.90
1,103,1030.50,885.14,611.34
1,104,1012.00,883.96,614.11
1,105,1014.50,885.45,613.90
1,106,1008.50,882.41,613.10
1,107,885.50,884.25,611.73
1,108,878.50,884.09,611.19
1,109,873.00,887.26,612.38
1,110,859.50,887.37,612.41
1,111,807.50,888.74,611.44
1,112,791.50,885.72,611.27
1,113,746.50,885.87,608.50
1,114,765.50,884.43,611.61
1,115,1789.50,864.68,588.56
1,116,1591.00,867.22,595.35
1,117,1568.00,863.66,592.71
1,118,1472.00,866.31,592.43
1,119,1773.50,864.76,591.71
1,120,1845.00,858.79,592.11
1,121,1842.00,859.13,589.13
1,122,1876.00,861.05,590.38
1,123,1842.00,855.36,589.03
1,124,1836.00,857.07,589.37
1,125,1870.00,861.92,590.02
1,126,1887.00,860.46,590.48
1,127,1495.50,867.18,591.98
1,128,1467.00,865.33,591.80
1,129,1436.00,868.00,592.02
1,130,1416.00,861.60,592.46
1,131,1419.00,859.98,590.38
1,132,1843.00,857.37,592.55
1,133,1859.50,860.52,592.73
1,134,1913.50,859.90,594.62
1,135,1937.00,862.69,592.12
1,136,1971.00,862.29,591.21
1,137,1562.50,863.27,591.62
1,138,2035.00,857.14,591.79
1,139,2070.50,859.05,592.63
1,140,2088.50,859.29,594.05
1,141,2184.00,860.86,595.86
1,142,2183.00,856.03,594.77
1,143,2080.00,856.05,590.46
1,144,2176.50,865.16,593.35
1,145,2179.50,859.39,593.26
1,146,2183.00,861.68,593.47
1,147,2157.00,863.52,592.27
1,148,2039.00,863.10,590.60
1,149,2101.00,861.15,591.33
1,150,1628.50,860.98,590.19
1,151,1616.00,861.42,587.60
1,152,1601.50,858.31,589.48
1,153,1451.00,863.78,589.97
1,154,1367.50,858.06,587.39
1,155,1420.00,862.45,586.80
1,156,1342.00,858.90,587.13
1,157,1406.00,856.89,584.20
1,158,1372.00,858.26,587.02
1,159,1357.00,850.93,586.04
1,160,1502.00,858.40,586.50
1,161,1654.00,857.96,586.26
1,162,1696.00,867.38,589.22
1,163,1773.00,860.76,587.81
1,164,1872.00,864.46,588.81
1,165,1902.00,877.50,592.11
1,166,1904.00,872.69,589.20
1,167,1808.00,871.40,588.47
1,168,1811.00,870.77,589.43
1,169,2381.50,883.55,600.98
1,170,2266.00,881.47,606.36
1,171,2300.00,874.88,605.54
1,172,2297.00,881.97,609.27
1,173,2297.00,888.35,607.99
1,174,2283.00,882.26,605.09
1,175,2288.00,881.27,606.03
1,176,2351.00,876.55,607.41
1,177,2364.00,879.70,608.85
1,178,2206.00,872.36,603.88
1,179,2195.00,874.42,604.50
1,180,2070.00,879.15,603.13
1,181,2031.00,880.32,604.08
1,182,2049.00,884.21,602.58
1,183,2023.00,880.38,603.23
1,184,2019.00,885.51,605.90
1,185,1977.00,876.49,601.71
1,186,1943.00,881.15,602.54
1,187,1925.00,880.69,603.38
1,188,1952.00,889.28,604.85
1,189,1943.00,887.78,604.37
1,190,1842.00,890.62,606.69
1,191,1827.00,884.99,605.53
1,192,1846.00,888.73,608.36
1,193,1826.00,886.27,607.85
1,194,1911.00,875.34,604.04
1,195,1825.00,886.75,607.28
1,196,1832.00,877.80,605.21
1,197,1943.00,878.91,605.66
1,198,1899.00,873.81,601.48
1,199,1883.00,883.85,604.67
1,200,1836.00,883.74,606.26
1,201,1907.00,881.75,606.37
1,202,1933.00,882.20,605.36
1,203,1942.00,878.17,605.16
1,204,1833.00,882.42,604.71
1,205,1830.00,879.91,604.66
1,206,1785.00,886.71,606.41
1,207,1834.00,886.63,605.21
1,208,1849.00,886.15,605.73
1,209,1862.00,893.54,604.40
1,210,1822.00,885.20,605.72
1,211,1783.00,878.78,607.59
1,212,1768.00,876.18,604.99
1,213,1772.00,887.29,608.88
1,214,1763.00,885.12,609.75
1,215,1707.00,885.62,606.20
1,216,1711.00,883.98,606.64
1,217,1606.00,883.17,608.86
1,218,1711.00,883.97,607.09
1,219,1716.00,885.43,608.26
1,220,1677.00,887.23,609.41
1,221,1659.00,882.64,608.44
1,222,1663.00,887.82,608.72
1,223,1680.00,887.34,608.18
1,224,1696.00,889.03,606.12
1,225,1751.00,890.48,607.71
1,226,1764.00,888.18,608.88
1,227,1909.00,894.54,607.71
1,228,1963.00,894.83,607.14
1,229,1985.00,891.37,607.45
1,230,2012.00,898.78,607.55
1,231,2069.00,893.90,607.94
1,232,2135.00,899.18,609.54
1,233,2289.00,899.98,610.55
1,234,2439.00,894.94,608.18
1,235,2473.00,905.35,609.08
1,236,3858.75,940.30,613.29
1,237,3830.00,923.68,612.11
1,238,3877.00,918.91,612.82
1,239,3884.00,917.41,613.44
1,240,3714.00,920.54,613.04
1,241,3716.00,921.65,612.35
1,242,3752.00,919.67,612.85
1,243,3704.00,920.43,613.15
1,244,3695.00,922.35,614.02
1,245,3746.00,921.12,614.36
1,246,3752.00,923.14,614.61
1,247,3651.00,922.01,611.92
1,248,3688.00,920.71,610.92
1,249,3681.00,929.09,615.31
1,250,3678.00,924.99,610.74
1,251,3685.00,926.90,613.32
1,252,3806.00,923.53,611.53
1,253,3771.00,927.76,613.70
1,254,4057.00,923.26,614.00
1,255,4030.00,929.04,612.64
1,256,3387.25,927.59,610.22
1,257,2999.00,923.85,615.33
1,258,2984.00,932.24,613.99
1,259,2903.00,929.76,615.06
1,260,2867.00,930.71,615.88
1,261,2810.00,931.40,617.29
1,262,2830.00,926.90,616.06
1,263,2849.00,928.56,617.08
1,264,2814.00,931.43,619.11
1,265,2807.00,931.75,618.39
1,266,2689.00,932.82,621.56
1,267,2686.00,930.29,622.92
1,268,2663.00,934.43,621.91
1,269,2685.00,939.63,617.90
1,270,2677.00,926.59,618.53
1,271,2619.00,933.62,619.00
1,272,2596.00,925.19,620.35
1,273,2623.00,937.76,620.37
1,274,2613.00,935.90,619.28
1,275,2790.00,931.63,619.54
1,276,2801.00,931.56,618.56
1,277,2679.00,936.58,620.81
1,278,2603.00,928.63,619.16
1,279,2609.00,932.63,619.60
1,280,2538.00,941.79,622.36
1,281,2501.00,935.89,620.91
1,282,2571.00,932.49,622.94
1,283,2552.00,932.76,620.41
1,284,2631.00,942.08,618.19
1,285,2557.00,936.51,618.03
1,286,2485.00,930.98,617.31
1,287,2227.00,930.41,617.23
1,288,2226.00,934.01,617.31
1,289,2831.00,941.28,618.81
1,290,2936.00,940.37,619.58
1,291,3351.25,935.20,613.03
1,292,3374.00,923.38,612.39
1,293,3418.00,920.90,614.22
1,294,3207.00,916.43,612.80
1,295,3092.00,916.00,612.39
1,296,2981.00,914.94,614.33
1,297,2948.00,913.16,611.50
1,298,2881.00,924.40,612.15
1,299,2845.00,917.88,614.20
1,300,2846.00,920.29,610.12
1,301,2888.00,921.15,613.27
1,302,2872.00,922.80,616.33
1,303,2835.00,916.92,610.60
1,304,2808.00,920.93,616.56
1,305,2838.00,923.50,616.07
1,306,2841.00,925.18,618.19
1,307,2797.00,924.43,617.45
1,308,2957.00,922.87,617.32
1,309,2985.00,922.57,615.21
1,310,3055.00,921.27,617.40
1,311,3068.00,925.85,617.88
1,312,2884.00,924.48,618.70
1,313,2898.00,922.41,618.88
1,314,2402.00,923.84,618.65
1,315,2482.00,919.91,618.68
1,316,2432.00,921.84,617.81
1,317,2524.00,925.46,619.52
1,318,2566.00,920.79,617.38
1,319,2517.00,924.51,619.28
1,320,2484.00,924.53,618.31
1,321,2494.00,931.06,620.05
1,322,2621.00,915.59,615.03
1,323,2629.00,920.67,617.60
1,324,2532.00,929.46,619.02
1,325,2468.00,924.10,618.21
1,326,2457.00,925.73,619.29
1,327,2433.00,927.35,621.34
1,328,2363.00,935.79,621.19
1,329,2336.00,935.57,621.66
1,330,2485.00,933.96,619.30
1,331,2429.00,935.80,618.11
1,332,2419.00,923.47,616.71
2,0,6072.75,746.34,401.22
2,1,5885.00,754.68,395.44
2,2,5967.00,743.98,392.53
2,3,5997.00,746.55,392.77
2,4,5938.00,749.00,396.30
2,5,5974.50,746.44,396.16
2,6,5811.00,755.63,393.36
2,7,5842.50,751.02,394.84
2,8,5814.00,753.41,400.86
2,9,5815.50,754.19,396.19
2,10,5839.50,749.10,395.81
2,11,5796.00,747.62,399.34
2,12,5797.00,749.90,397.04
2,13,5646.00,753.05,397.06
2,14,4949.62,757.73,406.14
2,15,4886.00,750.26,395.73
2,16,4904.50,751.12,394.64
2,17,4865.00,751.39,395.55
2,18,4833.00,751.64,395.34
2,19,4801.00,745.03,397.11
2,20,4923.00,749.70,395.79
2,21,4943.00,753.19,395.33
2,22,4447.00,758.02,396.32
2,23,4485.00,751.03,399.70
2,24,4501.50,751.34,396.77
2,25,4237.00,751.36,401.42
2,26,4201.50,745.07,396.73
2,27,4217.50,754.60,395.19
2,28,4176.00,746.12,397.53
2,29,4067.50,743.97,400.04
2,30,3842.50,748.13,398.73
2,31,3820.00,745.48,394.36
2,32,3769.50,743.00,400.42
2,33,3775.00,745.10,402.65
2,34,3796.00,746.02,402.10
2,35,3868.50,749.56,396.59
2,36,3918.00,749.05,396.41
2,37,3916.50,743.21,397.34
2,38,3929.00,748.36,397.51
2,39,3864.00,747.88,399.13
2,40,3901.00,746.32,396.54
2,41,3933.50,747.78,396.53
2,42,3871.50,742.27,393.10
3,0,4900.50,903.98,447.64
3,1,4793.50,902.92,437.52
3,2,5225.00,899.68,439.48
3,3,5304.00,913.28,439.41
3,4,5117.00,897.10,437.76
3,5,5056.00,904.51,440.81
3,6,5136.00,905.08,444.31
3,7,5550.00,898.21,446.15
3,8,5527.50,904.43,451.23
3,9,6196.00,898.50,447.10
3,10,6153.00,896.62,445.21
3,11,6176.00,894.47,452.30
3,12,6177.00,893.03,452.25
3,13,6360.00,904.88,451.16
3,14,7027.50,906.63,456.01
3,15,6951.00,905.23,447.01
3,16,7009.00,897.33,443.58
3,17,7065.00,900.08,444.51
3,18,7070.00,905.17,440.12
3,19,7056.00,901.09,444.46
3,20,6849.00,902.63,446.03
3,21,6975.00,896.00,446.74
3,22,6722.00,898.58,443.01
3,23,6474.00,907.34,440.35
3,24,6508.00,905.27,445.53
3,25,6963.50,900.16,440.48
3,26,6923.00,905.58,441.59
3,27,6939.00,907.85,441.04
3,28,6965.00,903.91,441.99
3,29,6960.00,908.54,443.38
3,30,7140.00,908.24,439.84
3,31,7110.00,907.07,438.40
3,32,6987.00,910.95,441.12
3,33,7058.00,912.34,443.93
3,34,7097.00,906.41,440.40
3,35,7148.00,899.84,436.60
3,36,7184.00,905.58,435.55
3,37,7048.00,896.50,442.89
3,38,6917.00,900.78,438.28
3,39,6936.00,900.34,436.10
3,40,7070.00,901.66,430.93
3,41,6947.00,908.63,434.24
3,42,6969.50,896.39,431.27
3,43,5932.00,908.86,448.99
3,44,5868.00,908.47,439.47
3,45,5895.00,900.47,438.69
3,46,5758.00,896.62,435.31
3,47,5771.00,906.44,438.64
3,48,5738.00,905.35,437.29
3,49,5743.00,903.91,436.63
3,50,5728.00,907.69,439.88
3,51,5724.00,905.34,436.66
3,52,5674.00,911.43,441.98
3,53,4869.25,890.75,449.80
3,54,4836.00,896.65,440.68
3,55,4858.50,891.31,437.35
3,56,4897.00,899.57,439.96
3,57,4894.50,890.47,435.59
3,58,5123.00,894.16,436.78
3,59,5172.00,890.40,434.61
3,60,5271.00,893.50,431.82
3,61,5321.00,899.55,436.39
3,62,5315.00,896.29,434.25
3,63,5331.00,898.03,434.61
3,64,5364.00,895.84,433.86
3,65,5264.00,896.21,438.13
3,66,5259.00,894.37,437.94
3,67,5277.00,900.71,433.12
3,68,5368.00,891.57,439.43
3,69,5356.00,898.98,440.66
3,70,5261.00,902.82,433.94
3,71,5304.00,904.51,439.10
3,72,5068.00,905.39,437.80
3,73,5069.50,908.14,433.80
3,74,5189.00,911.97,430.60
3,75,5081.00,901.73,437.10
3,76,5084.00,902.95,434.61
3,77,4681.00,902.71,436.97
3,78,4662.00,903.05,435.24
3,79,4656.00,904.31,439.96
3,80,4643.00,907.16,440.52
3,81,4784.00,905.54,438.09
3,82,4741.00,900.30,436.43
3,83,4891.00,906.08,436.43
3,84,4884.00,904.30,437.67
3,85,4836.00,905.16,435.57
3,86,4739.00,913.24,440.86
3,87,4709.50,906.67,441.29
3,88,4626.00,910.34,440.36
3,89,4673.00,902.82,440.70
3,90,4597.00,912.87,441.51
3,91,4490.00,905.32,440.12
3,92,4503.00,909.30,440.81
3,93,4390.00,906.89,440.30
3,94,4411.50,909.36,439.72
3,95,4665.00,911.88,441.02
3,96,4680.50,911.07,439.02
3,97,4666.00,905.82,438.24
3,98,4804.50,910.30,440.13
3,99,4787.00,912.80,439.31
3,100,4740.50,905.31,437.48
3,101,4738.50,901.79,439.13
3,102,4870.50,910.43,437.03
3,103,4951.00,906.95,438.65
3,104,5107.50,904.28,441.20
3,105,5308.00,902.40,440.50
3,106,5299.50,902.86,442.42
3,107,5470.00,900.27,439.07
3,108,5467.50,897.91,443.70
3,109,5415.00,902.27,442.84
3,110,5385.50,902.43,442.76
3,111,5434.00,905.63,442.70
3,112,5485.00,903.11,443.86
3,113,5491.00,903.25,441.90
3,114,5484.00,900.78,442.22
3,115,4458.50,902.35,445.19
3,116,4517.00,890.42,435.48
3,117,4519.00,889.70,435.43
3,118,4442.00,889.36,437.93
3,119,4454.00,888.84,434.05
3,120,4506.00,891.76,436.66
3,121,4460.50,895.63,437.98
3,122,4447.50,898.65,437.44
3,123,4471.00,890.57,438.04
3,124,4474.00,889.55,437.84
3,125,4585.00,893.31,438.61
3,126,4571.00,894.28,437.37
3,127,4630.50,894.07,441.30
3,128,4724.00,894.33,437.60
3,129,4720.00,896.00,441.24
3,130,4839.00,897.12,438.18
3,131,4817.00,897.92,438.21
3,132,4674.50,892.44,443.74
3,133,4679.00,898.05,441.43
3,134,4858.00,900.85,439.43
3,135,4881.00,902.51,441.18
3,136,4910.00,898.70,440.02
3,137,4915.00,895.79,438.33
3,138,4903.50,895.89,439.88
3,139,4870.50,895.59,440.27
3,140,4861.00,897.38,438.97
3,141,4776.00,895.84,440.87
3,142,4795.00,891.82,439.38
3,143,4669.00,890.63,437.07
3,144,4635.00,900.78,440.46
3,145,4610.00,893.82,440.05
3,146,4581.00,899.63,437.83
3,147,4582.00,903.84,441.29
3,148,4698.00,906.01,442.52
3,149,4614.00,896.85,441.36
3,150,4724.00,902.73,437.58
3,151,4793.00,897.98,434.90
3,152,4955.00,900.88,438.15
3,153,4771.00,899.61,438.18
3,154,4897.50,898.28,439.74
3,155,4681.00,905.94,440.45
3,156,4707.00,902.21,442.19
3,157,5134.00,898.45,434.89
3,158,5080.00,901.84,437.21
3,159,5121.00,895.32,441.68
3,160,4912.00,899.29,437.37
3,161,5002.50,893.72,436.83
3,162,5046.00,899.82,439.06
3,163,5063.00,896.57,437.50
3,164,5384.00,901.57,435.84
3,165,5120.00,905.04,438.62
3,166,5126.50,901.37,435.57
3,167,4948.50,901.21,437.58
3,168,4938.00,897.06,441.85
3,169,4955.00,900.78,448.24
3,170,5001.00,899.67,438.09
3,171,5021.00,890.78,441.33
3,172,5030.50,895.64,444.59
3,173,5069.00,905.80,442.18
3,174,5226.00,896.31,436.73
3,175,5206.00,903.20,438.56
3,176,5341.00,890.55,434.61
3,177,5370.50,897.05,437.21
3,178,5375.50,899.08,436.85
3,179,5330.00,899.57,433.99
3,180,5494.00,898.70,434.52
3,181,5366.00,898.00,439.06
3,182,5383.00,899.16,437.68
3,183,5413.00,898.72,435.77
3,184,5421.00,902.13,436.86
3,185,5581.00,894.97,435.34
3,186,5572.00,895.95,434.06
3,187,5349.00,899.46,438.46
3,188,5151.00,898.65,439.19
3,189,5163.00,902.20,439.51
3,190,4893.00,895.89,438.98
3,191,4802.00,901.89,440.72
3,192,4499.50,903.98,441.21
3,193,4487.00,903.13,440.13
3,194,4304.50,898.29,439.06
3,195,4252.00,903.52,439.74
3,196,4259.00,898.37,439.05
3,197,4524.00,899.93,439.12
3,198,4531.00,900.38,436.20
3,199,4547.00,902.31,441.19
3,200,4543.00,902.01,440.58
3,201,4360.50,902.05,441.96
3,202,4324.50,901.00,440.12
3,203,4364.00,910.40,440.79
3,204,4322.50,906.77,437.67
3,205,4318.00,901.83,438.17
3,206,4204.50,905.69,440.92
3,207,4202.50,903.58,441.77
3,208,4313.50,908.35,437.28
3,209,4320.00,907.24,436.07
3,210,4287.00,906.11,438.03
3,211,4260.00,894.87,437.31
3,212,4254.00,893.30,433.48
3,213,4050.00,906.04,439.50
3,214,4053.50,905.54,436.17
3,215,4115.00,902.91,440.43
3,216,4119.50,902.21,439.13
3,217,4057.00,912.87,444.79
3,218,4151.50,903.40,439.65
3,219,4123.00,904.31,438.74
3,220,4085.50,906.64,444.71
3,221,4093.00,910.67,444.70
3,222,4211.50,908.65,444.64
3,223,4210.50,913.55,445.18
3,224,4317.00,903.25,440.33
3,225,4207.00,901.19,442.35
3,226,4234.50,906.50,445.87
3,227,4103.00,909.65,445.31
3,228,4072.50,904.18,443.72
3,229,4039.00,910.26,441.69
3,230,4074.50,908.22,442.41
3,231,4075.00,911.46,446.34
3,232,4087.00,907.13,445.35
3,233,4085.00,911.84,443.95
3,234,4196.50,908.59,441.53
3,235,4194.00,906.89,439.14
3,236,4213.50,901.62,450.22
3,237,4190.00,900.47,434.88
3,238,4137.50,890.86,436.47
3,239,4122.50,893.05,441.11
3,240,4226.50,899.99,438.99
3,241,4368.00,898.41,436.50
3,242,4368.00,896.41,437.39
3,243,4261.00,894.53,435.76
3,244,4223.50,898.25,440.10
3,245,4121.50,897.62,436.21
3,246,4086.00,896.91,438.44
3,247,4274.00,902.97,436.57
3,248,4281.50,904.52,435.62
3,249,4273.00,905.00,438.68
3,250,4237.00,898.48,434.95
3,251,4233.00,898.01,436.14
3,252,4267.50,899.33,439.24
3,253,4287.00,897.48,436.49
3,254,4375.00,898.33,435.65
3,255,4401.00,900.76,439.52
3,256,4596.00,904.00,449.52
3,257,4575.00,891.74,438.09
3,258,4598.00,901.74,436.25
3,259,4679.00,895.06,435.98
3,260,4652.50,895.78,432.26
3,261,4823.00,885.17,432.13
3,262,5007.50,888.44,432.05
3,263,5023.00,889.01,436.32
3,264,4765.00,889.60,434.68
3,265,4790.00,883.51,433.31
3,266,4456.50,889.70,438.15
3,267,4495.00,883.65,436.33
3,268,4685.00,890.32,438.86
3,269,4696.00,892.60,435.78
3,270,4674.00,886.32,435.79
3,271,4769.00,885.77,434.00
3,272,4763.00,885.36,434.91
3,273,4890.00,886.91,432.87
3,274,4867.00,885.61,433.64
3,275,5049.00,889.52,432.87
3,276,5078.00,892.05,432.40
3,277,5182.00,888.74,431.98
3,278,5163.00,886.86,432.01
3,279,5171.00,882.04,433.73
3,280,5254.00,893.91,432.14
3,281,5281.00,886.63,431.36
3,282,5363.00,889.72,435.03
3,283,5356.00,891.46,434.04
3,284,5519.00,889.90,430.44
3,285,5316.00,885.08,428.70
3,286,5339.00,886.65,429.11
3,287,5198.00,885.38,431.93
3,288,5171.00,885.92,429.79
3,289,5076.00,888.72,432.05
3,290,5057.00,890.29,431.02
3,291,4754.50,886.30,442.24
3,292,4774.50,876.26,430.74
3,293,4803.50,880.97,431.09
3,294,4571.00,876.94,432.10
3,295,4550.00,881.43,430.38
3,296,4544.00,875.48,429.92
3,297,4540.00,874.75,431.80
3,298,4470.50,879.32,428.27
3,299,4486.00,876.66,429.98
3,300,4407.50,883.83,428.65
3,301,4511.00,885.69,433.73
3,302,4537.50,888.11,436.60
3,303,4676.50,877.35,433.00
3,304,4686.00,887.67,436.08
3,305,4811.00,884.72,433.76
3,306,4818.00,885.99,436.09
3,307,4897.50,879.37,431.87
3,308,4901.00,879.46,427.74
3,309,4914.50,882.84,428.93
3,310,4938.00,878.04,433.39
3,311,4891.00,885.00,434.41
3,312,4839.00,884.82,433.87
3,313,4822.50,884.70,432.74
3,314,4852.00,875.88,432.80
3,315,4886.00,878.98,431.82
3,316,4860.50,876.50,430.87
3,317,4730.00,882.03,431.58
3,318,4759.50,874.74,429.74
3,319,4777.00,878.79,430.00
3,320,4762.00,885.84,431.74
3,321,4714.50,883.73,432.35
3,322,4795.50,880.70,430.01
3,323,4798.50,881.19,430.62
3,324,5444.00,891.61,436.74
3,325,5424.00,882.12,436.51
3,326,5984.50,886.61,439.07
3,327,5990.00,878.08,439.56
3,328,6444.00,882.25,436.08
3,329,6502.00,877.88,437.50
3,330,6699.00,881.57,432.96
3,331,6508.00,880.78,436.38
3,332,6499.50,873.94,434.65
4,53,2229.00,752.64,399.35
4,54,2016.50,758.73,393.68
4,55,2034.00,760.94,394.10
4,56,2450.50,763.60,390.96
4,57,2489.50,756.35,391.57
4,58,2564.00,757.23,392.28
4,59,2619.50,756.49,390.55
4,60,2812.50,759.82,391.40
4,61,3073.00,763.25,393.29
4,62,3049.50,759.19,390.99
4,63,2899.50,754.54,396.57
4,64,2942.00,759.27,393.92
4,65,2994.50,759.64,393.71
4,66,2984.00,759.69,395.85
4,67,2843.00,758.11,392.16
4,68,2764.50,759.98,396.90
4,69,2769.50,752.64,392.94
4,70,2739.50,762.46,394.50
4,71,2727.00,764.05,393.33
4,72,2729.00,762.36,396.68
4,73,2729.00,768.89,396.64
4,74,2796.00,766.63,395.29
4,75,2801.50,758.89,394.90
4,76,2823.25,764.93,395.20
4,77,2842.00,762.85,393.04
4,78,2850.00,769.44,394.35
4,79,2639.00,766.19,394.70
4,80,2671.50,766.35,396.21
4,81,2603.50,771.11,396.95
4,82,2591.00,768.70,397.71
4,83,2713.50,768.78,394.36
4,84,2733.00,763.87,393.40
4,85,2657.00,768.50,395.40
4,86,2374.50,765.35,395.05
4,87,2360.50,767.77,396.08
4,88,2219.50,765.83,396.33
4,89,2173.00,762.89,393.26
4,90,2411.00,771.11,390.92
4,91,2045.50,769.26,392.31
4,92,2070.00,773.29,392.02
4,93,1899.50,781.72,403.35
4,94,2016.00,790.14,399.53
4,95,2196.00,784.64,394.45
4,96,2264.00,783.19,394.98
4,97,2048.50,778.74,391.42
4,98,1958.50,779.10,394.63
4,99,1955.00,781.30,393.11
4,100,2040.50,780.69,393.90
4,101,1916.50,781.67,395.28
4,102,1917.00,789.22,396.08
4,103,1946.00,790.30,396.42
4,104,2179.00,788.53,401.18
4,105,2017.00,789.68,400.18
4,106,2011.50,788.83,403.54
5,115,762.50,950.76,629.18
5,116,685.50,945.77,630.27
5,117,665.50,948.36,629.47
5,118,579.00,949.34,630.70
5,119,568.00,947.22,629.16
5,120,665.50,956.83,631.94
5,121,627.00,954.01,630.63
5,122,614.50,955.31,630.74
5,123,733.50,953.07,630.86
5,124,730.50,952.30,631.33
5,125,756.00,956.76,630.86
5,126,759.50,954.96,630.63
5,127,698.50,960.75,631.63
5,128,651.00,958.94,631.29
5,129,655.50,961.51,631.87
5,130,661.00,956.07,633.46
5,131,659.50,953.97,631.95
5,132,621.00,953.93,631.69
5,133,612.50,955.96,632.46
5,134,625.00,955.94,633.31
5,135,630.00,957.17,632.50
5,136,630.50,955.97,630.40
5,137,587.00,953.38,628.06
5,138,597.50,954.04,628.70
5,139,569.00,952.84,629.11
5,140,577.50,953.78,629.04
5,141,569.00,947.33,630.17
5,142,570.50,943.25,629.12
5,143,654.50,946.39,629.87
5,144,667.50,957.07,631.86
5,145,667.50,953.10,631.65
5,146,660.00,951.70,631.30
5,147,617.00,951.17,631.19
5,148,562.50,952.31,630.84
5,149,559.50,950.81,630.68
5,150,548.50,951.04,629.03
5,151,519.50,953.53,629.60
5,152,541.50,952.33,629.69
5,153,558.50,955.55,632.11
5,154,519.00,952.14,628.54
5,155,488.00,957.67,628.50
5,156,491.50,950.97,629.29
5,157,471.50,953.18,631.42
5,158,482.00,951.89,633.38
5,159,467.00,947.99,630.54
5,160,473.00,953.70,631.34
5,161,501.50,948.19,630.69
5,162,539.00,952.43,632.72
5,163,563.00,953.33,634.04
5,164,708.50,956.99,631.19
5,165,697.50,959.28,633.42
5,166,704.50,955.91,630.44
5,167,726.00,961.04,630.22
5,168,746.00,961.60,630.52
5,169,1348.00,962.39,631.53
5,170,1233.00,955.50,637.40
5,171,1196.00,954.84,633.77
5,172,1174.00,956.93,637.03
5,173,1195.00,959.19,634.39
5,174,1199.50,961.64,634.34
5,175,1202.00,960.90,634.45
5,176,1229.00,952.07,635.57
5,177,1226.00,954.28,636.61
5,178,1216.00,956.44,634.89
5,179,1226.00,956.41,635.84
5,180,1176.00,950.28,631.63
5,181,1190.00,956.43,632.63
5,182,1186.00,957.45,633.74
5,183,1182.00,955.65,630.26
5,184,1167.00,956.38,630.96
5,185,1118.00,952.45,631.28
5,186,1111.00,955.34,630.27
5,187,1137.00,956.95,629.22
5,188,1171.00,954.12,631.60
5,189,1170.00,958.08,631.76
5,190,1022.00,959.79,631.49
5,191,1028.00,955.84,631.22
5,192,952.50,955.07,632.21
5,193,935.00,958.24,630.28
5,194,955.00,957.56,628.15
5,195,882.00,962.47,630.58
5,196,874.00,958.06,628.56
5,197,920.50,962.28,631.41
5,198,928.50,964.16,629.59
5,199,856.50,959.19,629.71
5,200,862.00,959.36,629.84
5,201,886.50,957.88,629.86
5,202,886.50,957.65,629.64
5,203,891.50,960.97,631.04
5,204,907.00,957.36,629.60
5,205,893.50,957.44,627.85
5,206,761.00,964.83,631.87
5,207,762.00,963.16,632.42
5,208,761.50,963.21,631.78
5,209,751.00,965.23,629.47
5,210,816.00,965.08,632.18
5,211,776.50,959.81,629.80
5,212,761.50,960.06,630.53
5,213,781.00,961.95,630.37
5,214,792.50,965.32,632.19
5,215,791.50,962.63,630.49
5,216,782.50,966.19,628.77
5,217,734.00,963.58,629.93
5,218,860.00,960.87,629.03
5,219,869.00,963.32,629.84
5,220,907.00,958.34,631.35
5,221,899.00,962.43,630.58
5,222,860.50,962.25,630.21
5,223,863.00,962.71,630.23
5,224,802.00,968.90,626.47
5,225,823.00,962.77,631.50
5,226,832.00,966.02,629.96
5,227,820.50,971.30,630.06
5,228,827.50,965.64,629.64
5,229,800.50,966.94,630.37
5,230,792.50,967.32,628.69
5,231,794.50,967.52,630.62
5,232,715.00,969.16,629.36
5,233,683.00,967.60,631.91
5,234,718.50,965.10,627.52
5,235,687.00,968.24,628.79
6,115,2314.50,696.43,527.50
6,116,1886.50,699.73,532.68
6,117,1836.50,698.59,531.06
6,118,2160.00,700.76,527.14
6,119,2195.00,701.64,526.00
6,120,1687.50,695.26,530.65
6,121,1733.00,693.38,528.23
6,122,1710.00,692.87,528.10
6,123,1893.50,698.17,532.37
6,124,1891.00,697.57,532.30
6,125,1966.00,703.92,531.17
6,126,1937.00,701.20,529.61
6,127,1895.00,701.20,532.58
6,128,1981.50,697.42,530.80
6,129,2027.00,700.56,531.47
6,130,2026.50,693.76,531.68
6,131,1974.50,694.38,529.80
6,132,2015.50,694.37,530.65
6,133,1988.50,696.69,531.19
6,134,2017.50,695.45,530.22
6,135,2019.00,693.25,529.68
6,136,1983.00,691.92,528.21
6,137,1987.00,692.52,528.69
6,138,1960.00,693.81,529.28
6,139,1940.00,691.31,528.18
6,140,1913.00,693.03,528.46
6,141,1916.50,693.12,529.31
6,142,1898.50,690.48,528.52
6,143,1864.50,691.66,529.79
6,144,1719.00,703.37,532.34
6,145,1678.50,695.58,530.52
6,146,1360.50,692.91,530.78
6,147,1399.50,698.67,530.74
6,148,1102.00,689.35,527.75
6,149,1111.50,680.61,522.00
6,150,947.00,676.61,518.01
6,151,980.50,681.87,518.08
6,152,936.00,680.71,520.82
6,153,1045.00,682.71,518.03
6,154,1104.50,680.62,514.92
6,155,1158.50,687.25,511.58
6,156,1177.00,684.72,513.24
6,157,1268.50,678.59,511.96
6,158,1256.50,678.55,513.37
6,159,1284.00,678.73,511.92
6,160,992.50,684.12,513.72
6,161,969.50,680.43,509.50
6,162,1150.00,681.93,511.98
6,163,1243.50,680.05,510.02
6,164,486.00,679.96,523.91
6,165,1147.00,706.53,530.82
6,166,1044.50,699.45,526.18
6,167,1867.50,702.07,531.82
6,168,2013.50,702.99,533.62
6,169,2136.00,705.94,534.84
6,170,2063.00,701.65,536.73
6,171,2009.00,699.14,534.23
6,172,2010.00,702.47,537.77
6,173,1964.50,702.78,539.05
6,174,1946.50,702.91,535.56
6,175,1937.50,702.14,535.05
6,176,1921.50,697.32,536.35
6,177,1911.50,701.28,537.91
6,178,1803.00,700.46,534.51
6,179,1809.00,697.83,532.80
6,180,1754.50,698.76,535.98
6,181,1682.50,701.94,538.46
6,182,1680.50,702.48,537.50
6,183,1683.00,697.14,534.25
6,184,1678.50,697.68,536.07
6,185,1613.00,702.47,536.95
6,186,1602.00,702.69,535.93
6,187,1571.50,703.51,537.70
6,188,1458.50,702.61,537.91
6,189,1453.50,702.07,536.72
6,190,1309.00,700.93,540.38
6,191,1316.50,700.19,539.82
6,192,1402.50,696.09,539.20
6,193,1401.00,699.26,537.91
6,194,1451.50,692.28,537.09
6,195,1453.50,697.32,537.58
6,196,1441.50,691.68,538.62
6,197,1487.00,701.02,540.16
6,198,1459.50,699.99,537.78
6,199,1484.00,698.27,538.90
6,200,1483.50,696.61,539.29
6,201,1501.50,696.43,538.26
6,202,1500.50,693.98,538.49
6,203,1517.00,694.85,537.79
6,204,1547.00,697.13,539.86
6,205,1551.00,696.76,538.18
6,206,1616.00,701.51,538.34
6,207,1630.50,699.96,539.05
6,208,1649.00,698.34,537.76
6,209,1644.00,702.48,536.59
6,210,1580.00,696.04,538.35
6,211,1544.50,696.82,537.08
6,212,1553.50,697.15,536.85
6,213,1533.00,703.39,538.76
6,214,1504.50,700.28,538.36
6,215,1448.50,698.50,539.02
6,216,1440.50,697.42,538.62
6,217,1366.00,699.08,540.87
6,218,1380.00,694.61,539.07
6,219,1371.00,697.58,540.32
6,220,1396.00,693.69,539.71
6,221,1378.00,697.43,541.02
6,222,1371.00,696.32,540.22
6,223,1363.50,701.35,540.54
6,224,1512.50,700.05,538.97
6,225,1560.50,704.52,538.75
6,226,1586.50,699.03,538.87
6,227,1360.50,705.98,538.87
6,228,1373.00,704.50,538.38
6,229,1392.00,700.98,539.65
6,230,1418.50,702.28,536.55
6,231,1420.00,702.75,539.97
6,232,1400.50,704.74,540.25
6,233,1385.00,706.57,541.02
6,234,1379.00,701.12,537.28
6,235,1398.00,700.72,537.28
6,236,1798.50,695.51,536.44
6,237,1633.00,704.56,537.23
6,238,1600.00,695.14,536.67
6,239,1673.50,698.18,538.81
6,240,1569.50,696.81,536.71
6,241,1550.50,697.13,535.72
6,242,1551.50,698.18,534.77
6,243,1642.50,701.94,534.48
6,244,1679.50,698.84,536.71
6,245,1684.00,699.17,535.16
6,246,1566.00,697.38,537.50
6,247,1697.50,705.22,535.12
6,248,1548.50,704.21,537.57
6,249,1530.00,699.40,535.33
6,250,1495.00,704.12,534.51
6,251,1486.00,700.28,535.63
6,252,1417.50,702.92,534.94
6,253,1400.50,709.07,538.41
6,254,1333.50,703.98,535.70
6,255,1265.50,703.12,536.91
6,256,1474.50,709.74,540.30
6,257,1343.50,696.16,538.75
6,258,1321.50,699.66,536.91
6,259,1294.50,698.86,536.86
6,260,1297.50,698.31,536.68
6,261,1291.00,698.45,537.19
6,262,1393.50,695.00,537.63
6,263,1290.50,693.03,537.98
6,264,1254.00,701.54,538.06
6,265,1239.50,694.81,537.24
6,266,1367.50,693.94,540.14
6,267,1369.00,691.84,539.73
6,268,1236.50,694.25,539.67
6,269,1227.00,697.19,538.87
6,270,1246.00,694.42,540.20
6,271,1209.00,698.46,540.12
6,272,1135.00,693.21,538.89
6,273,1086.50,701.48,538.58
6,274,1076.00,702.85,538.73
6,275,1070.50,702.45,541.60
6,276,1076.50,704.22,540.29
6,277,1108.50,703.73,540.26
6,278,1092.00,704.59,540.77
6,279,1080.00,710.26,541.17
6,280,1148.50,704.34,540.97
6,281,1164.50,702.15,540.85
6,282,1152.50,702.63,543.07
6,283,1158.00,701.37,541.74
6,284,1125.50,703.81,540.49
6,285,955.50,697.03,538.96
6,286,1013.50,700.67,538.20
6,287,1384.50,707.03,537.15
6,288,1519.00,708.31,535.19
6,289,1551.00,712.23,534.72
6,290,1601.50,708.39,535.00
6,291,2714.88,714.81,524.29
6,292,2648.00,708.41,529.31
6,293,2645.00,706.84,528.18
6,294,2527.50,707.30,529.84
6,295,2497.00,708.11,526.00
6,296,2466.00,703.17,529.26
6,297,2440.50,702.50,528.00
6,298,2445.00,704.12,526.43
6,299,2404.00,697.02,527.44
6,300,2396.50,703.75,526.74
6,301,2341.50,700.28,529.43
6,302,2348.00,702.82,531.67
6,303,2282.50,698.62,526.74
6,304,2317.00,704.22,531.88
6,305,2328.00,704.93,530.38
6,306,2332.00,704.94,530.40
6,307,2367.00,702.06,527.67
6,308,2468.00,701.37,528.16
6,309,2463.50,701.13,527.36
6,310,2288.50,700.34,529.83
6,311,2285.00,706.10,529.49
6,312,2222.50,703.52,529.34
6,313,2226.50,705.95,531.90
6,314,2217.00,701.92,531.71
6,315,2161.00,704.79,531.11
6,316,2198.50,707.25,528.01
6,317,2416.00,702.46,525.97
6,318,2420.50,704.57,527.03
6,319,2325.00,703.88,530.81
6,320,2325.50,710.98,527.95
6,321,2288.50,711.26,532.98
6,322,2113.50,707.61,532.93
6,323,2127.00,704.59,534.43
6,324,2065.00,712.16,535.63
6,325,2048.50,713.08,534.24
6,326,1971.50,712.14,537.45
6,327,1953.00,710.76,539.26
6,328,1969.50,710.26,533.48
6,329,1945.00,713.19,537.44
6,330,1947.00,705.25,536.11
6,331,1941.50,715.46,538.70
6,332,1942.00,710.44,537.95
6,333,3409.25,716.12,529.12
6,334,3328.00,705.93,528.57
6,335,3339.00,705.57,531.75
6,336,3242.00,698.75,523.03
6,337,3234.50,702.60,522.38
6,338,3263.00,683.78,523.08
6,339,3242.50,684.48,522.08
6,340,3084.00,688.15,522.05
6,341,3178.50,691.48,525.15
6,342,3287.62,729.98,535.65
6,343,3178.00,714.80,534.13
6,344,3142.00,723.25,538.34
6,345,3118.00,715.99,538.37
6,346,3113.00,713.05,537.63
6,347,2946.00,705.05,532.43
6,348,3659.00,705.44,529.78
6,349,3714.00,707.77,530.32
6,350,3590.00,710.82,528.18
6,351,3600.50,702.91,525.79
6,352,3871.00,702.66,531.12
6,353,3860.50,708.50,534.84
6,354,3637.50,708.35,532.52
6,355,3975.00,701.63,531.89
6,356,3976.00,706.52,529.15
6,357,4065.00,714.62,534.76
6,358,4110.00,708.42,533.95
6,359,4096.00,711.67,533.28
6,360,4082.00,712.62,534.35
6,361,4087.00,699.34,535.44
6,362,4136.00,712.01,537.85
6,363,4078.00,703.14,533.21
6,364,3860.00,704.58,529.88
6,365,3859.50,710.31,532.37
6,366,3807.00,700.05,532.34
6,367,3798.50,711.14,535.43
6,368,3656.00,706.29,529.32
6,369,3687.12,712.02,528.16
6,370,3370.00,701.96,534.73
6,371,3133.00,703.26,538.24
6,372,3113.50,708.83,539.27
6,373,3027.00,704.78,535.57
6,374,3015.00,707.98,532.61
6,375,2889.50,703.16,532.83
6,376,2864.00,708.61,536.93
6,377,2766.50,702.46,538.99
6,378,2725.00,702.79,537.91
6,379,2711.50,705.54,535.34
6,380,2478.50,706.70,535.17
6,381,2480.00,704.59,531.56
6,382,2470.50,703.86,537.38
6,383,2458.00,702.04,536.40
6,384,2417.50,707.55,534.32
6,385,2432.50,715.48,535.04
6,386,2473.50,712.11,536.19
6,387,2459.00,719.94,537.35
6,388,2442.00,704.09,535.74
6,389,2487.50,708.80,535.16
6,390,2472.00,704.64,536.62
6,391,2492.00,709.23,534.28
6,392,2488.00,713.50,535.76
6,393,2464.00,709.06,534.74
6,394,2404.50,710.07,534.18
6,395,2408.00,711.24,537.41
6,396,2404.50,711.07,538.07
6,397,2401.50,713.32,537.97
6,398,2428.50,709.50,535.91
6,399,2415.50,708.26,537.81
6,400,2403.00,707.73,537.71
6,401,2370.50,710.83,535.32
6,402,2381.00,705.48,535.71
6,403,2341.00,710.63,540.52
6,404,2367.00,708.95,539.33
6,405,2284.00,707.90,536.61
6,406,2273.00,711.96,537.67
6,407,2293.00,710.01,536.40
6,408,2332.00,703.75,534.07
6,409,2209.38,724.77,535.43
6,410,2053.50,712.68,531.96
6,411,2052.00,713.69,532.93
6,412,2038.00,711.95,536.18
6,413,2009.50,715.06,536.17
6,414,2071.00,715.67,539.11
6,415,2029.00,706.25,534.48
6,416,2051.50,712.25,534.53
6,417,2042.00,712.57,537.57
6,418,2080.50,715.70,536.75
6,419,2001.50,711.87,536.03
6,420,2033.00,718.27,534.55
6,421,1917.00,706.03,532.68
6,422,1905.00,710.59,536.28
6,423,1947.00,710.66,536.28
6,424,1906.00,718.52,535.94
6,425,1898.50,716.80,539.18
6,426,1774.00,737.82,539.72
6,427,1741.00,737.30,540.25
6,428,1863.00,729.42,540.34
6,429,1876.00,732.42,544.33
6,430,2062.00,741.13,542.52
6,431,1939.00,737.74,542.96
6,432,1864.00,739.05,541.13
6,433,1593.50,746.00,544.63
6,434,1577.00,742.13,542.54
6,435,1486.50,753.39,541.54
6,436,1458.50,756.17,542.84
6,437,1320.00,746.85,545.62
6,438,1290.00,748.69,543.50
6,439,1336.00,749.46,543.51
6,440,1345.00,750.49,543.24
6,441,1279.00,750.51,544.17
6,442,1254.50,745.30,545.80
6,443,1258.00,751.59,542.70
6,444,1231.00,748.08,543.87
6,445,1285.50,752.71,545.78
6,446,1296.50,754.32,545.02
6,447,1300.00,750.24,545.22
6,448,1296.50,744.66,544.96
6,449,1318.50,746.73,546.38
6,450,1294.50,740.90,547.26
6,451,1366.50,741.94,543.19
6,452,1363.00,741.89,545.93
6,453,1351.00,748.25,544.67
6,454,1385.00,746.74,545.18
6,455,1393.00,745.46,546.20
6,456,1341.00,746.66,547.25
6,457,1341.50,748.26,547.35
6,458,1347.00,747.30,548.85
6,459,1364.50,748.29,549.31
6,460,1852.12,767.91,554.63
6,461,1655.00,755.76,552.98
6,462,1665.00,754.42,553.75
6,463,1618.00,761.83,551.16
6,464,1612.50,755.95,551.70
6,465,1572.50,755.93,555.63
6,466,1558.00,756.74,553.01
6,467,1586.00,750.43,552.75
6,468,1551.00,752.59,553.22
6,469,1520.00,753.49,550.57
6,470,1514.00,754.78,552.46
6,471,1478.00,757.92,550.23
6,472,1302.50,756.29,544.60
6,473,1206.00,755.35,547.82
6,474,924.50,754.42,547.31
6,475,1087.50,741.94,547.92
6,476,1127.00,731.84,542.00
6,477,1446.50,745.09,544.92
6,478,1464.50,740.36,545.24
6,479,1479.00,739.28,546.34
6,480,1500.50,742.91,541.71
6,481,1505.50,743.67,544.65
6,482,1514.00,741.56,544.31
6,483,1502.00,741.17,544.51
6,484,1459.00,740.16,542.13
6,485,1432.50,738.55,543.56
6,486,1517.00,735.39,543.29
6,487,1511.50,736.91,544.43
6,488,1475.00,741.41,542.53
6,489,1469.00,740.44,544.72
6,490,1484.50,736.32,542.16
6,491,1504.50,737.95,545.43
6,492,1499.50,739.08,542.05
6,493,1514.50,738.66,544.98
6,494,1505.00,739.55,546.09
6,495,1476.00,737.13,547.19
6,496,1464.00,737.60,542.81
6,497,1518.00,740.91,546.16
6,498,1439.50,738.78,545.63
6,499,1486.00,743.19,545.62
6,500,1496.00,744.12,546.13
6,501,1498.50,747.86,548.80
6,502,1505.00,741.61,543.66
6,503,1492.00,750.85,546.72
6,504,1681.12,743.82,549.43
6,505,1618.00,738.64,549.26
6,506,1565.00,742.82,549.31
6,507,1664.00,743.34,547.67
6,508,1656.50,748.97,552.55
6,509,1474.00,744.69,550.77
6,510,1448.00,745.40,549.65
6,511,1477.50,746.54,553.95
6,512,1505.00,745.49,548.91
6,513,1506.00,742.85,549.61
6,514,1488.50,750.85,553.16
6,515,1481.00,743.47,550.06
6,516,1534.50,744.48,549.66
6,517,1518.00,739.06,547.79
6,518,1484.00,738.98,548.83
6,519,1463.50,739.57,550.22
6,520,1449.50,732.93,548.94
6,521,1451.00,729.35,546.90
6,522,1465.50,730.85,545.44
6,523,1440.00,738.92,548.70
6,524,1425.50,734.29,547.89
6,525,1440.00,733.14,547.89
6,526,1416.50,736.03,543.53
6,527,1414.00,735.82,547.46
6,528,1455.00,736.03,546.52
6,529,1462.50,735.28,547.30
6,530,1470.00,738.33,548.39
6,531,1480.50,740.15,547.28
6,532,1488.00,736.76,546.33
6,533,1494.50,742.29,550.32
6,534,1505.50,744.38,549.35
6,535,1462.00,745.48,548.80
6,536,1489.00,739.96,549.04
6,537,1077.62,738.86,550.36
6,538,1227.50,748.89,548.36
6,539,1129.50,747.88,547.87
6,540,1155.50,749.13,548.84
6,541,1159.00,747.28,548.34
6,542,1093.50,744.42,547.92
6,543,1064.00,740.76,548.74
6,544,1555.75,735.66,549.11
6,545,1405.50,730.98,549.78
6,546,1422.50,729.95,549.47
6,547,1393.50,728.08,548.54
6,548,1389.00,731.22,546.94
6,549,1358.00,731.22,545.24
6,550,1320.00,726.51,545.91
6,551,1315.00,726.43,546.98
6,552,1320.00,728.96,545.70
6,553,1333.50,727.56,544.22
6,554,1371.50,729.77,548.91
6,555,1362.50,728.91,549.03
6,556,1378.50,726.44,548.04
6,557,1361.00,722.88,546.01
6,558,1343.00,725.72,547.30
6,559,1341.00,727.66,546.06
6,560,1342.50,725.19,545.22
6,561,1308.50,726.85,546.18
6,562,1328.00,727.16,545.39
6,563,1270.50,721.32,543.44
6,564,1258.50,723.09,544.78
6,565,1339.50,728.11,545.50
6,566,1290.50,730.56,544.78
6,567,1313.50,725.30,543.42
6,568,1333.50,720.34,542.89
6,569,1339.00,722.32,545.07
6,570,1315.50,731.17,546.41
6,571,1356.50,726.75,546.28
6,572,1246.00,733.83,546.61
6,573,1361.50,730.63,547.19
6,574,1379.00,728.67,547.16
6,575,1415.50,730.13,546.35
6,576,1434.00,726.37,546.98
6,577,1447.50,728.57,548.33
6,578,1447.50,728.26,548.87
6,579,1484.00,728.27,545.33
6,580,1486.50,727.22,543.15
6,581,1502.00,720.68,539.29
6,582,1484.00,720.48,541.15
6,583,1497.50,720.88,540.76
6,584,1487.50,727.29,546.67
6,585,1504.00,724.73,544.44
6,586,1506.00,723.05,542.92
6,587,1451.50,726.53,543.62
6,588,1436.00,730.12,546.59
6,589,1409.50,727.04,546.55
6,590,1387.50,731.68,548.92
6,591,1156.00,726.78,544.75
6,592,1532.25,750.66,549.86
6,593,1341.00,742.39,550.35
6,594,1217.50,740.33,548.96
6,595,1047.00,740.94,547.73
7,169,2409.62,735.60,404.78
7,170,2296.50,729.56,399.30
7,171,2158.50,734.82,403.22
7,172,2251.00,731.57,402.47
7,173,2142.50,737.59,400.23
7,174,2136.50,736.79,400.15
7,175,2139.50,737.35,401.27
7,176,2296.50,730.99,400.05
7,177,2249.00,735.11,401.85
7,178,2213.00,739.57,400.51
7,179,2163.00,736.65,401.23
7,180,2210.00,731.03,401.05
7,181,2305.50,733.36,400.72
7,182,2298.00,737.95,399.43
7,183,2245.50,737.12,398.55
7,184,2252.50,738.61,399.94
7,185,2263.50,736.31,400.43
7,186,2263.00,737.21,400.16
7,187,2415.50,737.63,399.04
7,188,2187.00,737.61,401.57
7,189,2267.50,738.80,402.43
7,190,1826.50,744.81,404.30
7,191,1761.00,745.31,405.02
7,192,1772.00,741.82,406.42
7,193,1739.50,746.65,405.02
7,194,1741.00,747.12,403.19
7,195,1875.50,750.22,404.90
7,196,1851.00,745.87,405.23
7,197,1749.50,754.96,405.14
7,198,1729.50,747.52,404.58
7,199,1678.50,751.11,405.12
7,200,1679.50,751.89,403.17
7,201,1736.00,750.30,408.55
7,202,1732.50,746.51,408.27
7,203,1701.00,754.23,407.39
7,204,1678.50,754.16,406.62
7,205,1660.00,753.12,408.83
7,206,1640.50,756.08,410.95
7,207,1646.00,756.65,409.18
7,208,1607.00,753.88,411.45
7,209,1599.00,758.57,412.11
7,210,1615.00,757.44,413.87
7,211,1574.50,753.87,411.66
7,212,1531.75,752.60,411.26
7,213,1533.00,761.05,416.54
7,214,1527.50,760.79,417.77
7,215,1424.00,764.17,416.04
7,216,1411.25,761.46,417.01
7,217,1404.00,758.48,415.64
7,218,1384.00,758.26,416.34
7,219,1387.00,759.21,415.27
7,220,1452.00,757.34,418.77
7,221,1450.50,759.36,417.52
7,222,1403.50,758.80,418.76
7,223,1395.50,761.25,417.72
7,224,1570.50,766.59,421.71
7,225,1651.00,760.08,416.84
7,226,1649.50,761.82,418.07
7,227,1698.50,769.62,421.60
7,228,1709.50,767.83,419.84
7,229,1770.50,765.69,419.99
7,230,1824.00,769.53,417.05
7,231,1778.50,766.37,417.56
7,232,1848.50,765.16,422.58
7,233,1885.00,770.47,423.08
7,234,1805.50,767.34,422.94
7,235,1828.50,768.35,423.93
8,169,1014.50,790.72,574.42
8,170,951.50,791.06,579.15
8,171,926.00,793.03,577.62
8,172,963.00,793.22,579.66
8,173,987.00,793.99,577.17
8,174,996.50,795.71,577.83
8,175,1002.50,794.67,578.59
8,176,977.50,791.04,579.14
8,177,983.00,793.98,580.04
8,178,972.00,793.33,577.64
8,179,988.00,791.89,577.62
8,180,1002.00,792.48,576.81
8,181,992.50,793.08,577.41
8,182,992.00,793.54,576.81
8,183,984.50,790.63,574.47
8,184,971.00,789.96,575.41
8,185,947.50,793.74,576.58
8,186,946.00,795.62,576.77
8,187,914.50,795.95,576.32
8,188,926.50,801.98,577.36
8,189,928.00,800.04,578.76
8,190,943.50,798.72,577.93
8,191,940.50,797.71,577.64
8,192,910.00,795.21,579.19
8,193,912.50,798.84,579.34
8,194,923.50,798.79,577.54
8,195,904.50,795.54,577.41
8,196,904.00,792.95,577.63
8,197,941.50,796.47,577.12
8,198,945.00,793.79,575.71
8,199,922.50,796.93,577.26
8,200,938.50,796.52,577.42
8,201,889.50,795.80,577.72
8,202,873.50,791.08,576.82
8,203,899.50,790.46,575.15
8,204,914.00,794.53,576.16
8,205,935.00,796.58,575.94
8,206,947.50,799.90,577.15
8,207,952.50,797.27,576.98
8,208,980.50,793.35,577.58
8,209,978.50,799.07,576.41
8,210,989.50,796.31,577.04
8,211,977.50,791.39,575.49
8,212,973.00,787.82,575.13
8,213,944.50,799.09,577.46
8,214,963.00,801.52,577.62
8,215,889.50,796.68,576.25
8,216,883.50,793.79,574.78
8,217,844.50,799.37,578.85
8,218,867.50,796.74,578.92
8,219,853.00,799.44,578.34
8,220,897.00,796.24,578.23
8,221,895.00,800.30,578.83
8,222,875.00,795.06,578.89
8,223,868.50,801.30,578.93
8,224,885.50,806.82,577.46
8,225,889.00,801.39,578.04
8,226,893.50,803.15,577.13
8,227,883.50,801.60,577.91
8,228,869.00,801.90,578.15
8,229,902.00,795.86,577.37
8,230,874.00,797.45,576.68
8,231,871.50,800.63,578.33
8,232,835.00,795.61,576.89
8,233,847.00,796.94,578.16
8,234,787.50,791.68,575.56
8,235,801.00,794.07,576.73
8,236,1053.00,797.17,573.85
8,237,930.00,801.71,571.22
8,238,968.50,799.50,574.50
8,239,966.50,796.29,573.52
8,240,991.50,799.34,573.06
8,241,986.00,796.46,572.06
8,242,998.00,798.88,572.39
8,243,964.50,800.43,572.70
8,244,956.50,801.19,573.75
8,245,934.50,799.68,574.71
8,246,926.00,798.01,573.90
8,247,954.00,801.78,572.20
8,248,952.00,800.84,575.02
8,249,935.50,801.74,574.64
8,250,1159.00,806.53,575.04
8,251,1199.00,799.97,575.54
8,252,962.50,808.42,572.98
8,253,938.50,804.19,574.66
8,254,919.00,803.36,570.95
8,255,908.50,802.23,573.42
8,256,1243.50,798.98,576.53
8,257,1104.00,797.19,578.03
8,258,1154.00,804.66,576.56
8,259,1127.50,805.22,577.68
8,260,1127.00,801.07,577.44
8,261,1123.50,796.53,574.35
8,262,1120.50,798.18,576.86
8,263,1105.50,798.58,576.93
8,264,1146.50,800.11,577.62
8,265,1139.00,796.73,576.80
8,266,1153.00,803.30,578.65
8,267,1145.50,797.62,575.66
8,268,1153.50,800.94,578.12
8,269,1123.50,807.12,576.47
8,270,1172.00,806.05,577.89
8,271,1179.00,800.59,576.30
8,272,1209.00,795.82,577.30
8,273,1237.50,807.82,577.26
8,274,1240.00,805.92,577.54
8,275,1288.50,809.85,578.47
8,276,1294.50,811.04,578.07
8,277,1343.00,808.47,577.28
8,278,1381.50,803.61,577.53
8,279,1397.50,812.52,579.34
8,280,1350.00,812.06,580.75
8,281,1389.50,810.99,579.12
8,282,1335.00,809.74,578.74
8,283,1360.50,809.55,578.20
8,284,1268.50,810.66,577.26
8,285,1563.00,808.32,580.66
8,286,1573.50,805.54,577.84
8,287,1293.50,801.98,576.68
8,288,1279.50,803.34,574.54
8,289,1248.50,805.68,577.44
8,290,1253.00,803.28,575.62
9,291,2350.38,772.58,402.92
9,292,2289.00,766.93,399.72
9,293,2323.50,762.47,398.80
9,294,2220.00,764.98,396.72
9,295,2242.00,764.03,398.70
9,296,2394.50,761.98,396.90
9,297,2400.50,764.06,398.25
9,298,2305.00,762.01,395.00
9,299,2344.00,759.62,396.88
9,300,1984.50,763.73,393.29
9,301,2163.00,754.89,397.44
9,302,2190.00,750.70,398.29
9,303,2192.00,746.24,396.59
9,304,2235.50,749.51,400.09
9,305,2318.00,744.07,397.19
9,306,2349.00,748.71,395.43
9,307,2352.50,743.09,395.24
9,308,2370.00,744.66,398.58
9,309,2404.00,749.19,395.03
9,310,2514.00,746.47,394.66
9,311,2489.50,746.60,395.21
9,312,2518.00,745.80,394.70
9,313,2522.00,745.96,394.62
9,314,2472.00,741.46,395.02
9,315,2568.00,742.98,392.50
9,316,2587.00,746.50,393.55
9,317,2507.00,745.94,395.69
9,318,2517.50,743.59,392.65
9,319,2501.50,748.00,395.25
9,320,2492.00,751.94,394.52
9,321,2530.00,758.05,396.31
9,322,2581.50,744.73,394.46
9,323,2595.00,743.54,393.91
9,324,2541.00,746.90,394.35
9,325,2570.50,753.91,393.71
9,326,2585.50,753.64,399.14
9,327,2606.50,752.13,399.47
9,328,2258.50,754.16,396.75
9,329,2060.00,756.61,400.10
9,330,2022.50,756.52,398.61
9,331,2144.00,756.71,396.34
9,332,2214.50,750.92,396.55
10,333,16325.00,1048.29,621.05
10,334,16830.00,1028.00,625.50
10,335,16854.00,1026.32,632.53
10,336,17444.00,1019.85,621.92
10,337,17608.00,1025.35,619.49
10,338,18144.00,999.21,624.88
10,339,18256.00,999.91,620.27
10,340,18106.00,1008.69,619.92
10,341,18558.00,1002.14,623.89
10,342,18254.50,1044.86,618.53
10,343,18384.00,1023.71,626.61
10,344,18500.00,1030.63,630.15
10,345,18848.00,1027.14,633.05
10,346,17618.00,1022.76,631.38
10,347,17748.00,1023.04,631.93
10,348,18924.00,1014.02,628.04
10,349,18928.00,1017.10,624.72
10,350,17696.00,1028.14,622.75
10,351,17596.00,1034.74,626.98
10,352,17046.00,1031.23,628.30
10,353,16918.00,1033.19,629.31
10,354,18264.00,1014.34,624.04
10,355,16778.00,1027.98,632.45
10,356,17970.00,1032.30,624.90
10,357,16664.00,1038.45,630.84
10,358,16400.00,1026.38,633.23
10,359,16372.00,1030.45,627.24
10,360,16372.00,1022.70,628.61
10,361,16374.00,1019.34,632.26
10,362,16230.00,1035.36,634.14
10,363,16138.00,1024.75,627.32
10,364,16158.00,1021.56,624.33
10,365,16056.00,1022.20,631.64
10,366,15976.00,1024.74,630.28
10,367,15956.00,1028.46,626.59
10,368,17622.00,1028.32,632.44
10,369,15270.00,1029.17,623.14
10,370,14472.00,1007.07,626.79
10,371,15084.00,1008.96,629.83
10,372,15136.00,1012.70,629.44
10,373,15414.00,1001.78,635.85
10,374,14438.00,997.63,627.21
10,375,15432.00,1005.89,627.17
10,376,15462.00,1008.66,630.65
10,377,14398.00,1011.50,632.63
10,378,14162.00,1012.67,635.32
10,379,14196.00,1021.67,633.08
10,380,14112.00,1018.50,637.50
10,381,14016.00,1008.98,633.41
10,382,14024.00,1014.31,636.64
10,383,13908.00,1012.91,635.72
10,384,14016.00,1020.64,634.91
10,385,13940.00,1009.98,634.32
10,386,13938.00,1011.06,639.78
10,387,13766.00,1017.51,638.58
10,388,13770.00,1016.67,639.20
10,389,13392.00,1010.10,634.78
10,390,13188.00,1014.05,639.58
10,391,13036.00,1007.77,638.42
10,392,12960.00,1018.76,637.77
10,393,13336.00,1007.22,635.82
10,394,13584.00,1011.33,639.11
10,395,13596.00,1013.60,639.23
10,396,13594.00,1010.65,635.33
10,397,13598.00,1000.47,631.21
10,398,13658.00,1010.64,635.10
10,399,13642.00,1002.96,632.28
10,400,13812.00,1002.48,631.70
10,401,13528.00,1011.29,632.21
10,402,13574.00,1002.77,631.03
10,403,13640.00,1001.84,639.32
10,404,13638.00,1002.47,637.60
10,405,13632.00,1000.24,631.40
10,406,13622.00,991.04,630.94
10,407,13610.00,1005.64,631.79
10,408,13702.00,1000.22,630.89
10,409,13049.75,1033.44,629.34
10,410,12926.00,1017.21,635.67
10,411,12962.00,1019.70,636.00
10,412,12808.00,1007.13,636.72
10,413,12772.00,1010.76,638.12
10,414,12874.00,1022.13,641.42
10,415,12782.00,1009.12,640.79
10,416,12654.00,1024.44,643.49
10,417,12548.00,1020.25,643.51
10,418,12568.00,1015.21,646.52
10,419,12424.00,1017.52,644.34
10,420,13160.00,1003.68,636.44
10,421,12408.00,1016.62,640.60
10,422,12550.00,1006.25,640.22
10,423,12568.00,1013.64,639.20
10,424,12328.00,1010.69,633.49
10,425,12318.00,1018.47,638.27
10,426,12528.00,1011.08,637.24
10,427,12484.00,1011.30,635.22
10,428,11898.00,999.64,632.49
10,429,12838.00,1010.05,638.86
10,430,11642.00,1004.08,636.49
10,431,12946.00,1000.73,637.64
10,432,13136.00,1002.50,634.12
10,433,12132.00,1010.68,637.28
10,434,12212.00,1007.75,635.45
10,435,11892.00,1005.66,635.83
10,436,12060.00,1003.77,637.13
10,437,12246.00,1007.39,637.07
10,438,12344.00,1008.11,637.53
10,439,12196.00,1008.78,637.11
10,440,12140.00,1006.31,634.46
10,441,12100.00,1011.53,637.23
10,442,12036.00,1020.15,639.84
10,443,11914.00,1015.03,637.95
10,444,11868.00,1014.09,638.62
10,445,11634.00,1018.28,644.54
10,446,11512.00,1015.38,640.66
10,447,11670.00,1015.96,642.77
10,448,11614.00,1014.47,642.75
10,449,11576.00,1023.13,644.49
10,450,11470.00,1012.84,642.06
10,451,11492.00,1012.46,644.82
10,452,11564.00,1016.10,642.45
10,453,11332.00,1020.02,645.26
10,454,11270.00,1017.21,647.40
10,455,11230.00,1023.40,650.53
10,456,11318.00,1019.29,646.72
10,457,11264.00,1019.18,645.13
10,458,11308.00,1010.00,645.73
10,459,11234.00,1020.98,649.18
10,460,9379.50,1055.52,635.85
10,461,9372.00,1034.98,643.12
10,462,9304.00,1031.40,644.45
10,463,9438.00,1048.12,645.30
10,464,9426.00,1037.81,646.32
10,465,9304.00,1042.17,649.37
10,466,9318.00,1039.16,644.36
10,467,9192.00,1039.02,644.49
10,468,9152.00,1042.88,647.85
10,469,9224.00,1040.65,646.24
10,470,9082.00,1042.48,647.02
10,471,9150.00,1041.73,643.37
10,472,8258.00,1041.40,642.94
10,473,8996.00,1034.50,646.13
10,474,9466.00,1066.61,647.40
10,475,12544.00,1083.74,659.25
10,476,7870.00,1074.58,640.97
10,477,14366.00,1094.50,656.47
10,478,8448.00,1065.63,656.38
10,479,8962.00,1056.13,657.22
10,480,9254.00,1047.17,651.86
10,481,9684.00,1049.16,655.45
10,482,9816.00,1051.98,656.46
10,483,9650.00,1040.17,652.04
10,484,9698.00,1046.27,657.05
10,485,9700.00,1044.56,657.62
10,486,9554.00,1051.64,655.53
10,487,9576.00,1053.12,658.88
10,488,9244.00,1041.21,647.53
10,489,9030.00,1040.03,649.78
10,490,8882.00,1051.17,649.72
10,491,8584.00,1052.93,656.60
10,492,8514.00,1056.97,652.45
10,493,8580.00,1060.86,657.43
10,494,8372.00,1070.68,662.32
10,495,8492.00,1049.73,656.54
10,496,8412.00,1068.84,662.47
10,497,8248.00,1067.60,660.56
10,498,8296.00,1060.27,664.01
10,499,8288.00,1059.46,659.07
10,500,8100.00,1071.09,657.07
10,501,8944.00,1065.41,663.90
10,502,8064.00,1060.07,651.29
10,503,7888.00,1066.53,656.57
10,504,8630.00,1081.41,660.23
10,505,8638.00,1046.99,656.19
10,506,8536.00,1048.55,656.60
10,507,8524.00,1063.71,658.42
10,508,8456.00,1067.70,657.82
10,509,8362.00,1067.92,661.53
10,510,8368.00,1063.00,657.73
10,511,8280.00,1060.06,659.61
10,512,8234.00,1061.60,658.41
10,513,8180.00,1059.12,657.66
10,514,8094.00,1069.43,664.26
10,515,8046.00,1063.00,662.04
10,516,7886.00,1069.31,661.05
10,517,7762.00,1068.72,661.34
10,518,7850.00,1061.98,658.00
10,519,7694.00,1065.21,653.07
10,520,7696.00,1060.90,654.23
10,521,7692.00,1065.10,656.08
10,522,7638.00,1057.28,652.21
10,523,7580.00,1071.55,656.44
10,524,7544.00,1069.43,657.38
10,525,7500.00,1066.25,654.84
10,526,7244.00,1063.54,652.43
10,527,7162.00,1062.39,652.95
10,528,7218.00,1070.67,654.67
10,529,7222.00,1066.66,655.70
10,530,7050.00,1070.78,653.57
10,531,7032.00,1066.45,652.94
10,532,6964.00,1070.83,653.51
10,533,7068.00,1071.80,656.42
10,534,6990.00,1075.72,655.87
10,535,7350.00,1071.61,658.28
10,536,7500.00,1062.95,659.40
10,537,6129.75,1088.20,661.86
10,538,5496.00,1079.21,663.76
10,539,5400.00,1081.19,660.99
10,540,5350.00,1084.68,663.48
10,541,6090.00,1070.41,661.16
10,542,6360.00,1072.77,664.91
10,543,5994.00,1063.36,661.49
10,544,5723.00,1074.58,656.54
10,545,5852.00,1061.26,661.28
10,546,5874.00,1057.61,659.92
10,547,5742.00,1057.93,657.52
10,548,5758.00,1059.23,657.11
10,549,5582.00,1064.31,658.43
10,550,5664.00,1056.61,659.97
10,551,5702.00,1052.60,660.49
10,552,6010.00,1054.49,657.64
10,553,6102.00,1047.52,654.74
10,554,5902.00,1067.79,661.35
10,555,6388.00,1055.13,658.69
10,556,6574.00,1052.31,658.83
10,557,6060.00,1054.99,659.40
10,558,5976.00,1056.12,660.80
10,559,5968.00,1052.27,660.58
10,560,5980.00,1055.88,661.81
10,561,5880.00,1052.40,661.40
10,562,6310.00,1055.47,658.78
10,563,6232.00,1045.59,657.41
10,564,6348.00,1048.26,657.95
10,565,6200.00,1045.28,659.61
10,566,6388.00,1041.67,657.46
10,567,6456.00,1050.62,657.10
10,568,6438.00,1045.91,654.61
10,569,6512.00,1048.14,659.48
10,570,6514.00,1046.33,657.55
10,571,6542.00,1041.16,655.55
10,572,6706.00,1045.67,655.19
10,573,6752.00,1053.27,659.93
10,574,6652.00,1048.68,660.45
10,575,6670.00,1045.18,657.89
10,576,6694.00,1047.35,658.21
10,577,6826.00,1037.88,656.79
10,578,6858.00,1043.93,657.52
10,579,6878.00,1055.41,656.76
10,580,6798.00,1049.36,652.23
10,581,6870.00,1043.04,650.07
10,582,6764.00,1037.36,649.66
10,583,6772.00,1041.45,649.88
10,584,6760.00,1048.75,651.30
10,585,6818.00,1041.81,649.60
10,586,7094.00,1052.07,649.99
10,587,7158.00,1056.73,653.24
10,588,7180.00,1057.17,654.51
10,589,7390.00,1049.06,653.32
10,590,7508.00,1052.71,655.70
10,591,7548.00,1053.10,652.87
10,592,4290.25,1094.07,672.51
10,593,4204.00,1077.69,670.02
10,594,4254.00,1077.84,667.39
10,595,4318.00,1076.68,666.56
10,596,4152.00,1077.02,668.03
10,597,4140.00,1075.00,671.33
10,598,4070.00,1081.60,668.62
10,599,4054.00,1079.62,667.89
10,600,4000.00,1075.79,668.02
10,601,3992.00,1082.33,668.10
10,602,3964.00,1077.98,671.42
10,603,3934.00,1085.49,670.37
10,604,3940.00,1084.73,672.48
10,605,4014.00,1077.98,670.61
10,606,4049.00,1079.20,667.66
10,607,4006.00,1079.11,666.02
10,608,4032.00,1069.47,669.46
10,609,4100.00,1071.95,668.04
10,610,4038.00,1074.95,666.27
10,611,4044.00,1068.84,668.28
10,612,4066.00,1080.78,667.76
10,613,4042.00,1078.10,666.88
10,614,3978.00,1080.42,667.10
10,615,3968.00,1077.37,665.59
10,616,3941.00,1080.52,667.80
10,617,3959.00,1074.20,664.92
10,618,3950.00,1074.52,666.98
10,619,3961.00,1077.80,667.93
10,620,3912.00,1076.17,667.39
10,621,3859.00,1072.16,667.28
10,622,3832.00,1072.82,667.17
10,623,3790.00,1080.56,666.79
10,624,3793.00,1076.51,667.74
10,625,3827.00,1072.07,663.57
10,626,3732.00,1073.38,666.92
10,627,3746.00,1083.05,666.65
10,628,3768.00,1085.86,671.14
10,629,3775.00,1078.29,666.13
10,630,3726.00,1079.29,668.92
10,631,3718.00,1077.96,667.03
10,632,3702.00,1079.81,667.21
10,633,3656.00,1073.22,667.31
10,634,3616.00,1071.49,666.35
10,635,3520.00,1082.20,669.21
10,636,3456.00,1082.78,667.56
10,637,3364.00,1081.86,668.06
10,638,3260.00,1078.07,665.25
10,639,3230.00,1084.24,667.25
10,640,3180.00,1082.07,665.08
10,641,3169.00,1079.59,665.15
10,642,3180.00,1079.42,665.86
10,643,3139.00,1081.15,666.73
10,644,1713.25,1052.99,659.59
10,645,1541.00,1041.73,660.23
10,646,1592.00,1040.36,656.11
10,647,1614.00,1048.96,660.86
10,648,1607.00,1047.86,659.31
10,649,1570.00,1051.96,664.33
10,650,1556.00,1046.63,660.63
10,651,1568.00,1048.22,662.44
10,652,1540.00,1040.91,658.81
10,653,1486.00,1043.24,657.71
10,654,1508.00,1048.57,663.38
10,655,1502.00,1043.08,658.90
10,656,1536.00,1038.45,659.40
10,657,1512.00,1041.55,660.08
10,658,1469.00,1043.20,660.50
10,659,1450.00,1040.92,660.88
10,660,1466.00,1048.10,659.61
10,661,1472.00,1047.76,660.19
10,662,1488.00,1042.98,654.99
10,663,1418.00,1045.56,660.41
10,664,1426.00,1052.72,657.95
10,665,1421.00,1054.44,659.94
10,666,1413.00,1052.14,657.46
10,667,1399.00,1050.74,658.57
10,668,1410.00,1056.55,661.09
10,669,1442.00,1053.85,658.33
10,670,1481.00,1049.89,657.69
10,671,1457.00,1049.09,656.30
10,672,1489.00,1053.03,658.85
10,673,1481.00,1052.02,657.88
10,674,1490.00,1055.62,658.43
10,675,1432.00,1057.47,658.24
10,676,1460.00,1053.95,657.48
10,677,1429.00,1059.99,665.66
10,678,1450.00,1060.09,661.22
10,679,1438.00,1056.99,661.81
10,680,1463.00,1060.33,662.15
10,681,1433.00,1058.98,661.08
10,682,1392.00,1048.47,656.80
10,683,1346.00,1061.29,660.27
10,684,1356.00,1062.31,663.72
10,685,1344.00,1061.23,659.79
10,686,1335.00,1061.01,661.95
10,687,1329.00,1061.53,662.05
10,688,1369.00,1053.92,657.88
10,689,1357.00,1060.05,659.06
10,690,1377.00,1055.94,661.10
10,691,1377.00,1055.04,657.26
10,692,1359.00,1051.26,659.64
10,693,1358.00,1059.72,659.72
10,694,1357.00,1051.71,657.30
10,695,1343.00,1060.27,661.02
10,696,1356.00,1057.45,660.62
10,697,1372.00,1059.24,660.87
10,698,1357.00,1054.51,661.88
10,699,1372.00,1057.59,662.16
10,700,1369.00,1065.50,660.92
10,701,1368.00,1060.63,659.84
10,702,1441.00,1066.80,662.21
10,703,1436.00,1063.96,660.83
10,704,1423.00,1070.68,660.25
10,705,1411.00,1070.24,660.56
10,706,1425.00,1063.77,659.56
10,707,1417.00,1059.36,660.78
10,708,1456.50,1050.23,667.35
10,709,1336.00,1031.67,661.68
10,710,1349.00,1032.10,660.21
10,711,1383.00,1037.23,666.34
10,712,1374.00,1034.95,661.63
10,713,1372.00,1035.62,664.67
10,714,1363.00,1024.89,661.23
10,715,1368.00,1030.26,662.03
10,716,1324.00,1037.76,659.83
10,717,1312.00,1032.14,660.41
10,718,1332.00,1025.89,655.83
10,719,1312.00,1028.30,659.53
10,720,1385.00,1025.76,655.31
10,721,1391.00,1029.56,658.31
10,722,1360.00,1033.53,656.63
10,723,1322.00,1028.14,655.51
10,724,1319.00,1025.36,657.36
10,725,1296.00,1025.41,656.45
10,726,1292.00,1026.38,655.43
10,727,1292.00,1026.42,657.92
10,728,1267.00,1029.45,657.63
10,729,1324.00,1029.24,656.86
10,730,1322.00,1025.36,656.30
10,731,1318.00,1029.13,655.20
10,732,1365.00,1023.80,654.64
10,733,1318.00,1029.02,656.21
10,734,1338.00,1029.73,657.66
10,735,1325.00,1027.88,654.20
10,736,1355.00,1031.58,657.54
10,737,1356.00,1032.35,656.14
10,738,1342.00,1034.28,656.89
10,739,1361.00,1029.62,653.12
10,740,1355.00,1027.15,654.52
10,741,1312.00,1028.79,655.15
10,742,1715.75,1051.79,660.64
10,743,1612.00,1044.74,659.39
10,744,1643.00,1050.93,661.06
10,745,1641.00,1042.98,661.69
10,746,1646.00,1046.68,660.91
10,747,1701.00,1042.27,660.03
10,748,1673.00,1043.34,661.25
10,749,1681.00,1039.53,661.49
10,750,1683.00,1042.19,658.96
10,751,1682.00,1041.05,659.45
10,752,1704.00,1040.80,660.41
10,753,1673.00,1041.12,662.55
10,754,1720.00,1041.91,661.71
10,755,1706.00,1045.12,662.99
10,756,1718.00,1046.33,659.31
10,757,1700.00,1031.97,659.33
10,758,1992.00,1035.28,660.50
10,759,1712.00,1038.25,660.37
10,760,1652.00,1037.12,661.09
10,761,1650.00,1036.04,660.22
10,762,1633.00,1037.21,661.84
10,763,1616.00,1039.47,660.35
10,764,1560.00,1037.55,658.04
10,765,1540.00,1036.82,658.18
10,766,1544.00,1040.50,659.83
10,767,1580.00,1037.00,657.23
10,768,1566.00,1041.12,657.19
10,769,1552.00,1044.72,659.70
10,770,1540.00,1042.22,659.80
10,771,1871.00,1037.98,658.54
10,772,1642.00,1037.10,658.07
10,773,1563.00,1044.26,660.22
10,774,1647.00,1041.98,661.84
10,775,1686.00,1042.23,662.39
10,776,1695.00,1038.87,662.20
10,777,1743.00,1034.42,658.82
10,778,1656.00,1036.44,659.15
10,779,1696.00,1038.27,663.16
10,780,1621.00,1040.64,662.79
10,781,1650.00,1037.12,659.57
10,782,1592.00,1045.69,661.19
10,783,1596.00,1038.55,659.55
10,784,1566.00,1041.77,659.06
10,785,1570.00,1038.69,659.28
10,786,1573.00,1033.30,655.98
10,787,1566.00,1037.59,655.86
10,788,1539.00,1038.35,656.37
10,789,1561.00,1043.74,658.93
10,790,1542.00,1042.32,658.54
10,791,1485.00,1044.44,658.85
10,792,1506.00,1044.99,658.39
10,793,1477.00,1040.37,658.84
10,794,2098.25,1039.75,659.44
10,795,1923.00,1034.32,660.85
10,796,1923.00,1028.52,661.55
10,797,1919.00,1029.82,658.31
10,798,1914.00,1026.37,658.23
10,799,1949.00,1028.34,660.58
10,800,1920.00,1032.35,661.58
10,801,2029.00,1027.34,660.13
10,802,2073.00,1027.88,659.08
10,803,2042.00,1028.33,658.12
10,804,2036.00,1028.47,659.29
10,805,2073.00,1035.54,660.23
10,806,2024.00,1038.29,662.91
10,807,2080.00,1030.48,659.96
10,808,2119.00,1031.31,662.71
10,809,2126.00,1040.70,664.61
10,810,2162.00,1032.19,662.49
10,811,2165.00,1032.11,662.57
10,812,2263.00,1032.06,661.93
10,813,2280.00,1031.17,662.64
10,814,2242.00,1034.03,660.07
10,815,2271.00,1032.35,658.66
10,816,2255.00,1029.56,659.31
10,817,2339.00,1025.93,660.48
10,818,2372.00,1029.29,662.70
10,819,2314.00,1029.86,659.98
10,820,2253.00,1024.96,660.86
10,821,2293.00,1032.47,661.96
10,822,2256.00,1025.82,659.43
10,823,2256.00,1026.05,660.33
10,824,2321.00,1030.22,660.50
10,825,2282.00,1025.37,657.52
10,826,2300.00,1027.71,658.58
10,827,2203.00,1023.84,657.70
10,828,2177.00,1023.41,658.81
10,829,2244.00,1030.03,660.33
10,830,1778.00,989.68,657.90
10,831,1656.00,981.66,657.53
11,409,7883.12,949.55,356.14
11,410,7600.00,948.51,341.76
11,411,7600.50,955.10,343.06
11,412,7499.00,951.03,346.28
11,413,7501.00,944.11,343.66
11,414,7566.00,944.63,344.56
11,415,7502.00,938.70,343.82
11,416,7399.00,940.62,345.09
11,417,7343.00,949.66,351.36
11,418,7416.00,942.75,346.10
11,419,7238.00,944.55,346.87
11,420,7230.00,944.59,344.28
11,421,7308.00,938.08,339.40
11,422,7248.00,946.47,345.54
11,423,7005.00,945.95,345.47
11,424,6842.00,956.19,345.91
11,425,6680.00,940.00,348.89
11,426,5313.00,946.18,347.05
11,427,5372.00,942.21,345.41
11,428,4770.00,936.63,342.41
11,429,4681.00,945.63,345.85
11,430,4912.00,932.05,340.98
11,431,5144.50,933.98,341.52
11,432,5082.00,922.56,336.81
11,433,5221.00,939.06,341.65
11,434,5237.00,931.22,340.74
11,435,5653.00,932.36,338.17
11,436,5626.50,933.43,340.14
11,437,6128.00,937.71,339.50
11,438,6312.00,940.63,338.10
11,439,6311.00,940.50,336.42
11,440,6210.00,942.91,339.54
11,441,6166.00,941.75,337.04
11,442,6097.00,945.41,341.33
11,443,6187.50,936.93,337.88
11,444,5381.00,945.91,343.37
11,445,5207.00,936.79,343.13
11,446,5458.00,938.90,343.22
11,447,4282.00,941.12,341.79
11,448,4061.00,940.85,341.66
11,449,4378.00,944.26,343.69
11,450,4628.00,944.24,345.13
11,451,4647.00,937.94,339.15
11,452,4690.00,943.14,341.94
11,453,3637.00,956.73,345.36
11,454,3438.00,957.29,343.37
11,455,3420.00,950.61,343.24
11,456,3146.00,946.56,342.14
11,457,3037.00,956.32,344.23
11,458,3331.00,944.63,343.03
11,459,3087.00,942.12,342.60
12,504,8477.38,865.29,341.80
12,505,8279.00,855.84,332.75
12,506,8212.00,856.11,331.73
12,507,8166.00,865.06,331.13
12,508,8091.00,879.65,340.85
12,509,8131.00,866.21,336.08
12,510,8051.00,868.51,336.05
12,511,9209.00,863.73,337.15
12,512,8538.00,870.52,333.25
12,513,9365.00,862.63,333.78
12,514,9973.00,873.03,335.02
12,515,10027.00,868.05,330.61
12,516,10198.00,873.42,333.40
12,517,10298.00,869.86,331.01
12,518,10373.00,862.28,331.61
12,519,11373.00,865.62,330.19
12,520,11397.00,866.67,334.48
12,521,11668.00,871.24,335.96
12,522,11655.00,860.77,332.04
12,523,11856.00,873.49,329.38
12,524,11973.00,877.15,333.01
12,525,11537.00,863.34,334.50
12,526,13272.00,870.52,335.39
12,527,13399.00,862.84,329.21
12,528,13736.00,871.92,338.69
12,529,13682.00,865.09,338.14
12,530,14189.00,865.61,338.29
12,531,15174.00,873.97,338.88
12,532,15435.00,879.22,335.19
12,533,15884.00,876.95,342.03
12,534,16021.00,870.22,338.38
12,535,14433.00,871.57,330.28
12,536,15554.00,868.77,338.56
12,537,14256.75,884.45,365.29
12,538,14861.00,883.69,348.11
12,539,14975.00,890.07,346.06
12,540,14878.00,895.09,350.29
12,541,14818.00,888.53,350.53
12,542,14622.00,886.12,344.91
12,543,14649.00,895.21,349.47
12,544,17914.75,878.21,354.24
12,545,17056.00,864.03,336.56
12,546,17003.00,868.00,335.48
12,547,17599.00,854.61,335.94
12,548,17500.00,860.07,335.43
12,549,17532.00,863.43,330.94
12,550,17385.00,864.70,327.09
12,551,17529.00,865.26,328.62
12,552,18332.00,871.73,329.78
12,553,17768.00,868.22,334.74
12,554,17735.00,864.86,334.85
12,555,17739.00,872.55,339.22
12,556,17945.00,874.49,339.21
12,557,17761.00,871.08,336.96
12,558,17823.00,873.64,332.19
12,559,17749.00,870.96,330.00
12,560,17671.00,865.77,327.87
12,561,17498.00,868.60,331.66
12,562,17532.00,866.04,326.22
12,563,17473.00,874.00,327.97
12,564,17407.00,879.69,329.55
12,565,16824.00,880.58,335.59
12,566,17166.00,877.16,329.78
12,567,17158.00,877.58,328.86
12,568,17076.00,868.68,331.30
12,569,16891.00,869.44,332.03
12,570,15874.00,874.03,334.97
12,571,15951.00,864.94,327.37
12,572,16382.00,871.57,328.60
12,573,16778.00,878.68,332.60
12,574,16932.00,873.38,330.67
12,575,16917.00,870.18,327.86
12,576,16934.00,873.17,330.25
12,577,16844.00,865.00,325.69
12,578,16951.00,881.34,330.71
12,579,16439.00,877.11,326.39
12,580,15907.00,872.25,326.59
12,581,15892.00,864.93,322.17
12,582,15448.00,870.41,323.28
12,583,15575.00,877.67,329.15
12,584,15463.00,874.01,326.99
12,585,15575.00,871.63,328.67
12,586,15069.00,878.54,329.49
12,587,14838.00,875.76,330.16
12,588,14770.00,883.93,329.13
12,589,14415.00,875.88,327.70
12,590,14373.00,880.18,330.04
12,591,14047.00,876.76,327.14
12,592,15362.62,899.05,343.11
12,593,14969.00,877.09,326.70
12,594,15043.00,880.95,323.43
12,595,15129.00,887.74,323.43
12,596,14777.00,885.33,330.84
12,597,14835.00,881.64,329.62
12,598,14611.00,885.43,326.69
12,599,14598.00,885.80,328.65
12,600,14522.00,885.75,329.46
12,601,14484.00,874.57,325.62
12,602,14433.00,874.37,326.25
12,603,14315.00,870.55,325.86
12,604,14269.00,867.61,328.35
12,605,14148.00,881.20,330.12
12,606,14140.00,881.70,330.88
12,607,14146.00,871.65,324.80
12,608,14131.00,870.49,327.51
12,609,13909.00,888.76,332.22
12,610,13862.00,885.61,328.45
12,611,13774.00,887.38,329.52
12,612,13884.00,888.88,330.00
12,613,13777.00,875.76,326.89
12,614,13908.00,881.79,324.24
12,615,13906.00,880.64,326.57
12,616,14005.00,887.41,330.06
12,617,13628.00,884.81,330.08
12,618,13618.00,878.97,328.17
12,619,13381.00,883.27,328.62
12,620,13387.00,878.34,327.69
12,621,13671.00,881.33,327.79
12,622,13499.00,873.30,328.83
12,623,13553.00,887.09,334.29
12,624,13633.00,886.88,331.70
12,625,13832.00,882.45,328.24
12,626,13801.00,885.29,329.10
12,627,13839.00,886.00,328.74
12,628,13674.00,888.60,334.13
12,629,13641.00,885.70,328.98
12,630,13813.00,883.45,328.36
12,631,13853.00,877.42,325.02
12,632,13579.00,893.33,333.55
12,633,13560.00,884.27,330.22
12,634,13542.00,889.27,332.74
12,635,13677.00,883.13,331.45
12,636,13668.00,889.24,331.07
12,637,13872.00,896.67,335.76
12,638,13873.00,886.60,328.47
12,639,13780.00,892.59,333.36
12,640,13618.00,888.97,332.01
12,641,13539.00,884.78,331.36
12,642,13250.00,887.39,325.27
12,643,13262.00,890.66,329.78
12,644,13399.25,882.57,331.46
12,645,12935.00,894.18,331.09
12,646,12920.00,891.80,324.20
12,647,12948.00,879.46,323.77
12,648,12948.00,884.34,323.62
12,649,13082.00,886.90,326.97
12,650,12997.00,881.88,322.79
12,651,12962.00,884.01,327.09
12,652,13027.00,889.25,328.02
12,653,12949.00,883.46,325.17
12,654,12905.00,893.02,333.19
12,655,12553.00,880.42,322.48
12,656,13004.00,891.96,327.73
12,657,12998.00,892.53,328.82
12,658,13097.00,895.49,329.40
12,659,13175.00,890.58,328.09
12,660,13022.00,884.46,324.73
12,661,12999.00,888.47,327.74
12,662,13129.00,880.63,320.38
12,663,13313.00,896.99,326.67
12,664,13247.00,896.11,327.50
12,665,13256.00,902.51,329.07
12,666,13423.00,903.25,325.60
12,667,13415.00,892.63,322.19
12,668,13384.00,906.95,327.70
12,669,13311.00,895.21,328.22
12,670,13287.00,881.74,323.90
12,671,13197.00,905.33,327.76
12,672,13182.00,896.37,326.00
12,673,12990.00,901.80,325.11
12,674,13367.00,898.37,322.62
12,675,13454.00,908.19,326.49
12,676,13427.00,907.42,327.05
12,677,13333.00,911.21,333.70
12,678,13479.00,891.21,326.47
12,679,13487.00,896.47,327.62
12,680,13405.00,893.00,326.30
12,681,13289.00,885.23,321.90
12,682,13306.00,880.55,322.73
12,683,13410.00,896.78,325.26
12,684,13312.00,904.03,329.46
12,685,13281.00,903.74,326.21
12,686,13199.00,897.28,327.17
12,687,13077.00,905.01,329.43
12,688,13159.00,887.45,322.64
12,689,13186.00,891.11,321.99
12,690,13120.00,889.29,324.17
12,691,13147.00,882.09,317.67
12,692,13051.00,881.44,321.99
12,693,13208.00,897.62,327.79
12,694,13135.00,893.71,324.13
12,695,13057.00,891.01,323.77
12,696,13132.00,881.62,322.58
12,697,13006.00,888.34,326.44
12,698,12852.00,881.81,328.90
12,699,13067.00,880.94,326.45
12,700,13204.00,892.03,324.06
12,701,13228.00,893.38,326.86
12,702,13254.00,904.45,330.07
12,703,13316.00,888.33,323.77
12,704,13627.00,918.57,331.71
12,705,13664.00,913.22,330.19
12,706,13678.00,911.31,331.28
12,707,13869.00,917.08,331.73
12,708,14577.75,920.93,348.23
12,709,14046.00,881.41,324.79
12,710,14027.00,885.63,323.80
12,711,14121.00,900.00,334.43
12,712,13986.00,892.95,329.02
12,713,14264.00,892.47,334.68
12,714,14444.00,887.76,331.71
12,715,14626.00,893.47,333.33
12,716,14687.00,891.90,331.99
12,717,14621.00,899.00,334.00
12,718,14369.00,900.71,327.74
12,719,14232.00,897.68,329.07
12,720,14666.00,882.37,320.08
12,721,14782.00,896.23,322.59
12,722,14665.00,902.29,328.18
12,723,14762.00,900.40,324.69
12,724,14764.00,887.54,324.25
12,725,15182.00,894.41,326.77
12,726,15234.00,899.36,326.88
12,727,15411.00,903.01,326.09
12,728,15538.00,910.75,332.86
12,729,15528.00,896.93,327.92
12,730,15560.00,902.18,329.44
12,731,15660.00,900.80,326.74
12,732,15936.00,905.05,325.59
12,733,15860.00,911.06,330.57
12,734,16143.00,894.96,324.64
12,735,16166.00,900.58,326.07
12,736,16407.00,915.48,336.35
12,737,16893.00,930.95,342.36
12,738,16861.00,925.92,337.75
12,739,16861.00,914.01,331.96
12,740,16957.00,916.63,335.12
12,741,15841.00,908.81,330.63
13,504,4713.50,1048.49,362.36
13,505,3644.00,1034.57,358.79
13,506,3792.00,1038.79,360.56
13,507,3684.00,1040.95,355.36
13,508,3730.00,1042.75,361.21
13,509,3781.00,1042.15,360.02
13,510,3726.00,1033.64,361.02
13,511,3699.00,1032.90,364.63
13,512,3842.00,1042.63,357.79
13,513,3832.00,1037.98,360.56
13,514,3797.00,1045.04,368.22
13,515,3777.00,1043.73,365.06
13,516,3653.00,1050.84,367.09
13,517,3561.00,1037.71,366.25
13,518,3431.00,1026.94,359.80
13,519,3050.00,1022.64,359.39
13,520,3001.00,1017.74,359.42
13,521,2882.00,1019.21,359.01
13,522,2820.00,1018.00,357.05
13,523,2725.00,1022.62,358.94
13,524,2665.50,1018.41,357.78
13,525,2622.00,1015.53,356.05
13,526,2397.00,1012.05,351.60
13,527,2363.00,1011.82,356.14
13,528,2121.00,1016.26,356.60
13,529,2083.00,1021.18,359.03
13,530,2015.50,1003.49,354.29
13,531,1994.00,1004.21,351.91
13,532,2037.00,1003.00,353.26
13,533,2470.50,1019.91,356.09
13,534,2386.50,1019.52,353.32
13,535,2134.00,1003.65,345.82
13,536,2136.50,1001.94,349.75
14,504,2466.75,861.55,588.39
14,505,2267.00,865.95,591.17
14,506,2286.00,864.57,588.51
14,507,2178.00,868.63,590.74
14,508,2115.00,873.23,592.75
14,509,2087.00,873.70,593.45
14,510,2073.00,874.69,593.32
14,511,2037.00,872.23,594.34
14,512,1942.00,870.19,588.28
14,513,1938.50,866.18,592.00
14,514,1876.00,879.73,597.55
14,515,1888.00,874.94,592.71
14,516,1881.00,876.19,593.89
14,517,1890.00,872.29,592.05
14,518,1849.00,864.20,589.04
14,519,1846.00,869.39,589.69
14,520,1898.00,864.02,589.70
14,521,1900.00,867.40,590.90
14,522,1905.00,864.26,589.34
14,523,1811.00,867.04,590.28
14,524,1769.00,870.40,589.64
14,525,1755.00,864.85,589.95
14,526,2050.00,863.50,586.32
14,527,1669.00,868.14,590.94
14,528,1634.00,869.25,590.10
14,529,1604.00,866.66,590.31
14,530,1966.00,868.37,589.53
14,531,1984.00,872.33,590.44
14,532,2037.00,868.49,589.58
14,533,2057.00,873.83,592.44
14,534,2086.00,876.06,592.84
14,535,2080.50,878.40,590.94
14,536,2109.00,871.37,592.13
14,537,3722.00,900.24,594.50
14,538,3227.00,897.95,600.13
14,539,3171.00,907.24,599.77
14,540,3020.00,911.58,597.91
14,541,3005.00,910.87,599.18
14,542,2878.00,908.83,599.80
14,543,2763.00,905.52,599.83
14,544,3454.00,895.14,599.13
14,545,3469.00,880.46,596.05
14,546,3490.00,880.38,597.55
14,547,3418.00,885.07,596.84
14,548,3394.00,886.45,594.70
14,549,3445.00,888.55,594.20
14,550,3438.00,882.29,596.46
14,551,3428.00,881.19,597.01
14,552,3294.00,886.72,596.23
14,553,3243.00,886.29,593.24
14,554,3199.00,890.18,596.94
14,555,3217.00,892.10,597.54
14,556,3711.00,889.76,597.69
14,557,3922.00,879.06,597.43
14,558,3974.00,885.35,597.82
14,559,3911.00,884.11,597.28
14,560,3963.00,879.16,595.41
14,561,4058.00,890.04,599.03
14,562,4163.00,886.58,596.77
14,563,4431.00,883.73,597.29
14,564,4574.00,888.94,598.13
14,565,4741.00,889.24,595.34
14,566,5011.00,890.77,594.92
14,567,5111.00,889.50,592.55
14,568,5246.00,892.48,594.64
14,569,5406.00,881.20,595.25
14,570,4398.00,891.28,593.53
14,571,4464.00,892.58,593.05
14,572,4688.00,887.07,588.38
14,573,3286.00,909.50,589.66
14,574,2938.00,910.40,591.03
14,575,2951.00,929.11,588.97
14,576,2782.00,927.13,592.73
14,577,3086.00,932.23,586.86
14,578,3092.00,928.69,587.23
14,579,3075.00,880.69,589.83
14,580,2910.00,871.20,587.65
14,581,2828.00,869.68,586.87
14,582,2932.00,861.53,586.21
14,583,2894.00,865.65,587.73
14,584,2818.00,870.51,590.65
14,585,2733.00,876.25,592.50
14,586,2808.00,869.05,589.63
14,587,2558.00,873.87,590.79
14,588,2495.00,875.91,595.31
14,589,2463.00,875.75,593.91
14,590,2458.00,882.54,596.46
14,591,2195.00,877.07,594.07
14,592,2703.75,899.13,606.05
14,593,2329.00,882.08,604.81
14,594,2434.00,881.33,601.00
14,595,2411.00,886.37,601.61
14,596,2959.00,889.25,604.05
14,597,2984.00,891.01,609.62
14,598,2931.00,884.96,602.39
14,599,2522.00,883.56,605.42
14,600,2604.00,885.83,605.79
14,601,2595.00,886.18,605.83
14,602,2509.00,890.29,605.68
14,603,2520.00,888.02,604.78
14,604,2510.00,894.43,606.07
14,605,2896.00,893.13,604.67
14,606,2505.00,884.36,606.53
14,607,2503.00,896.33,606.40
14,608,2482.00,888.06,606.36
14,609,2406.00,886.11,607.58
14,610,2351.00,882.61,605.62
14,611,2356.00,890.40,607.28
14,612,2381.00,895.39,610.08
14,613,2372.00,894.65,607.60
14,614,2345.00,895.56,609.54
14,615,2354.50,894.95,608.72
14,616,2426.00,887.75,607.86
14,617,2449.00,892.36,604.70
14,618,2441.00,893.92,605.21
14,619,2376.00,895.38,608.18
14,620,2383.00,894.55,605.37
14,621,2352.00,892.16,604.38
14,622,2385.00,896.54,606.01
14,623,2330.00,894.54,604.98
14,624,2325.00,893.31,605.43
14,625,2392.50,891.23,601.95
14,626,2775.00,887.36,606.36
14,627,2795.00,889.69,607.43
14,628,2449.00,899.39,608.01
14,629,2409.00,897.98,607.77
14,630,2368.00,895.82,609.28
14,631,2344.00,892.37,608.31
14,632,2345.00,891.60,609.59
14,633,2303.00,896.13,608.55
14,634,2277.00,893.88,607.26
14,635,2336.00,894.23,607.11
14,636,2323.00,896.30,608.26
14,637,2810.00,892.33,611.52
14,638,2833.00,889.94,604.99
14,639,2929.00,895.65,607.60
14,640,2407.00,894.61,607.60
14,641,2402.00,891.54,605.19
14,642,2353.00,895.27,606.04
14,643,2366.00,894.66,604.89
15,537,1042.50,661.15,526.32
15,538,807.50,656.40,528.35
15,539,872.00,652.01,525.41
15,540,935.50,657.14,526.82
15,541,962.00,660.47,529.65
15,542,863.50,657.17,530.09
15,543,953.50,653.88,527.84
16,644,1443.38,1088.20,390.87
16,645,1390.00,1082.09,388.75
16,646,1484.00,1075.91,383.57
16,647,1429.00,1083.45,387.18
16,648,1418.50,1080.71,386.24
16,649,1384.50,1085.30,390.05
16,650,1358.50,1084.41,385.73
16,651,1320.00,1084.76,388.20
16,652,1303.50,1080.00,385.28
16,653,1308.00,1080.58,385.48
16,654,1297.50,1077.82,387.11
16,655,1303.00,1077.84,388.76
16,656,1290.50,1073.56,387.38
16,657,1275.50,1077.02,387.42
16,658,1107.50,1073.37,385.83
16,659,1085.50,1073.97,387.25
16,660,981.00,1074.21,382.04
16,661,984.00,1076.60,382.62
16,662,1043.00,1077.53,379.23
16,663,1026.50,1077.12,382.19
16,664,1058.50,1081.59,381.88
16,665,1152.00,1082.07,383.28
16,666,1107.50,1081.53,382.32
16,667,1113.50,1081.79,382.33
16,668,1095.50,1092.64,386.78
16,669,1080.00,1089.75,383.27
16,670,1135.50,1087.79,382.15
16,671,1144.00,1082.91,379.72
16,672,1137.50,1092.09,383.91
16,673,1125.00,1086.48,383.04
16,674,1100.00,1087.51,383.99
16,675,1101.50,1091.35,385.10
16,676,1102.00,1092.45,381.64
16,677,1099.50,1097.75,387.66
16,678,1108.00,1093.74,384.73
16,679,1141.50,1090.81,385.63
16,680,1122.00,1089.01,386.14
16,681,1319.50,1085.74,380.39
16,682,1374.00,1087.65,379.89
16,683,1053.00,1091.23,384.55
16,684,1011.00,1092.80,387.17
16,685,910.50,1094.50,386.68
16,686,913.50,1093.11,387.67
16,687,920.50,1089.37,383.30
16,688,920.00,1087.66,380.00
16,689,884.00,1093.40,382.58
16,690,930.50,1082.04,382.94
16,691,882.50,1082.45,379.32
16,692,990.00,1083.27,381.70
16,693,1034.50,1096.58,383.62
16,694,1041.50,1091.68,384.65
16,695,953.50,1092.87,385.91
16,696,938.50,1085.52,384.21
16,697,864.00,1087.31,385.21
16,698,861.00,1085.42,385.65
16,699,900.50,1086.94,384.90
16,700,898.50,1093.11,385.49
16,701,887.50,1083.84,383.85
16,702,967.50,1092.17,387.26
16,703,954.00,1088.67,385.01
16,704,957.00,1093.24,384.62
16,705,961.00,1094.78,385.12
16,706,1021.50,1089.66,384.54
16,707,1004.50,1089.46,384.91
17,644,9030.12,814.01,565.47
17,645,9360.00,809.59,566.83
17,646,9620.00,817.71,567.88
17,647,9686.00,817.04,568.82
17,648,9764.00,820.27,567.81
17,649,9758.00,818.27,571.70
17,650,9836.00,815.83,567.17
17,651,9802.00,817.68,570.68
17,652,9742.00,812.95,570.20
17,653,9708.00,807.56,567.61
17,654,9746.00,807.78,570.15
17,655,9807.00,817.59,573.82
17,656,10070.00,804.64,563.61
17,657,10024.00,805.24,566.66
17,658,10566.00,801.90,564.04
17,659,10534.00,809.75,568.90
17,660,10314.00,808.58,565.23
17,661,10392.00,807.25,565.29
17,662,10418.00,797.39,558.86
17,663,10524.00,800.89,566.04
17,664,10516.00,813.54,565.69
17,665,11094.00,809.92,567.48
17,666,11174.00,806.62,565.50
17,667,11608.00,793.25,563.07
17,668,11718.00,809.78,568.30
17,669,11898.00,795.57,560.83
17,670,12174.00,788.23,558.04
17,671,12162.00,793.40,560.85
17,672,12338.00,789.19,560.12
17,673,12368.00,789.92,560.25
17,674,12932.00,786.03,557.66
17,675,12984.00,790.26,561.12
17,676,13356.00,785.05,557.50
17,677,13722.00,786.48,560.32
17,678,13720.00,776.94,555.59
17,679,13652.00,797.19,562.25
17,680,13714.00,799.02,563.70
17,681,14024.00,780.95,554.15
17,682,14032.00,793.17,561.07
17,683,14354.00,790.14,558.75
17,684,15084.00,793.65,564.48
17,685,15116.00,805.31,565.28
17,686,15194.00,792.34,562.68
17,687,15226.00,784.04,559.44
17,688,15876.00,779.22,552.32
17,689,15986.00,784.32,555.15
17,690,11660.00,762.22,544.31
17,691,11308.00,761.90,540.21
17,692,11104.00,746.22,538.09
17,693,10774.00,760.37,537.15
17,694,10640.00,755.73,536.52
17,695,10520.00,748.23,538.80
17,696,10360.00,750.43,534.74
17,697,10275.00,747.60,533.54
17,698,10130.00,737.70,530.78
17,699,9996.00,744.31,534.74
17,700,9832.00,747.46,530.12
17,701,9695.00,740.93,530.80
17,702,10246.00,748.52,533.19
17,703,10059.00,736.73,529.04
17,704,9973.00,744.20,528.76
17,705,9887.00,747.37,528.19
17,706,9905.00,747.92,529.22
17,707,9490.00,748.20,530.02
17,708,14247.75,702.79,516.40
18,709,14307.00,753.97,547.19
18,710,14363.00,752.42,546.02
18,711,14387.00,748.90,547.25
18,712,14486.00,743.89,541.49
18,713,14767.00,752.13,547.43
18,714,14815.00,753.57,549.27
18,715,14821.00,754.24,551.10
18,716,14370.00,755.59,546.45
18,717,14234.00,750.51,542.98
18,718,14788.00,744.89,532.13
18,719,14584.00,748.92,533.43
18,720,7752.00,728.95,544.07
18,721,7498.00,732.24,543.97
18,722,8084.00,728.37,540.25
18,723,7982.00,759.25,553.65
18,724,8062.00,750.99,553.81
18,725,9376.00,744.77,549.05
18,726,9188.00,756.23,551.40
19,742,5914.00,869.11,588.34
19,743,6162.00,860.52,586.12
19,744,6255.00,857.35,582.51
19,745,6333.00,854.46,584.48
19,746,6442.00,858.65,587.41
19,747,6486.00,848.78,583.43
19,748,6572.00,863.67,589.16
19,749,6607.00,854.36,589.46
19,750,6634.00,854.86,588.54
19,751,6707.00,853.28,586.65
19,752,6579.00,847.68,587.94
19,753,6666.00,853.05,586.27
19,754,6711.00,854.85,588.69
19,755,6710.00,848.90,583.17
19,756,6737.00,855.89,583.41
19,757,6702.00,853.18,586.42
19,758,6782.00,845.16,583.93
19,759,6847.00,847.38,582.79
19,760,6984.00,842.86,589.23
19,761,7012.00,846.16,584.87
19,762,7038.00,846.09,585.40
19,763,6261.00,850.48,583.65
19,764,6166.00,844.40,581.72
19,765,6147.00,851.60,585.19
19,766,6089.00,855.85,585.55
19,767,5790.00,850.44,582.90
19,768,5746.00,850.71,581.14
19,769,5616.00,856.70,585.62
19,770,6609.00,848.68,584.70
19,771,5883.00,857.64,580.08
19,772,5861.00,857.90,579.15
19,773,5735.00,858.88,584.27
19,774,6640.00,854.53,585.76
19,775,5730.00,858.03,583.73
19,776,5741.00,851.15,580.96
19,777,5666.00,847.11,578.62
19,778,6606.00,851.82,584.17
19,779,6751.00,855.73,585.96
19,780,7008.00,853.34,588.47
19,781,6880.00,850.80,587.01
19,782,6902.00,856.19,587.37
19,783,7010.00,849.28,586.15
19,784,7166.00,856.02,586.12
19,785,7105.00,840.81,583.00
19,786,7129.00,843.60,581.56
19,787,6328.00,853.21,579.69
19,788,6268.00,849.35,578.87
19,789,6140.00,860.46,584.59
19,790,5728.00,855.52,584.46
19,791,6516.00,852.73,585.35
19,792,5602.00,856.03,582.06
19,793,5656.00,856.97,583.84
19,794,6297.38,835.31,573.56
19,795,5911.00,846.69,587.78
19,796,5890.00,848.38,589.46
19,797,5700.00,845.37,587.70
19,798,5714.00,843.45,586.08
19,799,5572.00,846.96,585.66
19,800,5588.00,843.25,584.44
19,801,5675.00,840.68,585.28
19,802,5575.00,839.45,583.25
19,803,5522.00,843.26,584.72
19,804,5598.00,839.14,580.21
19,805,5534.00,848.18,585.55
19,806,5438.00,847.90,587.16
19,807,5394.00,838.24,581.39
19,808,5338.00,841.80,587.56
19,809,5345.00,848.01,589.20
19,810,5570.00,844.44,583.39
19,811,5636.00,847.85,585.01
19,812,5684.00,837.04,581.95
19,813,5602.00,844.86,584.10
19,814,5640.00,842.36,582.14
19,815,6912.00,845.39,584.96
19,816,7062.00,835.87,581.71
19,817,7170.00,841.39,585.59
19,818,7246.00,835.36,585.39
19,819,6002.00,841.07,581.76
19,820,5852.00,844.73,583.83
19,821,5780.00,847.69,583.35
19,822,5942.00,844.99,582.14
19,823,7344.00,834.26,584.11
19,824,5776.00,843.79,585.56
19,825,7496.00,838.22,586.55
19,826,6034.00,841.12,581.33
19,827,6394.00,847.02,582.56
19,828,6262.00,839.98,582.23
19,829,5194.00,835.00,580.79
19,830,6814.00,824.68,584.37
19,831,6570.00,831.45,586.38
19,832,12814.00,804.59,554.90
19,833,12466.00,803.98,562.87
19,834,12688.00,802.72,560.08
19,835,12490.00,805.67,561.88
19,836,12512.00,793.03,556.26
19,837,12760.00,789.79,550.79
19,838,12768.00,797.23,556.47
19,839,13376.00,790.68,550.56
19,840,13508.00,797.78,557.18
19,841,13978.00,788.09,551.29
19,842,14008.00,791.57,551.67
19,843,14122.00,785.23,549.37
19,844,14364.00,785.14,545.11
19,845,14430.00,785.58,551.75
19,846,14936.00,800.73,553.33
19,847,14992.00,795.42,554.11
19,848,14902.00,795.72,554.81
19,849,14814.00,785.83,555.15
19,850,14714.00,786.72,554.06
19,851,14798.00,789.74,556.41
19,852,14850.00,794.11,553.62
19,853,10814.00,777.49,535.83
19,854,10622.00,769.47,538.79
19,855,10824.00,754.91,526.93
19,856,10659.00,750.79,519.70
19,857,10443.00,755.51,524.64
19,858,10392.00,753.45,525.05
19,859,10290.00,754.52,523.89
19,860,10346.00,752.72,522.43
19,861,10286.00,756.20,526.33
20,742,13706.25,973.64,374.06
20,743,12622.00,953.86,356.05
20,744,12424.00,951.68,353.26
20,745,12508.00,954.25,357.22
20,746,12542.00,951.97,356.09
20,747,12489.00,946.31,352.16
20,748,13290.00,948.06,350.19
20,749,13323.00,948.71,353.01
20,750,12943.00,956.21,352.32
20,751,13001.00,955.50,353.93
20,752,12997.00,935.54,352.15
20,753,13123.00,950.85,354.40
20,754,13355.00,955.41,353.72
20,755,13624.00,950.76,354.32
20,756,13652.00,953.91,352.62
20,757,14100.00,944.87,350.83
20,758,13281.00,944.92,354.76
20,759,13222.00,939.45,351.67
20,760,13035.00,950.24,357.20
20,761,12811.00,948.10,356.14
20,762,12947.00,942.78,355.67
20,763,12970.00,947.61,352.87
20,764,12793.00,949.28,354.26
20,765,12796.00,958.75,361.30
20,766,12820.00,962.74,360.07
20,767,13301.00,952.63,354.83
20,768,13385.00,946.09,351.32
20,769,12764.00,969.32,362.89
20,770,12612.00,957.25,360.65
20,771,11304.00,955.02,352.36
20,772,11225.00,948.17,349.17
20,773,11476.00,962.22,357.00
20,774,11953.00,958.82,354.88
20,775,12028.00,961.05,358.20
20,776,12260.00,973.01,359.54
20,777,12360.00,965.31,355.01
20,778,12830.00,957.48,355.90
20,779,13053.00,960.28,356.33
20,780,12636.00,957.57,359.52
20,781,12541.00,958.17,358.82
20,782,12162.00,964.24,358.02
20,783,12504.00,961.95,356.68
20,784,12462.00,958.98,354.59
20,785,12342.00,955.33,353.12
20,786,12320.00,958.66,353.21
20,787,11688.00,949.46,348.45
20,788,11722.00,954.37,351.99
20,789,11302.00,964.87,350.73
20,790,11092.00,970.26,357.56
20,791,11169.00,959.35,351.10
20,792,11413.00,973.23,355.22
20,793,11470.00,968.28,355.67
21,862,10292.25,854.20,570.07
21,863,10294.00,838.77,572.11
21,864,10056.00,830.64,569.99
21,865,10038.00,838.77,571.40
21,866,10091.00,835.60,570.12
21,867,9850.00,824.00,569.01
21,868,9862.00,838.61,574.09
21,869,9938.00,846.95,572.68
21,870,9996.00,837.13,572.13
21,871,9964.00,830.90,574.65
21,872,9918.00,838.62,574.48
21,873,9904.00,831.16,574.30
21,874,10440.00,830.01,570.42
21,875,10740.00,830.02,566.90
21,876,8136.00,838.69,576.64
21,877,7900.00,850.37,574.66
21,878,10170.00,824.81,568.61
21,879,10476.00,826.31,568.77
21,880,10124.00,838.57,572.31
21,881,9692.00,840.94,572.12
21,882,9788.00,841.94,570.36
21,883,9846.00,841.05,570.46
21,884,10006.00,835.92,570.56
21,885,9958.00,847.43,572.97
21,886,9978.00,830.28,568.57
21,887,10066.00,826.55,566.21
21,888,10252.00,832.82,571.71
21,889,10292.00,827.62,568.33
21,890,10126.00,833.44,571.92
21,891,10112.00,832.66,567.41
21,892,9732.00,834.28,567.09
21,893,9470.00,827.11,566.53
21,894,9524.00,831.79,569.85
21,895,7904.00,830.91,565.05
21,896,7548.00,830.77,562.59
21,897,6074.00,813.54,550.77
21,898,3826.00,772.28,537.21
21,899,4285.00,770.65,538.99
21,900,3822.00,771.47,536.68
21,901,5054.00,788.16,539.35
21,902,4992.00,785.53,541.83
21,903,4842.00,792.55,541.66
21,904,3654.00,762.76,532.91
21,905,3716.00,769.30,534.46
21,906,3652.00,767.02,533.62
21,907,3627.00,765.77,530.51
21,908,4099.00,770.18,531.49
21,909,4057.00,770.35,532.04
21,910,4018.00,771.70,529.40
21,911,3881.00,769.44,534.83
21,912,3817.00,765.07,529.46
21,913,3919.00,767.05,526.97
21,914,3971.00,767.58,522.95
21,915,4032.00,760.41,523.24
21,916,3968.00,765.81,525.80
21,917,3721.00,757.31,512.90
21,918,4289.00,751.85,510.28
21,919,3970.00,750.02,506.90
21,920,3836.00,750.45,507.37
21,921,3918.00,753.03,508.44
21,922,3608.00,752.27,498.52
21,923,3545.00,744.40,499.06
21,924,3594.00,749.46,498.83
21,925,3305.00,751.99,498.13
21,926,3238.00,749.60,495.74
21,927,3289.50,754.99,500.09
21,928,3187.50,754.61,497.93
21,929,2771.00,747.14,489.33
21,930,2615.00,750.69,488.53
21,931,2088.00,746.94,475.82
21,932,2087.00,737.34,469.74
21,933,2151.50,738.78,479.62
21,934,2198.00,737.42,478.61
21,935,2096.50,736.24,476.55
22,938,8803.25,829.23,569.09
22,939,8904.00,826.20,570.95
22,940,8698.00,829.28,576.80
22,941,8646.00,829.65,573.25
22,942,8686.00,817.70,571.15
22,943,8650.00,815.45,569.14
22,944,8740.00,828.60,576.43
22,945,8758.00,812.68,573.35
22,946,8816.00,821.01,573.96
22,947,9248.00,817.54,570.50
22,948,9462.00,801.70,567.25
22,949,9554.00,800.65,565.92
22,950,9470.00,803.51,563.99
22,951,9540.00,799.76,566.25
22,952,9534.00,794.15,561.02
22,953,9552.00,796.57,562.66
22,954,9442.00,807.12,567.04
22,955,9582.00,806.63,567.78
22,956,9582.00,811.39,571.49
22,957,9534.00,817.99,571.22
22,958,9550.00,817.86,569.88
22,959,9774.00,813.27,570.35
22,960,9778.00,805.81,570.58
22,961,9814.00,812.51,571.93
22,962,9798.00,803.08,567.61
22,963,9818.00,806.46,568.16
22,964,9730.00,811.35,571.01
22,965,9766.00,794.53,562.06
22,966,9798.00,814.46,571.31
22,967,9814.00,814.78,570.42
22,968,9392.00,814.07,570.60
22,969,9262.00,803.84,567.69
22,970,9006.00,795.24,565.19
22,971,8806.00,801.88,566.86
22,972,8718.00,802.00,567.85
22,973,7382.00,792.26,566.27
23,975,6650.00,802.47,567.01
23,976,6728.00,793.22,565.23
23,977,6822.00,795.84,565.51
23,978,124.00,796.62,565.81
23,979,2.06,784.65,560.14
23,980,7382.00,797.84,566.09
23,981,7738.00,786.59,562.23
23,982,9036.00,796.68,561.79
23,983,9228.00,778.43,554.36
23,984,9392.00,791.09,563.38
24,987,7783.38,825.17,572.24
24,988,7834.00,816.10,571.51
24,989,7154.00,820.87,573.79
24,990,7462.00,821.39,572.59
24,991,7960.00,809.68,570.73
25,1020,2172.62,615.49,501.66
25,1021,1988.00,604.67,502.12
25,1022,2041.50,609.35,505.52
25,1023,1985.50,605.49,502.92
25,1024,1963.50,605.84,502.53
25,1025,1937.50,611.00,504.54
25,1026,2028.00,610.58,503.98
25,1027,2066.00,607.83,501.82
25,1028,2110.00,607.75,501.84
25,1029,1828.00,611.13,505.56
25,1030,1778.00,613.20,504.58
25,1031,1769.50,610.58,502.54
25,1032,1781.00,610.81,505.87
25,1033,1751.50,612.10,502.90
25,1034,1832.50,609.47,500.31
25,1035,1789.00,610.82,497.92
25,1036,1790.50,609.62,501.42
25,1037,1740.50,610.19,499.57
25,1038,1648.50,602.18,503.28
25,1039,1606.50,605.42,501.15
25,1040,1641.50,604.53,504.88
25,1041,1557.00,610.85,504.23
25,1042,1561.00,606.78,503.36
25,1043,1872.00,610.67,501.89
25,1044,1904.00,615.77,503.08
25,1045,1795.00,613.99,503.07
25,1046,1677.50,608.10,502.67
25,1047,1430.50,598.25,496.34
25,1048,1468.00,603.68,497.20
25,1049,2030.00,626.90,507.04
25,1050,2199.00,616.27,508.03
25,1051,2204.50,619.68,506.18
25,1052,2363.50,618.97,506.45
25,1053,2372.50,618.58,506.03
25,1054,2445.50,614.88,503.49
25,1055,2467.00,615.87,504.86
25,1056,2623.00,618.32,505.06
25,1057,2639.00,609.40,503.00
25,1058,2709.50,616.61,503.11
25,1059,2542.50,618.87,505.75
25,1060,2553.50,622.20,504.42
25,1061,2510.00,625.57,505.45
25,1062,2528.00,626.54,506.86
25,1063,2454.50,630.83,508.62
25,1064,2484.00,623.86,506.31
25,1065,2477.00,622.93,505.90
25,1066,2277.00,622.26,507.35
25,1067,2309.50,624.33,505.38
25,1068,2441.50,622.16,500.61
25,1069,2572.00,628.31,501.70
25,1070,2584.50,632.28,500.11
25,1071,2183.00,628.13,507.08
25,1072,2000.50,623.96,506.94
25,1073,2130.50,621.43,502.50
25,1074,2144.50,623.73,508.61
25,1075,2136.50,622.11,507.40
25,1076,2168.50,618.14,505.96
25,1077,2421.38,626.81,505.23
25,1078,2387.50,628.55,509.77
25,1079,2347.50,625.46,506.76
25,1080,2448.50,617.79,503.37
25,1081,2450.50,622.99,509.52
25,1082,2269.50,620.84,506.54
25,1083,2250.50,617.63,507.12
25,1084,2430.00,623.38,504.26
25,1085,2577.00,617.13,502.94
25,1086,2793.50,619.33,499.82
25,1087,2902.00,622.97,507.40
25,1088,2898.00,621.12,505.82
25,1089,2822.50,629.07,506.96
25,1090,2798.50,626.19,507.14
25,1091,2693.00,626.12,506.56
25,1092,2695.50,614.38,505.30
25,1093,2666.50,618.26,504.65
25,1094,2703.50,631.93,512.92
25,1095,2673.50,618.16,510.62
25,1096,2460.00,621.18,511.71
25,1097,2483.00,630.78,507.89
25,1098,2633.00,625.63,506.01
25,1099,2561.50,626.26,507.45
25,1100,2293.00,625.47,510.15
25,1101,2567.50,626.54,510.96
25,1102,2741.00,630.48,508.14
25,1103,2457.00,636.55,513.75
25,1104,2752.50,628.15,510.17
25,1105,2315.00,629.17,513.74
25,1106,2257.00,637.43,516.10
25,1107,2319.50,637.42,516.09
25,1108,2323.00,633.20,517.88
25,1109,1895.50,625.38,514.95
25,1110,1933.50,634.05,517.43
25,1111,1849.00,636.46,519.01
25,1112,1611.50,639.44,518.32
25,1113,1572.50,638.15,519.68
25,1114,1586.00,646.88,521.90
25,1115,1595.00,644.17,522.32
25,1116,995.00,644.46,515.50
25,1117,1134.50,647.28,517.06
25,1118,1066.00,651.73,517.19
25,1119,837.00,640.51,516.49
25,1120,789.50,645.43,518.81
25,1121,972.00,646.85,515.87
25,1122,780.50,651.05,519.13
25,1123,1117.00,659.00,518.25
25,1124,1055.00,676.58,523.51
25,1125,1152.50,680.31,524.69
25,1126,768.00,692.70,523.60
25,1127,655.50,696.14,527.14
25,1128,1975.00,732.03,530.93
25,1129,2179.00,725.19,528.26
25,1130,1590.50,728.01,527.89
25,1131,1956.00,714.25,521.96
25,1132,2739.50,712.08,533.21
25,1133,2241.00,720.19,540.99
25,1134,2214.00,719.14,541.85
25,1135,2045.00,729.54,545.90
25,1136,1979.00,728.64,546.83
25,1137,1944.00,720.60,546.00
25,1138,1924.00,718.99,543.51
25,1139,1854.00,719.28,545.28
25,1140,1738.00,713.08,540.82
25,1141,1674.00,719.49,540.68
25,1142,1661.00,719.62,542.59
25,1143,1630.00,719.06,544.26
25,1144,1565.50,713.83,544.39
25,1145,1537.00,715.67,543.47
25,1146,1552.50,724.82,546.33
25,1147,1605.50,723.74,549.44
25,1148,1590.00,720.95,548.34
25,1149,1538.50,725.37,547.27
25,1150,1504.00,723.07,545.82
25,1151,1470.00,724.76,550.85
25,1152,1469.50,718.92,548.78
25,1153,1472.00,719.94,547.82
25,1154,1438.00,716.87,546.57
25,1155,1432.00,719.18,546.73
25,1156,1420.00,719.27,550.42
25,1157,1389.00,713.56,546.92
25,1158,1363.50,723.74,549.78
25,1159,1385.50,719.83,548.11
26,1020,1584.31,365.42,417.18
26,1021,1604.12,372.17,428.27
26,1022,1696.88,371.92,426.36
26,1023,1680.00,373.31,428.27
26,1024,1722.12,375.91,427.62
26,1025,1718.75,376.16,423.76
26,1026,1659.75,371.80,422.36
26,1027,1706.25,374.85,426.47
26,1028,1712.50,374.64,426.60
26,1029,1970.00,375.70,428.04
26,1030,1783.12,374.44,429.54
26,1031,1904.50,373.90,422.52
26,1032,1928.25,371.26,418.03
26,1033,1971.25,374.80,418.93
26,1034,1912.88,373.73,419.06
26,1035,1947.25,375.70,422.19
26,1036,1928.00,383.57,424.75
27,1049,4330.50,825.49,576.22
27,1050,3991.00,811.63,579.30
27,1051,4448.00,818.51,581.52
27,1052,4018.00,810.33,580.09
27,1053,4048.00,811.74,578.37
27,1054,4126.00,803.32,578.86
27,1055,3200.00,798.93,575.96
27,1056,3151.00,794.32,576.39
27,1057,3204.00,793.47,577.00
27,1058,3240.00,798.20,576.60
27,1059,3188.00,795.34,575.51
27,1060,3226.00,804.28,576.62
27,1061,3266.00,809.86,576.76
28,1077,4243.38,828.70,576.37
28,1078,3983.00,817.82,576.68
28,1079,3788.00,808.09,571.91
28,1080,3662.00,812.33,574.37
28,1081,3568.00,829.09,580.22
28,1082,3310.00,822.76,580.89
28,1083,3378.00,815.67,582.02
28,1084,3269.00,815.76,577.30
29,1132,1288.59,307.44,420.59
29,1133,1243.50,309.27,422.75
29,1134,1221.50,303.42,419.82
29,1135,1233.12,309.32,420.36
29,1136,1251.75,308.09,424.96
29,1137,1253.25,302.41,424.28
29,1138,1257.12,300.95,422.88
29,1139,1193.38,300.71,425.50
29,1140,1127.25,302.59,423.20
29,1141,1109.62,299.58,422.69
29,1142,1013.62,304.18,424.96
29,1143,996.88,303.89,424.76
29,1144,941.88,292.58,426.34
29,1145,940.50,295.95,424.93
29,1146,883.75,300.96,424.34
29,1147,908.88,294.56,425.71
29,1148,903.12,299.18,427.82
29,1149,867.75,301.21,428.84
29,1150,860.25,306.03,427.62
29,1151,858.25,295.69,429.06
29,1152,840.62,294.69,427.93
29,1153,814.50,294.91,426.00
29,1154,726.12,292.95,424.93
29,1155,707.50,297.27,425.91
29,1156,669.25,298.63,429.13
29,1157,652.62,296.28,427.82
29,1158,639.50,297.43,427.51
29,1159,619.44,299.55,427.54
