instance_id,frame_id,frame_name,speed_nm_per_s
1,9,11dd74426e8374ac110c4036c77c09ab_000000000009,89.948672
1,19,11dd74426e8374ac110c4036c77c09ab_000000000019,73.729610
1,29,11dd74426e8374ac110c4036c77c09ab_000000000029,47.616174
1,39,11dd74426e8374ac110c4036c77c09ab_000000000039,57.808880
1,42,11dd74426e8374ac110c4036c77c09ab_000000000042,79.132617
2,9,11dd74426e8374ac110c4036c77c09ab_000000000009,98.232163
2,19,11dd74426e8374ac110c4036c77c09ab_000000000019,99.319331
2,29,11dd74426e8374ac110c4036c77c09ab_000000000029,56.757862
2,39,11dd74426e8374ac110c4036c77c09ab_000000000039,79.257363
2,42,11dd74426e8374ac110c4036c77c09ab_000000000042,67.034432
3,9,11dd74426e8374ac110c4036c77c09ab_000000000009,106.452633
3,19,11dd74426e8374ac110c4036c77c09ab_000000000019,85.411421
3,29,11dd74426e8374ac110c4036c77c09ab_000000000029,85.574639
3,39,11dd74426e8374ac110c4036c77c09ab_000000000039,63.179725
3,42,11dd74426e8374ac110c4036c77c09ab_000000000042,103.821696
4,9,11dd74426e8374ac110c4036c77c09ab_000000000009,142.297959
4,19,11dd74426e8374ac110c4036c77c09ab_000000000019,87.072432
4,29,11dd74426e8374ac110c4036c77c09ab_000000000029,82.956629
4,39,11dd74426e8374ac110c4036c77c09ab_000000000039,84.405871
4,42,11dd74426e8374ac110c4036c77c09ab_000000000042,172.871115
5,49,11dd74426e8374ac110c4036c77c09ab_000000000049,77.366400
5,52,11dd74426e8374ac110c4036c77c09ab_000000000052,113.815454
6,49,11dd74426e8374ac110c4036c77c09ab_000000000049,100.075132
6,52,11dd74426e8374ac110c4036c77c09ab_000000000052,141.391358
7,49,11dd74426e8374ac110c4036c77c09ab_000000000049,107.786136
7,52,11dd74426e8374ac110c4036c77c09ab_000000000052,140.769399
8,56,11dd74426e8374ac110c4036c77c09ab_000000000062,40.787917
9,56,11dd74426e8374ac110c4036c77c09ab_000000000062,82.558814
10,56,11dd74426e8374ac110c4036c77c09ab_000000000062,57.368961
11,56,11dd74426e8374ac110c4036c77c09ab_000000000062,100.865873
12,59,11dd74426e8374ac110c4036c77c09ab_000000000065,30.567855
12,69,11dd74426e8374ac110c4036c77c09ab_000000000075,49.048189
12,79,11dd74426e8374ac110c4036c77c09ab_000000000085,94.200525
12,89,11dd74426e8374ac110c4036c77c09ab_000000000095,67.345839
12,99,11dd74426e8374ac110c4036c77c09ab_000000000105,122.395416
12,106,11dd74426e8374ac110c4036c77c09ab_000000000112,116.385388
13,59,11dd74426e8374ac110c4036c77c09ab_000000000065,17.660695
13,69,11dd74426e8374ac110c4036c77c09ab_000000000075,69.979410
13,79,11dd74426e8374ac110c4036c77c09ab_000000000085,97.068573
13,89,11dd74426e8374ac110c4036c77c09ab_000000000095,71.581264
13,99,11dd74426e8374ac110c4036c77c09ab_000000000105,125.688577
13,106,11dd74426e8374ac110c4036c77c09ab_000000000112,107.262172
14,59,11dd74426e8374ac110c4036c77c09ab_000000000065,48.167295
14,69,11dd74426e8374ac110c4036c77c09ab_000000000075,71.272049
14,79,11dd74426e8374ac110c4036c77c09ab_000000000085,86.064317
14,89,11dd74426e8374ac110c4036c77c09ab_000000000095,76.253142
14,99,11dd74426e8374ac110c4036c77c09ab_000000000105,114.969142
14,106,11dd74426e8374ac110c4036c77c09ab_000000000112,112.821218
15,109,11dd74426e8374ac110c4036c77c09ab_000000000115,98.511447
15,114,11dd74426e8374ac110c4036c77c09ab_000000000120,68.555354
16,109,11dd74426e8374ac110c4036c77c09ab_000000000115,117.336438
16,114,11dd74426e8374ac110c4036c77c09ab_000000000120,66.215388
17,119,11dd74426e8374ac110c4036c77c09ab_000000000125,85.815954
17,129,11dd74426e8374ac110c4036c77c09ab_000000000135,56.276370
17,139,11dd74426e8374ac110c4036c77c09ab_000000000145,89.294742
17,145,11dd74426e8374ac110c4036c77c09ab_000000000151,128.034788
18,119,11dd74426e8374ac110c4036c77c09ab_000000000125,88.339627
18,129,11dd74426e8374ac110c4036c77c09ab_000000000135,59.320650
18,139,11dd74426e8374ac110c4036c77c09ab_000000000145,99.470693
18,145,11dd74426e8374ac110c4036c77c09ab_000000000151,127.937170
19,119,11dd74426e8374ac110c4036c77c09ab_000000000125,77.223541
19,129,11dd74426e8374ac110c4036c77c09ab_000000000135,56.093400
19,139,11dd74426e8374ac110c4036c77c09ab_000000000145,77.227258
19,145,11dd74426e8374ac110c4036c77c09ab_000000000151,108.598367
20,119,11dd74426e8374ac110c4036c77c09ab_000000000125,107.979553
20,129,11dd74426e8374ac110c4036c77c09ab_000000000135,63.764531
20,139,11dd74426e8374ac110c4036c77c09ab_000000000145,87.977589
20,145,11dd74426e8374ac110c4036c77c09ab_000000000151,128.619399
26,149,11dd74426e8374ac110c4036c77c09ab_000000000155,15.869972
26,153,11dd74426e8374ac110c4036c77c09ab_000000000159,56.239581
27,149,11dd74426e8374ac110c4036c77c09ab_000000000155,22.260034
27,153,11dd74426e8374ac110c4036c77c09ab_000000000159,59.648697
28,149,11dd74426e8374ac110c4036c77c09ab_000000000155,118.624468
28,153,11dd74426e8374ac110c4036c77c09ab_000000000159,58.726732
29,149,11dd74426e8374ac110c4036c77c09ab_000000000155,68.718419
29,153,11dd74426e8374ac110c4036c77c09ab_000000000159,51.081889
35,159,11dd74426e8374ac110c4036c77c09ab_000000000165,145.963335
35,168,11dd74426e8374ac110c4036c77c09ab_000000000174,124.404569
36,159,11dd74426e8374ac110c4036c77c09ab_000000000165,158.818803
36,168,11dd74426e8374ac110c4036c77c09ab_000000000174,116.585413
37,159,11dd74426e8374ac110c4036c77c09ab_000000000165,122.074252
37,168,11dd74426e8374ac110c4036c77c09ab_000000000174,132.331654
38,159,11dd74426e8374ac110c4036c77c09ab_000000000165,172.143785
38,168,11dd74426e8374ac110c4036c77c09ab_000000000174,111.167601
39,179,11dd74426e8374ac110c4036c77c09ab_000000000185,75.032427
39,189,11dd74426e8374ac110c4036c77c09ab_000000000195,119.111913
39,199,11dd74426e8374ac110c4036c77c09ab_000000000205,71.376684
39,209,11dd74426e8374ac110c4036c77c09ab_000000000215,103.880326
39,219,11dd74426e8374ac110c4036c77c09ab_000000000225,112.704462
39,229,11dd74426e8374ac110c4036c77c09ab_000000000235,49.619404
39,235,11dd74426e8374ac110c4036c77c09ab_000000000241,33.518149
40,179,11dd74426e8374ac110c4036c77c09ab_000000000185,84.114438
40,189,11dd74426e8374ac110c4036c77c09ab_000000000195,148.350632
40,199,11dd74426e8374ac110c4036c77c09ab_000000000205,61.662160
40,209,11dd74426e8374ac110c4036c77c09ab_000000000215,137.440649
40,219,11dd74426e8374ac110c4036c77c09ab_000000000225,122.686480
40,229,11dd74426e8374ac110c4036c77c09ab_000000000235,61.087236
40,235,11dd74426e8374ac110c4036c77c09ab_000000000241,32.290970
41,179,11dd74426e8374ac110c4036c77c09ab_000000000185,108.095042
41,189,11dd74426e8374ac110c4036c77c09ab_000000000195,143.221146
41,199,11dd74426e8374ac110c4036c77c09ab_000000000205,105.904741
41,209,11dd74426e8374ac110c4036c77c09ab_000000000215,121.492367
41,219,11dd74426e8374ac110c4036c77c09ab_000000000225,139.145453
41,229,11dd74426e8374ac110c4036c77c09ab_000000000235,46.123907
41,235,11dd74426e8374ac110c4036c77c09ab_000000000241,66.062069
42,179,11dd74426e8374ac110c4036c77c09ab_000000000185,79.959152
42,189,11dd74426e8374ac110c4036c77c09ab_000000000195,110.321077
42,199,11dd74426e8374ac110c4036c77c09ab_000000000205,75.370859
42,209,11dd74426e8374ac110c4036c77c09ab_000000000215,115.305604
42,219,11dd74426e8374ac110c4036c77c09ab_000000000225,100.829361
42,229,11dd74426e8374ac110c4036c77c09ab_000000000235,45.441098
42,235,11dd74426e8374ac110c4036c77c09ab_000000000241,43.437684
43,179,11dd74426e8374ac110c4036c77c09ab_000000000185,130.778821
43,189,11dd74426e8374ac110c4036c77c09ab_000000000195,110.647517
43,199,11dd74426e8374ac110c4036c77c09ab_000000000205,73.053048
43,209,11dd74426e8374ac110c4036c77c09ab_000000000215,140.345257
43,219,11dd74426e8374ac110c4036c77c09ab_000000000225,162.315344
43,229,11dd74426e8374ac110c4036c77c09ab_000000000235,75.999992
43,235,11dd74426e8374ac110c4036c77c09ab_000000000241,44.421816
44,179,11dd74426e8374ac110c4036c77c09ab_000000000185,66.694480
44,189,11dd74426e8374ac110c4036c77c09ab_000000000195,129.824704
44,199,11dd74426e8374ac110c4036c77c09ab_000000000205,57.145000
44,209,11dd74426e8374ac110c4036c77c09ab_000000000215,116.325784
44,219,11dd74426e8374ac110c4036c77c09ab_000000000225,137.238060
44,229,11dd74426e8374ac110c4036c77c09ab_000000000235,65.972299
44,235,11dd74426e8374ac110c4036c77c09ab_000000000241,39.332017
45,239,11dd74426e8374ac110c4036c77c09ab_000000000245,261.553989
45,249,11dd74426e8374ac110c4036c77c09ab_000000000255,90.174043
45,259,11dd74426e8374ac110c4036c77c09ab_000000000265,108.436287
45,269,11dd74426e8374ac110c4036c77c09ab_000000000275,55.624498
45,279,11dd74426e8374ac110c4036c77c09ab_000000000285,88.983220
45,286,11dd74426e8374ac110c4036c77c09ab_000000000292,106.775688
46,239,11dd74426e8374ac110c4036c77c09ab_000000000245,303.019978
46,249,11dd74426e8374ac110c4036c77c09ab_000000000255,122.161497
46,259,11dd74426e8374ac110c4036c77c09ab_000000000265,121.405028
46,269,11dd74426e8374ac110c4036c77c09ab_000000000275,56.573402
46,279,11dd74426e8374ac110c4036c77c09ab_000000000285,116.594973
46,286,11dd74426e8374ac110c4036c77c09ab_000000000292,101.340100
47,239,11dd74426e8374ac110c4036c77c09ab_000000000245,311.684247
47,249,11dd74426e8374ac110c4036c77c09ab_000000000255,110.960453
47,259,11dd74426e8374ac110c4036c77c09ab_000000000265,149.220315
47,269,11dd74426e8374ac110c4036c77c09ab_000000000275,84.526140
47,279,11dd74426e8374ac110c4036c77c09ab_000000000285,89.692046
47,286,11dd74426e8374ac110c4036c77c09ab_000000000292,129.826464
48,239,11dd74426e8374ac110c4036c77c09ab_000000000245,212.102162
48,249,11dd74426e8374ac110c4036c77c09ab_000000000255,96.825170
48,259,11dd74426e8374ac110c4036c77c09ab_000000000265,132.205779
48,269,11dd74426e8374ac110c4036c77c09ab_000000000275,70.038412
48,279,11dd74426e8374ac110c4036c77c09ab_000000000285,104.341889
48,286,11dd74426e8374ac110c4036c77c09ab_000000000292,84.231090
60,299,11dd74426e8374ac110c4036c77c09ab_000000000305,103.566974
60,309,11dd74426e8374ac110c4036c77c09ab_000000000315,93.979495
60,319,11dd74426e8374ac110c4036c77c09ab_000000000325,81.670687
60,329,11dd74426e8374ac110c4036c77c09ab_000000000335,113.923734
60,332,11dd74426e8374ac110c4036c77c09ab_000000000338,68.860797
61,299,11dd74426e8374ac110c4036c77c09ab_000000000305,111.291957
61,309,11dd74426e8374ac110c4036c77c09ab_000000000315,119.193810
61,319,11dd74426e8374ac110c4036c77c09ab_000000000325,86.257850
61,329,11dd74426e8374ac110c4036c77c09ab_000000000335,144.110801
61,332,11dd74426e8374ac110c4036c77c09ab_000000000338,73.201549
62,299,11dd74426e8374ac110c4036c77c09ab_000000000305,124.073842
62,309,11dd74426e8374ac110c4036c77c09ab_000000000315,120.304532
62,319,11dd74426e8374ac110c4036c77c09ab_000000000325,99.716307
62,329,11dd74426e8374ac110c4036c77c09ab_000000000335,125.506139
62,332,11dd74426e8374ac110c4036c77c09ab_000000000338,76.047111
63,290,11dd74426e8374ac110c4036c77c09ab_000000000296,35.989426
64,299,11dd74426e8374ac110c4036c77c09ab_000000000305,105.777648
64,309,11dd74426e8374ac110c4036c77c09ab_000000000315,93.232744
64,319,11dd74426e8374ac110c4036c77c09ab_000000000325,69.593438
64,329,11dd74426e8374ac110c4036c77c09ab_000000000335,106.918286
64,332,11dd74426e8374ac110c4036c77c09ab_000000000338,53.060923
65,339,11dd74426e8374ac110c4036c77c09ab_000000000379,119.593119
65,349,11dd74426e8374ac110c4036c77c09ab_000000000389,127.492770
65,359,11dd74426e8374ac110c4036c77c09ab_000000000399,233.248770
65,369,11dd74426e8374ac110c4036c77c09ab_000000000409,97.557172
65,379,11dd74426e8374ac110c4036c77c09ab_000000000419,143.499699
65,389,11dd74426e8374ac110c4036c77c09ab_000000000429,172.070604
65,399,11dd74426e8374ac110c4036c77c09ab_000000000439,60.933350
65,408,11dd74426e8374ac110c4036c77c09ab_000000000448,67.746372
66,339,11dd74426e8374ac110c4036c77c09ab_000000000379,172.944352
66,349,11dd74426e8374ac110c4036c77c09ab_000000000389,181.439827
66,353,11dd74426e8374ac110c4036c77c09ab_000000000393,152.934412
67,359,11dd74426e8374ac110c4036c77c09ab_000000000399,124.345946
67,369,11dd74426e8374ac110c4036c77c09ab_000000000409,101.938778
67,379,11dd74426e8374ac110c4036c77c09ab_000000000419,208.594589
67,389,11dd74426e8374ac110c4036c77c09ab_000000000429,252.020540
67,399,11dd74426e8374ac110c4036c77c09ab_000000000439,118.726972
67,408,11dd74426e8374ac110c4036c77c09ab_000000000448,105.649045
82,419,11dd74426e8374ac110c4036c77c09ab_000000000459,91.606654
82,429,11dd74426e8374ac110c4036c77c09ab_000000000469,86.958224
82,439,11dd74426e8374ac110c4036c77c09ab_000000000479,175.574868
82,449,11dd74426e8374ac110c4036c77c09ab_000000000489,70.472890
82,459,11dd74426e8374ac110c4036c77c09ab_000000000499,54.922604
83,419,11dd74426e8374ac110c4036c77c09ab_000000000459,142.720161
83,429,11dd74426e8374ac110c4036c77c09ab_000000000469,87.699973
83,439,11dd74426e8374ac110c4036c77c09ab_000000000479,208.881615
83,449,11dd74426e8374ac110c4036c77c09ab_000000000489,97.827852
83,459,11dd74426e8374ac110c4036c77c09ab_000000000499,87.768057
84,419,11dd74426e8374ac110c4036c77c09ab_000000000459,109.696770
84,429,11dd74426e8374ac110c4036c77c09ab_000000000469,91.536254
84,439,11dd74426e8374ac110c4036c77c09ab_000000000479,170.834667
84,449,11dd74426e8374ac110c4036c77c09ab_000000000489,67.489343
84,459,11dd74426e8374ac110c4036c77c09ab_000000000499,71.982014
85,469,11dd74426e8374ac110c4036c77c09ab_000000000509,128.467473
85,477,11dd74426e8374ac110c4036c77c09ab_000000000517,84.704564
86,469,11dd74426e8374ac110c4036c77c09ab_000000000509,173.082629
86,477,11dd74426e8374ac110c4036c77c09ab_000000000517,154.597080
91,489,11dd74426e8374ac110c4036c77c09ab_000000000529,66.227303
91,499,11dd74426e8374ac110c4036c77c09ab_000000000539,141.332882
91,503,11dd74426e8374ac110c4036c77c09ab_000000000543,115.676351
92,489,11dd74426e8374ac110c4036c77c09ab_000000000529,76.823953
92,499,11dd74426e8374ac110c4036c77c09ab_000000000539,260.203857
92,503,11dd74426e8374ac110c4036c77c09ab_000000000543,196.538941
93,509,11dd74426e8374ac110c4036c77c09ab_000000000558,294.710063
93,519,11dd74426e8374ac110c4036c77c09ab_000000000568,124.624108
93,529,11dd74426e8374ac110c4036c77c09ab_000000000578,77.064785
93,531,11dd74426e8374ac110c4036c77c09ab_000000000580,45.787162
94,509,11dd74426e8374ac110c4036c77c09ab_000000000558,163.726754
94,519,11dd74426e8374ac110c4036c77c09ab_000000000568,86.982251
94,529,11dd74426e8374ac110c4036c77c09ab_000000000578,53.500847
94,531,11dd74426e8374ac110c4036c77c09ab_000000000580,27.300350
95,509,11dd74426e8374ac110c4036c77c09ab_000000000558,245.535065
95,519,11dd74426e8374ac110c4036c77c09ab_000000000568,116.382328
95,529,11dd74426e8374ac110c4036c77c09ab_000000000578,92.265107
95,531,11dd74426e8374ac110c4036c77c09ab_000000000580,45.322337
96,509,11dd74426e8374ac110c4036c77c09ab_000000000558,200.345249
96,519,11dd74426e8374ac110c4036c77c09ab_000000000568,135.859829
96,529,11dd74426e8374ac110c4036c77c09ab_000000000578,73.147282
96,531,11dd74426e8374ac110c4036c77c09ab_000000000580,105.691370
97,509,11dd74426e8374ac110c4036c77c09ab_000000000558,171.618870
97,519,11dd74426e8374ac110c4036c77c09ab_000000000568,106.714532
97,529,11dd74426e8374ac110c4036c77c09ab_000000000578,73.303733
97,531,11dd74426e8374ac110c4036c77c09ab_000000000580,30.201718
104,534,11dd74426e8374ac110c4036c77c09ab_000000000583,40.189975
105,534,11dd74426e8374ac110c4036c77c09ab_000000000583,23.427069
106,534,11dd74426e8374ac110c4036c77c09ab_000000000583,77.787271
107,534,11dd74426e8374ac110c4036c77c09ab_000000000583,28.388211
108,534,11dd74426e8374ac110c4036c77c09ab_000000000583,23.039778
115,539,11dd74426e8374ac110c4036c77c09ab_000000000594,60.253922
115,543,11dd74426e8374ac110c4036c77c09ab_000000000598,214.584112
116,539,11dd74426e8374ac110c4036c77c09ab_000000000594,28.555173
116,543,11dd74426e8374ac110c4036c77c09ab_000000000598,133.402407
117,539,11dd74426e8374ac110c4036c77c09ab_000000000594,79.312125
117,543,11dd74426e8374ac110c4036c77c09ab_000000000598,134.654382
119,539,11dd74426e8374ac110c4036c77c09ab_000000000594,118.093135
119,543,11dd74426e8374ac110c4036c77c09ab_000000000598,152.909661
120,539,11dd74426e8374ac110c4036c77c09ab_000000000594,53.802031
120,543,11dd74426e8374ac110c4036c77c09ab_000000000598,141.534987
121,549,11dd74426e8374ac110c4036c77c09ab_000000000604,98.124538
121,559,11dd74426e8374ac110c4036c77c09ab_000000000614,358.375899
121,569,11dd74426e8374ac110c4036c77c09ab_000000000624,63.815477
121,572,11dd74426e8374ac110c4036c77c09ab_000000000627,63.829315
122,549,11dd74426e8374ac110c4036c77c09ab_000000000604,83.010351
122,553,11dd74426e8374ac110c4036c77c09ab_000000000608,293.797791
123,549,11dd74426e8374ac110c4036c77c09ab_000000000604,81.788316
123,559,11dd74426e8374ac110c4036c77c09ab_000000000614,282.158542
123,569,11dd74426e8374ac110c4036c77c09ab_000000000624,40.970537
123,572,11dd74426e8374ac110c4036c77c09ab_000000000627,69.340824
124,549,11dd74426e8374ac110c4036c77c09ab_000000000604,69.937551
124,559,11dd74426e8374ac110c4036c77c09ab_000000000614,278.121094
124,569,11dd74426e8374ac110c4036c77c09ab_000000000624,52.390080
124,572,11dd74426e8374ac110c4036c77c09ab_000000000627,81.449419
125,559,11dd74426e8374ac110c4036c77c09ab_000000000614,304.032764
125,569,11dd74426e8374ac110c4036c77c09ab_000000000624,52.858706
125,572,11dd74426e8374ac110c4036c77c09ab_000000000627,43.057367
126,575,11dd74426e8374ac110c4036c77c09ab_000000000630,46.257651
127,575,11dd74426e8374ac110c4036c77c09ab_000000000630,173.729660
128,575,11dd74426e8374ac110c4036c77c09ab_000000000630,105.743599
129,575,11dd74426e8374ac110c4036c77c09ab_000000000630,18.733111
130,575,11dd74426e8374ac110c4036c77c09ab_000000000630,51.119428
131,579,11dd74426e8374ac110c4036c77c09ab_000000000634,93.630376
131,589,11dd74426e8374ac110c4036c77c09ab_000000000644,92.909205
131,597,11dd74426e8374ac110c4036c77c09ab_000000000652,145.653723
132,579,11dd74426e8374ac110c4036c77c09ab_000000000634,204.643662
132,589,11dd74426e8374ac110c4036c77c09ab_000000000644,65.416631
132,597,11dd74426e8374ac110c4036c77c09ab_000000000652,107.551116
133,579,11dd74426e8374ac110c4036c77c09ab_000000000634,23.222540
133,589,11dd74426e8374ac110c4036c77c09ab_000000000644,48.002117
133,595,11dd74426e8374ac110c4036c77c09ab_000000000650,102.837070
134,579,11dd74426e8374ac110c4036c77c09ab_000000000634,111.947826
134,589,11dd74426e8374ac110c4036c77c09ab_000000000644,95.606509
134,597,11dd74426e8374ac110c4036c77c09ab_000000000652,122.252155
135,597,11dd74426e8374ac110c4036c77c09ab_000000000652,27.551368
136,599,11dd74426e8374ac110c4036c77c09ab_000000000654,21.730933
136,600,11dd74426e8374ac110c4036c77c09ab_000000000655,39.604222
137,599,11dd74426e8374ac110c4036c77c09ab_000000000654,34.442070
137,600,11dd74426e8374ac110c4036c77c09ab_000000000655,23.755244
138,599,11dd74426e8374ac110c4036c77c09ab_000000000654,20.662267
138,600,11dd74426e8374ac110c4036c77c09ab_000000000655,8.429928
143,609,11dd74426e8374ac110c4036c77c09ab_000000000664,187.117769
143,619,11dd74426e8374ac110c4036c77c09ab_000000000674,47.283521
143,629,11dd74426e8374ac110c4036c77c09ab_000000000684,129.503084
143,634,11dd74426e8374ac110c4036c77c09ab_000000000689,131.749374
144,609,11dd74426e8374ac110c4036c77c09ab_000000000664,171.909448
144,619,11dd74426e8374ac110c4036c77c09ab_000000000674,41.135224
144,629,11dd74426e8374ac110c4036c77c09ab_000000000684,96.841056
144,634,11dd74426e8374ac110c4036c77c09ab_000000000689,117.915436
145,609,11dd74426e8374ac110c4036c77c09ab_000000000664,209.923266
145,619,11dd74426e8374ac110c4036c77c09ab_000000000674,48.017180
145,629,11dd74426e8374ac110c4036c77c09ab_000000000684,107.592233
145,634,11dd74426e8374ac110c4036c77c09ab_000000000689,91.005622
146,636,11dd74426e8374ac110c4036c77c09ab_000000000691,8.228518
147,636,11dd74426e8374ac110c4036c77c09ab_000000000691,18.045265
148,636,11dd74426e8374ac110c4036c77c09ab_000000000691,24.452634
149,636,11dd74426e8374ac110c4036c77c09ab_000000000691,63.234357
150,639,11dd74426e8374ac110c4036c77c09ab_000000000694,474.707875
150,643,11dd74426e8374ac110c4036c77c09ab_000000000698,128.083973
151,639,11dd74426e8374ac110c4036c77c09ab_000000000694,417.534594
151,643,11dd74426e8374ac110c4036c77c09ab_000000000698,116.276099
152,639,11dd74426e8374ac110c4036c77c09ab_000000000694,411.293246
152,643,11dd74426e8374ac110c4036c77c09ab_000000000698,131.331207
153,649,11dd74426e8374ac110c4036c77c09ab_000000000704,226.724381
153,659,11dd74426e8374ac110c4036c77c09ab_000000000714,160.587150
153,669,11dd74426e8374ac110c4036c77c09ab_000000000724,67.731685
153,679,11dd74426e8374ac110c4036c77c09ab_000000000734,43.746257
153,685,11dd74426e8374ac110c4036c77c09ab_000000000740,64.471826
154,649,11dd74426e8374ac110c4036c77c09ab_000000000704,207.116060
154,659,11dd74426e8374ac110c4036c77c09ab_000000000714,159.331162
154,669,11dd74426e8374ac110c4036c77c09ab_000000000724,73.529051
154,679,11dd74426e8374ac110c4036c77c09ab_000000000734,53.894820
154,685,11dd74426e8374ac110c4036c77c09ab_000000000740,33.384089
155,649,11dd74426e8374ac110c4036c77c09ab_000000000704,204.365001
155,659,11dd74426e8374ac110c4036c77c09ab_000000000714,148.266929
155,669,11dd74426e8374ac110c4036c77c09ab_000000000724,108.257103
155,679,11dd74426e8374ac110c4036c77c09ab_000000000734,102.889764
155,685,11dd74426e8374ac110c4036c77c09ab_000000000740,67.204510
156,649,11dd74426e8374ac110c4036c77c09ab_000000000704,141.812558
156,659,11dd74426e8374ac110c4036c77c09ab_000000000714,176.525722
156,669,11dd74426e8374ac110c4036c77c09ab_000000000724,107.275417
156,679,11dd74426e8374ac110c4036c77c09ab_000000000734,69.487643
156,685,11dd74426e8374ac110c4036c77c09ab_000000000740,112.943770
180,699,11dd74426e8374ac110c4036c77c09ab_000000000754,60.872177
180,707,11dd74426e8374ac110c4036c77c09ab_000000000762,86.601775
181,699,11dd74426e8374ac110c4036c77c09ab_000000000754,50.865099
181,707,11dd74426e8374ac110c4036c77c09ab_000000000762,63.438288
182,699,11dd74426e8374ac110c4036c77c09ab_000000000754,72.515840
182,707,11dd74426e8374ac110c4036c77c09ab_000000000762,118.401585
183,699,11dd74426e8374ac110c4036c77c09ab_000000000754,91.801866
183,707,11dd74426e8374ac110c4036c77c09ab_000000000762,77.817764
184,709,11dd74426e8374ac110c4036c77c09ab_000000000764,197.292148
184,717,11dd74426e8374ac110c4036c77c09ab_000000000772,125.610395
185,709,11dd74426e8374ac110c4036c77c09ab_000000000764,607.075766
185,717,11dd74426e8374ac110c4036c77c09ab_000000000772,77.331416
186,709,11dd74426e8374ac110c4036c77c09ab_000000000764,467.014080
186,717,11dd74426e8374ac110c4036c77c09ab_000000000772,108.350076
198,729,11dd74426e8374ac110c4036c77c09ab_000000000784,27.682039
198,730,11dd74426e8374ac110c4036c77c09ab_000000000785,173.852955
199,729,11dd74426e8374ac110c4036c77c09ab_000000000784,272.950231
199,730,11dd74426e8374ac110c4036c77c09ab_000000000785,115.439033
200,729,11dd74426e8374ac110c4036c77c09ab_000000000784,83.924694
200,730,11dd74426e8374ac110c4036c77c09ab_000000000785,220.612694
201,739,11dd74426e8374ac110c4036c77c09ab_000000000794,86.592359
201,741,11dd74426e8374ac110c4036c77c09ab_000000000796,23.837778
202,739,11dd74426e8374ac110c4036c77c09ab_000000000794,101.908113
202,741,11dd74426e8374ac110c4036c77c09ab_000000000796,68.025848
203,749,11dd74426e8374ac110c4036c77c09ab_000000000804,111.146341
203,759,11dd74426e8374ac110c4036c77c09ab_000000000814,106.451855
203,769,11dd74426e8374ac110c4036c77c09ab_000000000824,113.129456
203,779,11dd74426e8374ac110c4036c77c09ab_000000000834,208.375014
203,789,11dd74426e8374ac110c4036c77c09ab_000000000844,122.041211
203,793,11dd74426e8374ac110c4036c77c09ab_000000000848,43.511453
204,749,11dd74426e8374ac110c4036c77c09ab_000000000804,134.111772
204,759,11dd74426e8374ac110c4036c77c09ab_000000000814,101.814440
204,769,11dd74426e8374ac110c4036c77c09ab_000000000824,108.246560
204,779,11dd74426e8374ac110c4036c77c09ab_000000000834,247.282588
204,789,11dd74426e8374ac110c4036c77c09ab_000000000844,108.064138
204,793,11dd74426e8374ac110c4036c77c09ab_000000000848,46.604234
205,749,11dd74426e8374ac110c4036c77c09ab_000000000804,115.971083
205,759,11dd74426e8374ac110c4036c77c09ab_000000000814,124.941530
205,769,11dd74426e8374ac110c4036c77c09ab_000000000824,118.771379
205,779,11dd74426e8374ac110c4036c77c09ab_000000000834,245.206990
205,789,11dd74426e8374ac110c4036c77c09ab_000000000844,106.659456
205,793,11dd74426e8374ac110c4036c77c09ab_000000000848,139.906680
206,799,11dd74426e8374ac110c4036c77c09ab_000000000854,52.085971
206,809,11dd74426e8374ac110c4036c77c09ab_000000000864,156.830697
206,819,11dd74426e8374ac110c4036c77c09ab_000000000874,215.938192
206,829,11dd74426e8374ac110c4036c77c09ab_000000000884,136.161588
207,799,11dd74426e8374ac110c4036c77c09ab_000000000854,68.041845
207,809,11dd74426e8374ac110c4036c77c09ab_000000000864,140.030326
207,819,11dd74426e8374ac110c4036c77c09ab_000000000874,196.100635
207,829,11dd74426e8374ac110c4036c77c09ab_000000000884,113.347062
213,839,11dd74426e8374ac110c4036c77c09ab_000000000900,124.449368
213,849,11dd74426e8374ac110c4036c77c09ab_000000000910,109.491176
213,851,11dd74426e8374ac110c4036c77c09ab_000000000912,103.572272
219,859,11dd74426e8374ac110c4036c77c09ab_000000000920,82.076424
219,869,11dd74426e8374ac110c4036c77c09ab_000000000930,224.002960
219,875,11dd74426e8374ac110c4036c77c09ab_000000000936,120.622662
222,879,11dd74426e8374ac110c4036c77c09ab_000000000940,136.675300
222,889,11dd74426e8374ac110c4036c77c09ab_000000000950,144.114710
222,892,11dd74426e8374ac110c4036c77c09ab_000000000953,167.614388
225,896,11dd74426e8374ac110c4036c77c09ab_000000000957,37.825808
239,909,11dd74426e8374ac110c4036c77c09ab_000000000970,88.105646
239,919,11dd74426e8374ac110c4036c77c09ab_000000000980,66.829167
239,929,11dd74426e8374ac110c4036c77c09ab_000000000990,159.618096
239,939,11dd74426e8374ac110c4036c77c09ab_000000001000,202.322319
239,949,11dd74426e8374ac110c4036c77c09ab_000000001010,88.507186
239,959,11dd74426e8374ac110c4036c77c09ab_000000001020,223.480647
239,969,11dd74426e8374ac110c4036c77c09ab_000000001030,87.631649
239,977,11dd74426e8374ac110c4036c77c09ab_000000001038,520.681363
240,979,11dd74426e8374ac110c4036c77c09ab_000000001040,21.080969
241,979,11dd74426e8374ac110c4036c77c09ab_000000001040,135.111256
242,979,11dd74426e8374ac110c4036c77c09ab_000000001040,283.373214
243,979,11dd74426e8374ac110c4036c77c09ab_000000001040,150.712203
244,989,11dd74426e8374ac110c4036c77c09ab_000000001054,215.046697
244,991,11dd74426e8374ac110c4036c77c09ab_000000001056,68.011863
245,1029,11dd74426e8374ac110c4036c77c09ab_000000001094,109.474577
245,1036,11dd74426e8374ac110c4036c77c09ab_000000001101,60.438138
246,1029,11dd74426e8374ac110c4036c77c09ab_000000001094,77.696761
246,1036,11dd74426e8374ac110c4036c77c09ab_000000001101,56.196578
247,1039,11dd74426e8374ac110c4036c77c09ab_000000001104,104.693267
247,1046,11dd74426e8374ac110c4036c77c09ab_000000001111,106.781765
248,1049,11dd74426e8374ac110c4036c77c09ab_000000001121,218.977114
248,1059,11dd74426e8374ac110c4036c77c09ab_000000001131,50.043985
248,1061,11dd74426e8374ac110c4036c77c09ab_000000001133,36.172072
249,1048,11dd74426e8374ac110c4036c77c09ab_000000001120,48.074353
250,1059,11dd74426e8374ac110c4036c77c09ab_000000001131,59.860552
250,1061,11dd74426e8374ac110c4036c77c09ab_000000001133,74.132817
251,1069,11dd74426e8374ac110c4036c77c09ab_000000001141,93.787652
251,1076,11dd74426e8374ac110c4036c77c09ab_000000001148,152.422336
252,1079,11dd74426e8374ac110c4036c77c09ab_000000001151,73.698496
252,1084,11dd74426e8374ac110c4036c77c09ab_000000001156,121.452791
253,1079,11dd74426e8374ac110c4036c77c09ab_000000001151,195.071930
253,1084,11dd74426e8374ac110c4036c77c09ab_000000001156,136.611083
254,1089,11dd74426e8374ac110c4036c77c09ab_000000001161,60.326725
254,1099,11dd74426e8374ac110c4036c77c09ab_000000001171,77.512981
254,1109,11dd74426e8374ac110c4036c77c09ab_000000001181,91.648114
254,1119,11dd74426e8374ac110c4036c77c09ab_000000001191,65.318483
254,1128,11dd74426e8374ac110c4036c77c09ab_000000001200,112.034583
255,1130,11dd74426e8374ac110c4036c77c09ab_000000001202,167.059608
256,1130,11dd74426e8374ac110c4036c77c09ab_000000001202,163.561868
258,1134,11dd74426e8374ac110c4036c77c09ab_000000001206,63.975752
259,1134,11dd74426e8374ac110c4036c77c09ab_000000001206,47.645902
263,1139,11dd74426e8374ac110c4036c77c09ab_000000001211,185.625104
263,1149,11dd74426e8374ac110c4036c77c09ab_000000001221,70.252062
263,1159,11dd74426e8374ac110c4036c77c09ab_000000001231,74.710839
264,1139,11dd74426e8374ac110c4036c77c09ab_000000001211,113.859387
264,1149,11dd74426e8374ac110c4036c77c09ab_000000001221,60.189420
264,1159,11dd74426e8374ac110c4036c77c09ab_000000001231,48.060307
