frame_id,frame_name,delta_area_nm2_per_frame
1,11dd74426e8374ac110c4036c77c09ab_000000000001,-6.740682
2,11dd74426e8374ac110c4036c77c09ab_000000000002,-12.688343
3,11dd74426e8374ac110c4036c77c09ab_000000000003,1.625694
4,11dd74426e8374ac110c4036c77c09ab_000000000004,-9.861619
5,11dd74426e8374ac110c4036c77c09ab_000000000005,1.793209
6,11dd74426e8374ac110c4036c77c09ab_000000000006,2.647316
7,11dd74426e8374ac110c4036c77c09ab_000000000007,0.633874
8,11dd74426e8374ac110c4036c77c09ab_000000000008,0.534147
9,11dd74426e8374ac110c4036c77c09ab_000000000009,16.306998
10,11dd74426e8374ac110c4036c77c09ab_000000000010,-4.004758
11,11dd74426e8374ac110c4036c77c09ab_000000000011,-5.551150
12,11dd74426e8374ac110c4036c77c09ab_000000000012,1.268834
13,11dd74426e8374ac110c4036c77c09ab_000000000013,-19.351477
14,11dd74426e8374ac110c4036c77c09ab_000000000014,-37.962610
15,11dd74426e8374ac110c4036c77c09ab_000000000015,11.598626
16,11dd74426e8374ac110c4036c77c09ab_000000000016,10.988172
17,11dd74426e8374ac110c4036c77c09ab_000000000017,-13.712452
18,11dd74426e8374ac110c4036c77c09ab_000000000018,7.861866
19,11dd74426e8374ac110c4036c77c09ab_000000000019,-0.808229
20,11dd74426e8374ac110c4036c77c09ab_000000000020,31.992658
21,11dd74426e8374ac110c4036c77c09ab_000000000021,-1.068295
22,11dd74426e8374ac110c4036c77c09ab_000000000022,8.813430
23,11dd74426e8374ac110c4036c77c09ab_000000000023,3.891644
24,11dd74426e8374ac110c4036c77c09ab_000000000024,1.182755
25,11dd74426e8374ac110c4036c77c09ab_000000000025,-6.982068
26,11dd74426e8374ac110c4036c77c09ab_000000000026,1.983976
27,11dd74426e8374ac110c4036c77c09ab_000000000027,-2.251049
28,11dd74426e8374ac110c4036c77c09ab_000000000028,0.686761
29,11dd74426e8374ac110c4036c77c09ab_000000000029,-2.212896
30,11dd74426e8374ac110c4036c77c09ab_000000000030,5.532240
31,11dd74426e8374ac110c4036c77c09ab_000000000031,-3.166730
32,11dd74426e8374ac110c4036c77c09ab_000000000032,7.478062
33,11dd74426e8374ac110c4036c77c09ab_000000000033,-3.700878
34,11dd74426e8374ac110c4036c77c09ab_000000000034,-13.487471
35,11dd74426e8374ac110c4036c77c09ab_000000000035,-6.722998
36,11dd74426e8374ac110c4036c77c09ab_000000000036,5.326965
37,11dd74426e8374ac110c4036c77c09ab_000000000037,4.408523
38,11dd74426e8374ac110c4036c77c09ab_000000000038,-6.208670
39,11dd74426e8374ac110c4036c77c09ab_000000000039,0.514328
40,11dd74426e8374ac110c4036c77c09ab_000000000040,2.057311
41,11dd74426e8374ac110c4036c77c09ab_000000000041,19.110104
42,11dd74426e8374ac110c4036c77c09ab_000000000042,-2.060282
43,11dd74426e8374ac110c4036c77c09ab_000000000043,-20.068676
44,11dd74426e8374ac110c4036c77c09ab_000000000044,13.887829
45,11dd74426e8374ac110c4036c77c09ab_000000000045,2.441816
46,11dd74426e8374ac110c4036c77c09ab_000000000046,-10.721099
47,11dd74426e8374ac110c4036c77c09ab_000000000047,1.640595
48,11dd74426e8374ac110c4036c77c09ab_000000000048,10.835559
49,11dd74426e8374ac110c4036c77c09ab_000000000049,-14.037191
50,11dd74426e8374ac110c4036c77c09ab_000000000050,14.640366
51,11dd74426e8374ac110c4036c77c09ab_000000000051,1.269231
52,11dd74426e8374ac110c4036c77c09ab_000000000052,-2.025020
53,11dd74426e8374ac110c4036c77c09ab_000000000059,31.362076
54,11dd74426e8374ac110c4036c77c09ab_000000000060,-7.706982
55,11dd74426e8374ac110c4036c77c09ab_000000000061,-6.714994
56,11dd74426e8374ac110c4036c77c09ab_000000000062,-8.546356
57,11dd74426e8374ac110c4036c77c09ab_000000000063,0.457841
58,11dd74426e8374ac110c4036c77c09ab_000000000064,-14.421976
59,11dd74426e8374ac110c4036c77c09ab_000000000065,-2.708890
60,11dd74426e8374ac110c4036c77c09ab_000000000066,-4.044258
61,11dd74426e8374ac110c4036c77c09ab_000000000067,7.134681
62,11dd74426e8374ac110c4036c77c09ab_000000000068,-0.152614
63,11dd74426e8374ac110c4036c77c09ab_000000000069,1.983976
64,11dd74426e8374ac110c4036c77c09ab_000000000070,0.152614
65,11dd74426e8374ac110c4036c77c09ab_000000000071,-0.495994
66,11dd74426e8374ac110c4036c77c09ab_000000000072,-0.801221
67,11dd74426e8374ac110c4036c77c09ab_000000000073,-6.443463
68,11dd74426e8374ac110c4036c77c09ab_000000000074,5.143277
69,11dd74426e8374ac110c4036c77c09ab_000000000075,-2.645114
70,11dd74426e8374ac110c4036c77c09ab_000000000076,41.259303
71,11dd74426e8374ac110c4036c77c09ab_000000000077,4.387638
72,11dd74426e8374ac110c4036c77c09ab_000000000078,10.263258
73,11dd74426e8374ac110c4036c77c09ab_000000000079,3.662724
74,11dd74426e8374ac110c4036c77c09ab_000000000080,-28.345884
75,11dd74426e8374ac110c4036c77c09ab_000000000081,1.873622
76,11dd74426e8374ac110c4036c77c09ab_000000000082,1.432770
77,11dd74426e8374ac110c4036c77c09ab_000000000083,2.645114
78,11dd74426e8374ac110c4036c77c09ab_000000000084,1.542983
79,11dd74426e8374ac110c4036c77c09ab_000000000085,-36.554004
80,11dd74426e8374ac110c4036c77c09ab_000000000086,0.624541
81,11dd74426e8374ac110c4036c77c09ab_000000000087,-28.398237
82,11dd74426e8374ac110c4036c77c09ab_000000000088,2.828802
83,11dd74426e8374ac110c4036c77c09ab_000000000089,1.469508
84,11dd74426e8374ac110c4036c77c09ab_000000000090,-4.665687
85,11dd74426e8374ac110c4036c77c09ab_000000000091,-3.894195
86,11dd74426e8374ac110c4036c77c09ab_000000000092,-16.128523
87,11dd74426e8374ac110c4036c77c09ab_000000000093,-2.336283
88,11dd74426e8374ac110c4036c77c09ab_000000000094,14.827775
89,11dd74426e8374ac110c4036c77c09ab_000000000095,0.808229
90,11dd74426e8374ac110c4036c77c09ab_000000000096,-20.867010
91,11dd74426e8374ac110c4036c77c09ab_000000000097,16.385011
92,11dd74426e8374ac110c4036c77c09ab_000000000098,0.293902
93,11dd74426e8374ac110c4036c77c09ab_000000000099,-6.539309
94,11dd74426e8374ac110c4036c77c09ab_000000000100,-0.000000
95,11dd74426e8374ac110c4036c77c09ab_000000000101,0.613526
96,11dd74426e8374ac110c4036c77c09ab_000000000102,1.415929
97,11dd74426e8374ac110c4036c77c09ab_000000000103,31.528276
98,11dd74426e8374ac110c4036c77c09ab_000000000104,5.951927
99,11dd74426e8374ac110c4036c77c09ab_000000000105,-11.809437
100,11dd74426e8374ac110c4036c77c09ab_000000000106,32.183340
101,11dd74426e8374ac110c4036c77c09ab_000000000107,-1.449828
102,11dd74426e8374ac110c4036c77c09ab_000000000108,-10.225105
103,11dd74426e8374ac110c4036c77c09ab_000000000109,-3.891644
104,11dd74426e8374ac110c4036c77c09ab_000000000110,-23.743875
105,11dd74426e8374ac110c4036c77c09ab_000000000111,31.221937
106,11dd74426e8374ac110c4036c77c09ab_000000000112,0.686761
107,11dd74426e8374ac110c4036c77c09ab_000000000113,-17.287096
108,11dd74426e8374ac110c4036c77c09ab_000000000114,6.245408
109,11dd74426e8374ac110c4036c77c09ab_000000000115,-26.879689
110,11dd74426e8374ac110c4036c77c09ab_000000000116,3.256637
111,11dd74426e8374ac110c4036c77c09ab_000000000117,6.503287
112,11dd74426e8374ac110c4036c77c09ab_000000000118,3.232917
113,11dd74426e8374ac110c4036c77c09ab_000000000119,19.103600
114,11dd74426e8374ac110c4036c77c09ab_000000000120,28.581925
115,11dd74426e8374ac110c4036c77c09ab_000000000121,-27.406319
116,11dd74426e8374ac110c4036c77c09ab_000000000122,-5.878031
117,11dd74426e8374ac110c4036c77c09ab_000000000123,-0.440852
118,11dd74426e8374ac110c4036c77c09ab_000000000124,-28.581483
119,11dd74426e8374ac110c4036c77c09ab_000000000125,0.920354
120,11dd74426e8374ac110c4036c77c09ab_000000000126,3.610619
121,11dd74426e8374ac110c4036c77c09ab_000000000127,32.720605
122,11dd74426e8374ac110c4036c77c09ab_000000000128,0.808229
123,11dd74426e8374ac110c4036c77c09ab_000000000129,23.218222
124,11dd74426e8374ac110c4036c77c09ab_000000000130,-4.335048
125,11dd74426e8374ac110c4036c77c09ab_000000000131,3.600294
126,11dd74426e8374ac110c4036c77c09ab_000000000132,-1.102131
127,11dd74426e8374ac110c4036c77c09ab_000000000133,-16.164585
128,11dd74426e8374ac110c4036c77c09ab_000000000134,31.961793
129,11dd74426e8374ac110c4036c77c09ab_000000000135,13.078619
130,11dd74426e8374ac110c4036c77c09ab_000000000136,11.388685
131,11dd74426e8374ac110c4036c77c09ab_000000000137,0.293902
132,11dd74426e8374ac110c4036c77c09ab_000000000138,-1.238496
133,11dd74426e8374ac110c4036c77c09ab_000000000139,-3.327434
134,11dd74426e8374ac110c4036c77c09ab_000000000140,15.293336
135,11dd74426e8374ac110c4036c77c09ab_000000000141,3.673769
136,11dd74426e8374ac110c4036c77c09ab_000000000142,-0.440852
137,11dd74426e8374ac110c4036c77c09ab_000000000143,16.547464
138,11dd74426e8374ac110c4036c77c09ab_000000000144,1.449828
139,11dd74426e8374ac110c4036c77c09ab_000000000145,9.690958
140,11dd74426e8374ac110c4036c77c09ab_000000000146,-0.228920
141,11dd74426e8374ac110c4036c77c09ab_000000000147,19.420069
142,11dd74426e8374ac110c4036c77c09ab_000000000148,-1.564288
143,11dd74426e8374ac110c4036c77c09ab_000000000149,-25.035904
144,11dd74426e8374ac110c4036c77c09ab_000000000150,22.632241
145,11dd74426e8374ac110c4036c77c09ab_000000000151,1.945822
146,11dd74426e8374ac110c4036c77c09ab_000000000152,-33.422358
147,11dd74426e8374ac110c4036c77c09ab_000000000153,0.724914
148,11dd74426e8374ac110c4036c77c09ab_000000000154,-12.628768
149,11dd74426e8374ac110c4036c77c09ab_000000000155,2.594430
150,11dd74426e8374ac110c4036c77c09ab_000000000156,3.891644
151,11dd74426e8374ac110c4036c77c09ab_000000000157,-17.397940
152,11dd74426e8374ac110c4036c77c09ab_000000000158,-8.261909
153,11dd74426e8374ac110c4036c77c09ab_000000000159,-1.200129
154,11dd74426e8374ac110c4036c77c09ab_000000000160,-12.074128
155,11dd74426e8374ac110c4036c77c09ab_000000000161,11.315209
156,11dd74426e8374ac110c4036c77c09ab_000000000162,-3.159442
157,11dd74426e8374ac110c4036c77c09ab_000000000163,8.996014
158,11dd74426e8374ac110c4036c77c09ab_000000000164,26.272171
159,11dd74426e8374ac110c4036c77c09ab_000000000165,-2.755327
160,11dd74426e8374ac110c4036c77c09ab_000000000166,-1.653196
161,11dd74426e8374ac110c4036c77c09ab_000000000167,-0.734754
162,11dd74426e8374ac110c4036c77c09ab_000000000168,-47.419825
163,11dd74426e8374ac110c4036c77c09ab_000000000169,18.573191
164,11dd74426e8374ac110c4036c77c09ab_000000000170,-59.015770
165,11dd74426e8374ac110c4036c77c09ab_000000000171,-39.984739
166,11dd74426e8374ac110c4036c77c09ab_000000000172,2.632583
167,11dd74426e8374ac110c4036c77c09ab_000000000173,14.383823
168,11dd74426e8374ac110c4036c77c09ab_000000000174,-0.381534
169,11dd74426e8374ac110c4036c77c09ab_000000000175,62.266311
170,11dd74426e8374ac110c4036c77c09ab_000000000176,-7.096528
171,11dd74426e8374ac110c4036c77c09ab_000000000177,-11.903853
172,11dd74426e8374ac110c4036c77c09ab_000000000178,1.030141
173,11dd74426e8374ac110c4036c77c09ab_000000000179,3.777184
174,11dd74426e8374ac110c4036c77c09ab_000000000180,-26.060102
175,11dd74426e8374ac110c4036c77c09ab_000000000181,0.698016
176,11dd74426e8374ac110c4036c77c09ab_000000000182,-8.996024
177,11dd74426e8374ac110c4036c77c09ab_000000000183,2.622951
178,11dd74426e8374ac110c4036c77c09ab_000000000184,-14.891887
179,11dd74426e8374ac110c4036c77c09ab_000000000185,-2.123894
180,11dd74426e8374ac110c4036c77c09ab_000000000186,1.557522
181,11dd74426e8374ac110c4036c77c09ab_000000000187,10.920237
182,11dd74426e8374ac110c4036c77c09ab_000000000188,-1.249082
183,11dd74426e8374ac110c4036c77c09ab_000000000189,2.057311
184,11dd74426e8374ac110c4036c77c09ab_000000000190,0.220426
185,11dd74426e8374ac110c4036c77c09ab_000000000191,6.095345
186,11dd74426e8374ac110c4036c77c09ab_000000000192,3.739031
187,11dd74426e8374ac110c4036c77c09ab_000000000193,-36.261145
188,11dd74426e8374ac110c4036c77c09ab_000000000194,13.311412
189,11dd74426e8374ac110c4036c77c09ab_000000000195,0.624541
190,11dd74426e8374ac110c4036c77c09ab_000000000196,-13.078619
191,11dd74426e8374ac110c4036c77c09ab_000000000197,1.836885
192,11dd74426e8374ac110c4036c77c09ab_000000000198,12.527553
193,11dd74426e8374ac110c4036c77c09ab_000000000199,2.167524
194,11dd74426e8374ac110c4036c77c09ab_000000000200,5.363703
195,11dd74426e8374ac110c4036c77c09ab_000000000201,20.793534
196,11dd74426e8374ac110c4036c77c09ab_000000000202,4.922851
197,11dd74426e8374ac110c4036c77c09ab_000000000203,-13.592946
198,11dd74426e8374ac110c4036c77c09ab_000000000204,4.628949
199,11dd74426e8374ac110c4036c77c09ab_000000000205,39.368677
200,11dd74426e8374ac110c4036c77c09ab_000000000206,-2.017727
201,11dd74426e8374ac110c4036c77c09ab_000000000207,11.951034
202,11dd74426e8374ac110c4036c77c09ab_000000000208,-14.180749
203,11dd74426e8374ac110c4036c77c09ab_000000000209,61.977904
204,11dd74426e8374ac110c4036c77c09ab_000000000210,-27.077095
205,11dd74426e8374ac110c4036c77c09ab_000000000211,1.910360
206,11dd74426e8374ac110c4036c77c09ab_000000000212,-12.428940
207,11dd74426e8374ac110c4036c77c09ab_000000000213,2.619469
208,11dd74426e8374ac110c4036c77c09ab_000000000214,15.760977
209,11dd74426e8374ac110c4036c77c09ab_000000000215,0.991918
210,11dd74426e8374ac110c4036c77c09ab_000000000216,9.221161
211,11dd74426e8374ac110c4036c77c09ab_000000000217,0.293902
212,11dd74426e8374ac110c4036c77c09ab_000000000218,3.526819
213,11dd74426e8374ac110c4036c77c09ab_000000000219,0.955180
214,11dd74426e8374ac110c4036c77c09ab_000000000220,1.910360
215,11dd74426e8374ac110c4036c77c09ab_000000000221,-3.085966
216,11dd74426e8374ac110c4036c77c09ab_000000000222,-17.751341
217,11dd74426e8374ac110c4036c77c09ab_000000000223,62.756403
218,11dd74426e8374ac110c4036c77c09ab_000000000224,-19.949955
219,11dd74426e8374ac110c4036c77c09ab_000000000225,3.820720
220,11dd74426e8374ac110c4036c77c09ab_000000000226,24.393828
221,11dd74426e8374ac110c4036c77c09ab_000000000227,0.367377
222,11dd74426e8374ac110c4036c77c09ab_000000000228,-1.249082
223,11dd74426e8374ac110c4036c77c09ab_000000000229,2.204262
224,11dd74426e8374ac110c4036c77c09ab_000000000230,31.300514
225,11dd74426e8374ac110c4036c77c09ab_000000000231,-30.271859
226,11dd74426e8374ac110c4036c77c09ab_000000000232,0.293902
227,11dd74426e8374ac110c4036c77c09ab_000000000233,-79.683809
228,11dd74426e8374ac110c4036c77c09ab_000000000234,4.389381
229,11dd74426e8374ac110c4036c77c09ab_000000000235,19.327434
230,11dd74426e8374ac110c4036c77c09ab_000000000236,4.318584
231,11dd74426e8374ac110c4036c77c09ab_000000000237,8.495575
232,11dd74426e8374ac110c4036c77c09ab_000000000238,8.283186
233,11dd74426e8374ac110c4036c77c09ab_000000000239,3.115044
234,11dd74426e8374ac110c4036c77c09ab_000000000240,-4.884956
235,11dd74426e8374ac110c4036c77c09ab_000000000241,5.805310
236,11dd74426e8374ac110c4036c77c09ab_000000000242,-10.532391
237,11dd74426e8374ac110c4036c77c09ab_000000000243,34.827333
238,11dd74426e8374ac110c4036c77c09ab_000000000244,-67.288207
239,11dd74426e8374ac110c4036c77c09ab_000000000245,23.382645
240,11dd74426e8374ac110c4036c77c09ab_000000000246,19.585209
241,11dd74426e8374ac110c4036c77c09ab_000000000247,-6.024982
242,11dd74426e8374ac110c4036c77c09ab_000000000248,2.718589
243,11dd74426e8374ac110c4036c77c09ab_000000000249,21.381337
244,11dd74426e8374ac110c4036c77c09ab_000000000250,-0.808229
245,11dd74426e8374ac110c4036c77c09ab_000000000251,19.643651
246,11dd74426e8374ac110c4036c77c09ab_000000000252,22.825122
247,11dd74426e8374ac110c4036c77c09ab_000000000253,-21.692379
248,11dd74426e8374ac110c4036c77c09ab_000000000254,-66.407080
249,11dd74426e8374ac110c4036c77c09ab_000000000255,31.433628
250,11dd74426e8374ac110c4036c77c09ab_000000000256,-59.057903
251,11dd74426e8374ac110c4036c77c09ab_000000000257,-8.596620
252,11dd74426e8374ac110c4036c77c09ab_000000000258,10.066128
253,11dd74426e8374ac110c4036c77c09ab_000000000259,-15.048773
254,11dd74426e8374ac110c4036c77c09ab_000000000260,-7.581645
255,11dd74426e8374ac110c4036c77c09ab_000000000261,16.695071
256,11dd74426e8374ac110c4036c77c09ab_000000000262,41.540170
257,11dd74426e8374ac110c4036c77c09ab_000000000263,-38.249937
258,11dd74426e8374ac110c4036c77c09ab_000000000264,11.795224
259,11dd74426e8374ac110c4036c77c09ab_000000000265,1.449828
260,11dd74426e8374ac110c4036c77c09ab_000000000266,4.044258
261,11dd74426e8374ac110c4036c77c09ab_000000000267,-7.590560
262,11dd74426e8374ac110c4036c77c09ab_000000000268,-34.606907
263,11dd74426e8374ac110c4036c77c09ab_000000000269,0.808229
264,11dd74426e8374ac110c4036c77c09ab_000000000270,-13.152094
265,11dd74426e8374ac110c4036c77c09ab_000000000271,-1.616458
266,11dd74426e8374ac110c4036c77c09ab_000000000272,9.919177
267,11dd74426e8374ac110c4036c77c09ab_000000000273,-0.881705
268,11dd74426e8374ac110c4036c77c09ab_000000000274,7.567965
269,11dd74426e8374ac110c4036c77c09ab_000000000275,3.085966
270,11dd74426e8374ac110c4036c77c09ab_000000000276,9.418753
271,11dd74426e8374ac110c4036c77c09ab_000000000277,15.230769
272,11dd74426e8374ac110c4036c77c09ab_000000000278,7.230769
273,11dd74426e8374ac110c4036c77c09ab_000000000279,-27.618719
274,11dd74426e8374ac110c4036c77c09ab_000000000280,0.146951
275,11dd74426e8374ac110c4036c77c09ab_000000000281,-10.580456
276,11dd74426e8374ac110c4036c77c09ab_000000000282,5.731080
277,11dd74426e8374ac110c4036c77c09ab_000000000283,20.474990
278,11dd74426e8374ac110c4036c77c09ab_000000000284,-4.461538
279,11dd74426e8374ac110c4036c77c09ab_000000000285,-2.461538
280,11dd74426e8374ac110c4036c77c09ab_000000000286,1.684207
281,11dd74426e8374ac110c4036c77c09ab_000000000287,5.341473
282,11dd74426e8374ac110c4036c77c09ab_000000000288,-35.025680
283,11dd74426e8374ac110c4036c77c09ab_000000000289,-12.211538
284,11dd74426e8374ac110c4036c77c09ab_000000000290,-71.136113
285,11dd74426e8374ac110c4036c77c09ab_000000000291,-27.479794
286,11dd74426e8374ac110c4036c77c09ab_000000000292,16.742100
287,11dd74426e8374ac110c4036c77c09ab_000000000293,27.857459
288,11dd74426e8374ac110c4036c77c09ab_000000000294,-36.002939
289,11dd74426e8374ac110c4036c77c09ab_000000000295,80.351365
290,11dd74426e8374ac110c4036c77c09ab_000000000296,-39.809675
291,11dd74426e8374ac110c4036c77c09ab_000000000297,0.674068
292,11dd74426e8374ac110c4036c77c09ab_000000000298,-15.214499
293,11dd74426e8374ac110c4036c77c09ab_000000000299,-1.755055
294,11dd74426e8374ac110c4036c77c09ab_000000000300,-13.224897
295,11dd74426e8374ac110c4036c77c09ab_000000000301,-0.440852
296,11dd74426e8374ac110c4036c77c09ab_000000000302,3.747245
297,11dd74426e8374ac110c4036c77c09ab_000000000303,-0.587803
298,11dd74426e8374ac110c4036c77c09ab_000000000304,-23.581229
299,11dd74426e8374ac110c4036c77c09ab_000000000305,1.486726
300,11dd74426e8374ac110c4036c77c09ab_000000000306,-28.318584
301,11dd74426e8374ac110c4036c77c09ab_000000000307,49.090531
302,11dd74426e8374ac110c4036c77c09ab_000000000308,5.143277
303,11dd74426e8374ac110c4036c77c09ab_000000000309,21.999118
304,11dd74426e8374ac110c4036c77c09ab_000000000310,3.496841
305,11dd74426e8374ac110c4036c77c09ab_000000000311,11.462160
306,11dd74426e8374ac110c4036c77c09ab_000000000312,-14.519360
307,11dd74426e8374ac110c4036c77c09ab_000000000313,50.557397
308,11dd74426e8374ac110c4036c77c09ab_000000000314,10.072491
309,11dd74426e8374ac110c4036c77c09ab_000000000315,9.080504
310,11dd74426e8374ac110c4036c77c09ab_000000000316,28.462419
311,11dd74426e8374ac110c4036c77c09ab_000000000317,20.688298
312,11dd74426e8374ac110c4036c77c09ab_000000000318,-2.756211
313,11dd74426e8374ac110c4036c77c09ab_000000000319,4.502098
314,11dd74426e8374ac110c4036c77c09ab_000000000320,14.727203
315,11dd74426e8374ac110c4036c77c09ab_000000000321,9.690958
316,11dd74426e8374ac110c4036c77c09ab_000000000322,5.570393
317,11dd74426e8374ac110c4036c77c09ab_000000000323,-10.911866
318,11dd74426e8374ac110c4036c77c09ab_000000000324,4.807325
319,11dd74426e8374ac110c4036c77c09ab_000000000325,-13.964136
320,11dd74426e8374ac110c4036c77c09ab_000000000326,1.755055
321,11dd74426e8374ac110c4036c77c09ab_000000000327,-33.412827
322,11dd74426e8374ac110c4036c77c09ab_000000000328,-68.185158
323,11dd74426e8374ac110c4036c77c09ab_000000000329,4.041146
324,11dd74426e8374ac110c4036c77c09ab_000000000330,34.908994
325,11dd74426e8374ac110c4036c77c09ab_000000000331,3.963182
326,11dd74426e8374ac110c4036c77c09ab_000000000332,-101.914057
327,11dd74426e8374ac110c4036c77c09ab_000000000333,12.105778
328,11dd74426e8374ac110c4036c77c09ab_000000000334,37.008775
329,11dd74426e8374ac110c4036c77c09ab_000000000335,-5.951927
330,11dd74426e8374ac110c4036c77c09ab_000000000336,-36.845156
331,11dd74426e8374ac110c4036c77c09ab_000000000337,-14.585596
332,11dd74426e8374ac110c4036c77c09ab_000000000338,-5.341473
334,11dd74426e8374ac110c4036c77c09ab_000000000374,231.419053
335,11dd74426e8374ac110c4036c77c09ab_000000000375,7.714916
336,11dd74426e8374ac110c4036c77c09ab_000000000376,-5.290228
337,11dd74426e8374ac110c4036c77c09ab_000000000377,-0.073475
338,11dd74426e8374ac110c4036c77c09ab_000000000378,-77.493020
339,11dd74426e8374ac110c4036c77c09ab_000000000379,0.707965
340,11dd74426e8374ac110c4036c77c09ab_000000000380,93.170066
341,11dd74426e8374ac110c4036c77c09ab_000000000381,23.218222
342,11dd74426e8374ac110c4036c77c09ab_000000000382,5.510654
343,11dd74426e8374ac110c4036c77c09ab_000000000383,24.393828
344,11dd74426e8374ac110c4036c77c09ab_000000000384,-6.098457
345,11dd74426e8374ac110c4036c77c09ab_000000000385,31.080088
346,11dd74426e8374ac110c4036c77c09ab_000000000386,0.440852
347,11dd74426e8374ac110c4036c77c09ab_000000000387,15.538628
348,11dd74426e8374ac110c4036c77c09ab_000000000388,7.020221
349,11dd74426e8374ac110c4036c77c09ab_000000000389,1.068295
350,11dd74426e8374ac110c4036c77c09ab_000000000390,-46.845366
351,11dd74426e8374ac110c4036c77c09ab_000000000391,33.720605
352,11dd74426e8374ac110c4036c77c09ab_000000000392,-6.104540
353,11dd74426e8374ac110c4036c77c09ab_000000000393,2.136589
354,11dd74426e8374ac110c4036c77c09ab_000000000394,-194.288036
355,11dd74426e8374ac110c4036c77c09ab_000000000395,-25.460948
356,11dd74426e8374ac110c4036c77c09ab_000000000396,1.881414
357,11dd74426e8374ac110c4036c77c09ab_000000000397,30.829755
358,11dd74426e8374ac110c4036c77c09ab_000000000398,-3.477748
359,11dd74426e8374ac110c4036c77c09ab_000000000399,-0.235780
360,11dd74426e8374ac110c4036c77c09ab_000000000400,-2.239906
361,11dd74426e8374ac110c4036c77c09ab_000000000401,11.317418
362,11dd74426e8374ac110c4036c77c09ab_000000000402,2.122016
363,11dd74426e8374ac110c4036c77c09ab_000000000403,-7.186907
364,11dd74426e8374ac110c4036c77c09ab_000000000404,-34.492588
365,11dd74426e8374ac110c4036c77c09ab_000000000405,-3.021665
366,11dd74426e8374ac110c4036c77c09ab_000000000406,-0.305823
367,11dd74426e8374ac110c4036c77c09ab_000000000407,4.476327
368,11dd74426e8374ac110c4036c77c09ab_000000000408,-70.703013
369,11dd74426e8374ac110c4036c77c09ab_000000000409,-34.548063
370,11dd74426e8374ac110c4036c77c09ab_000000000410,-17.983903
371,11dd74426e8374ac110c4036c77c09ab_000000000411,18.434203
372,11dd74426e8374ac110c4036c77c09ab_000000000412,24.514511
373,11dd74426e8374ac110c4036c77c09ab_000000000413,4.314371
374,11dd74426e8374ac110c4036c77c09ab_000000000414,-32.952066
375,11dd74426e8374ac110c4036c77c09ab_000000000415,58.820294
376,11dd74426e8374ac110c4036c77c09ab_000000000416,1.483680
377,11dd74426e8374ac110c4036c77c09ab_000000000417,18.753709
378,11dd74426e8374ac110c4036c77c09ab_000000000418,34.005935
379,11dd74426e8374ac110c4036c77c09ab_000000000419,-18.773804
380,11dd74426e8374ac110c4036c77c09ab_000000000420,-40.918221
381,11dd74426e8374ac110c4036c77c09ab_000000000421,-3.041607
382,11dd74426e8374ac110c4036c77c09ab_000000000422,-16.791591
383,11dd74426e8374ac110c4036c77c09ab_000000000423,16.791626
384,11dd74426e8374ac110c4036c77c09ab_000000000424,-50.301326
385,11dd74426e8374ac110c4036c77c09ab_000000000425,24.138909
386,11dd74426e8374ac110c4036c77c09ab_000000000426,59.813016
387,11dd74426e8374ac110c4036c77c09ab_000000000427,22.843107
388,11dd74426e8374ac110c4036c77c09ab_000000000428,-1.043905
389,11dd74426e8374ac110c4036c77c09ab_000000000429,-73.240367
390,11dd74426e8374ac110c4036c77c09ab_000000000430,-2.926829
391,11dd74426e8374ac110c4036c77c09ab_000000000431,15.380201
392,11dd74426e8374ac110c4036c77c09ab_000000000432,-5.451937
393,11dd74426e8374ac110c4036c77c09ab_000000000433,12.217090
394,11dd74426e8374ac110c4036c77c09ab_000000000434,-8.367953
395,11dd74426e8374ac110c4036c77c09ab_000000000435,5.163205
396,11dd74426e8374ac110c4036c77c09ab_000000000436,-28.524537
397,11dd74426e8374ac110c4036c77c09ab_000000000437,0.286944
398,11dd74426e8374ac110c4036c77c09ab_000000000438,44.261332
399,11dd74426e8374ac110c4036c77c09ab_000000000439,-2.077151
400,11dd74426e8374ac110c4036c77c09ab_000000000440,-7.004841
401,11dd74426e8374ac110c4036c77c09ab_000000000441,-48.608321
402,11dd74426e8374ac110c4036c77c09ab_000000000442,2.180775
403,11dd74426e8374ac110c4036c77c09ab_000000000443,8.091822
404,11dd74426e8374ac110c4036c77c09ab_000000000444,2.525108
405,11dd74426e8374ac110c4036c77c09ab_000000000445,11.717535
406,11dd74426e8374ac110c4036c77c09ab_000000000446,-0.593472
407,11dd74426e8374ac110c4036c77c09ab_000000000447,13.293769
408,11dd74426e8374ac110c4036c77c09ab_000000000448,16.973294
409,11dd74426e8374ac110c4036c77c09ab_000000000449,35.400593
410,11dd74426e8374ac110c4036c77c09ab_000000000450,-11.068249
411,11dd74426e8374ac110c4036c77c09ab_000000000451,-25.321748
412,11dd74426e8374ac110c4036c77c09ab_000000000452,-3.098996
413,11dd74426e8374ac110c4036c77c09ab_000000000453,2.238164
414,11dd74426e8374ac110c4036c77c09ab_000000000454,4.648494
415,11dd74426e8374ac110c4036c77c09ab_000000000455,-17.274032
416,11dd74426e8374ac110c4036c77c09ab_000000000456,-4.763271
417,11dd74426e8374ac110c4036c77c09ab_000000000457,32.651508
418,11dd74426e8374ac110c4036c77c09ab_000000000458,-20.714635
419,11dd74426e8374ac110c4036c77c09ab_000000000459,-14.461980
420,11dd74426e8374ac110c4036c77c09ab_000000000460,2.357624
421,11dd74426e8374ac110c4036c77c09ab_000000000461,19.643917
422,11dd74426e8374ac110c4036c77c09ab_000000000462,3.738872
423,11dd74426e8374ac110c4036c77c09ab_000000000463,-59.465875
424,11dd74426e8374ac110c4036c77c09ab_000000000464,-0.237389
425,11dd74426e8374ac110c4036c77c09ab_000000000465,-0.534125
426,11dd74426e8374ac110c4036c77c09ab_000000000466,17.210682
427,11dd74426e8374ac110c4036c77c09ab_000000000467,14.124629
428,11dd74426e8374ac110c4036c77c09ab_000000000468,-22.433234
429,11dd74426e8374ac110c4036c77c09ab_000000000469,1.068249
430,11dd74426e8374ac110c4036c77c09ab_000000000470,-35.674212
431,11dd74426e8374ac110c4036c77c09ab_000000000471,-12.064112
432,11dd74426e8374ac110c4036c77c09ab_000000000472,22.931202
433,11dd74426e8374ac110c4036c77c09ab_000000000473,36.995176
434,11dd74426e8374ac110c4036c77c09ab_000000000474,-19.573599
435,11dd74426e8374ac110c4036c77c09ab_000000000475,33.616998
436,11dd74426e8374ac110c4036c77c09ab_000000000476,-1.543027
437,11dd74426e8374ac110c4036c77c09ab_000000000477,-17.626113
438,11dd74426e8374ac110c4036c77c09ab_000000000478,-10.148368
439,11dd74426e8374ac110c4036c77c09ab_000000000479,-0.712166
440,11dd74426e8374ac110c4036c77c09ab_000000000480,-7.031186
441,11dd74426e8374ac110c4036c77c09ab_000000000481,0.000000
442,11dd74426e8374ac110c4036c77c09ab_000000000482,23.717218
443,11dd74426e8374ac110c4036c77c09ab_000000000483,3.990878
444,11dd74426e8374ac110c4036c77c09ab_000000000484,31.636481
445,11dd74426e8374ac110c4036c77c09ab_000000000485,28.329826
446,11dd74426e8374ac110c4036c77c09ab_000000000486,6.130268
447,11dd74426e8374ac110c4036c77c09ab_000000000487,14.913056
448,11dd74426e8374ac110c4036c77c09ab_000000000488,6.248158
449,11dd74426e8374ac110c4036c77c09ab_000000000489,-26.747755
450,11dd74426e8374ac110c4036c77c09ab_000000000490,30.623145
451,11dd74426e8374ac110c4036c77c09ab_000000000491,-24.807122
452,11dd74426e8374ac110c4036c77c09ab_000000000492,7.477745
453,11dd74426e8374ac110c4036c77c09ab_000000000493,-19.299812
454,11dd74426e8374ac110c4036c77c09ab_000000000494,26.601643
455,11dd74426e8374ac110c4036c77c09ab_000000000495,-2.525108
456,11dd74426e8374ac110c4036c77c09ab_000000000496,43.235145
457,11dd74426e8374ac110c4036c77c09ab_000000000497,0.059347
458,11dd74426e8374ac110c4036c77c09ab_000000000498,-16.676558
459,11dd74426e8374ac110c4036c77c09ab_000000000499,-8.605341
460,11dd74426e8374ac110c4036c77c09ab_000000000500,21.795252
461,11dd74426e8374ac110c4036c77c09ab_000000000501,6.572700
462,11dd74426e8374ac110c4036c77c09ab_000000000502,-1.543027
463,11dd74426e8374ac110c4036c77c09ab_000000000503,-3.916914
464,11dd74426e8374ac110c4036c77c09ab_000000000504,-2.314540
465,11dd74426e8374ac110c4036c77c09ab_000000000505,-31.145520
466,11dd74426e8374ac110c4036c77c09ab_000000000506,24.973413
467,11dd74426e8374ac110c4036c77c09ab_000000000507,-51.602984
468,11dd74426e8374ac110c4036c77c09ab_000000000508,-12.911319
469,11dd74426e8374ac110c4036c77c09ab_000000000509,-0.516499
470,11dd74426e8374ac110c4036c77c09ab_000000000510,-11.305595
471,11dd74426e8374ac110c4036c77c09ab_000000000511,0.688666
472,11dd74426e8374ac110c4036c77c09ab_000000000512,-26.149589
473,11dd74426e8374ac110c4036c77c09ab_000000000513,-14.436424
474,11dd74426e8374ac110c4036c77c09ab_000000000514,16.654879
475,11dd74426e8374ac110c4036c77c09ab_000000000515,-18.938307
476,11dd74426e8374ac110c4036c77c09ab_000000000516,16.855451
477,11dd74426e8374ac110c4036c77c09ab_000000000517,5.354018
478,11dd74426e8374ac110c4036c77c09ab_000000000518,1.319943
479,11dd74426e8374ac110c4036c77c09ab_000000000519,-14.418865
480,11dd74426e8374ac110c4036c77c09ab_000000000520,-1.731860
481,11dd74426e8374ac110c4036c77c09ab_000000000521,-9.633027
482,11dd74426e8374ac110c4036c77c09ab_000000000522,1.899110
483,11dd74426e8374ac110c4036c77c09ab_000000000523,24.997341
484,11dd74426e8374ac110c4036c77c09ab_000000000524,-3.815116
485,11dd74426e8374ac110c4036c77c09ab_000000000525,3.315935
486,11dd74426e8374ac110c4036c77c09ab_000000000526,-32.806765
487,11dd74426e8374ac110c4036c77c09ab_000000000527,-1.602374
488,11dd74426e8374ac110c4036c77c09ab_000000000528,17.685460
489,11dd74426e8374ac110c4036c77c09ab_000000000529,0.178042
490,11dd74426e8374ac110c4036c77c09ab_000000000530,-3.264290
491,11dd74426e8374ac110c4036c77c09ab_000000000531,-20.237194
492,11dd74426e8374ac110c4036c77c09ab_000000000532,0.890208
493,11dd74426e8374ac110c4036c77c09ab_000000000533,4.835192
494,11dd74426e8374ac110c4036c77c09ab_000000000534,-1.074948
495,11dd74426e8374ac110c4036c77c09ab_000000000535,-45.645589
496,11dd74426e8374ac110c4036c77c09ab_000000000536,55.260400
497,11dd74426e8374ac110c4036c77c09ab_000000000537,6.987160
498,11dd74426e8374ac110c4036c77c09ab_000000000538,-35.936464
499,11dd74426e8374ac110c4036c77c09ab_000000000539,2.984218
500,11dd74426e8374ac110c4036c77c09ab_000000000540,7.189438
501,11dd74426e8374ac110c4036c77c09ab_000000000541,-14.076096
502,11dd74426e8374ac110c4036c77c09ab_000000000542,-24.103300
503,11dd74426e8374ac110c4036c77c09ab_000000000543,2.238164
504,11dd74426e8374ac110c4036c77c09ab_000000000553,97.296754
505,11dd74426e8374ac110c4036c77c09ab_000000000554,-51.270929
506,11dd74426e8374ac110c4036c77c09ab_000000000555,-19.202245
507,11dd74426e8374ac110c4036c77c09ab_000000000556,65.755347
508,11dd74426e8374ac110c4036c77c09ab_000000000557,-0.716632
509,11dd74426e8374ac110c4036c77c09ab_000000000558,-11.884145
510,11dd74426e8374ac110c4036c77c09ab_000000000559,5.195581
511,11dd74426e8374ac110c4036c77c09ab_000000000560,-12.421618
512,11dd74426e8374ac110c4036c77c09ab_000000000561,29.321208
513,11dd74426e8374ac110c4036c77c09ab_000000000562,-26.962950
514,11dd74426e8374ac110c4036c77c09ab_000000000563,18.244908
515,11dd74426e8374ac110c4036c77c09ab_000000000564,-0.298597
516,11dd74426e8374ac110c4036c77c09ab_000000000565,-8.539863
517,11dd74426e8374ac110c4036c77c09ab_000000000566,1.015228
518,11dd74426e8374ac110c4036c77c09ab_000000000567,22.872499
519,11dd74426e8374ac110c4036c77c09ab_000000000568,42.679899
520,11dd74426e8374ac110c4036c77c09ab_000000000569,-1.483313
521,11dd74426e8374ac110c4036c77c09ab_000000000570,5.871446
522,11dd74426e8374ac110c4036c77c09ab_000000000571,-2.286774
523,11dd74426e8374ac110c4036c77c09ab_000000000572,-6.023420
524,11dd74426e8374ac110c4036c77c09ab_000000000573,2.747089
525,11dd74426e8374ac110c4036c77c09ab_000000000574,17.782499
526,11dd74426e8374ac110c4036c77c09ab_000000000575,-3.043480
527,11dd74426e8374ac110c4036c77c09ab_000000000576,4.246772
528,11dd74426e8374ac110c4036c77c09ab_000000000577,-15.380201
529,11dd74426e8374ac110c4036c77c09ab_000000000578,-6.255380
530,11dd74426e8374ac110c4036c77c09ab_000000000579,5.738881
531,11dd74426e8374ac110c4036c77c09ab_000000000580,8.723099
532,11dd74426e8374ac110c4036c77c09ab_000000000581,-7.575323
533,11dd74426e8374ac110c4036c77c09ab_000000000582,92.453372
534,11dd74426e8374ac110c4036c77c09ab_000000000583,-1.319943
535,11dd74426e8374ac110c4036c77c09ab_000000000584,-29.096126
536,11dd74426e8374ac110c4036c77c09ab_000000000585,6.947094
538,11dd74426e8374ac110c4036c77c09ab_000000000593,7.678984
539,11dd74426e8374ac110c4036c77c09ab_000000000594,10.623557
540,11dd74426e8374ac110c4036c77c09ab_000000000595,19.351224
541,11dd74426e8374ac110c4036c77c09ab_000000000596,-2.848665
542,11dd74426e8374ac110c4036c77c09ab_000000000597,-21.540217
543,11dd74426e8374ac110c4036c77c09ab_000000000598,14.509108
544,11dd74426e8374ac110c4036c77c09ab_000000000599,68.767351
545,11dd74426e8374ac110c4036c77c09ab_000000000600,-16.114091
546,11dd74426e8374ac110c4036c77c09ab_000000000601,-7.505774
547,11dd74426e8374ac110c4036c77c09ab_000000000602,79.859970
548,11dd74426e8374ac110c4036c77c09ab_000000000603,-0.119439
549,11dd74426e8374ac110c4036c77c09ab_000000000604,-4.887128
550,11dd74426e8374ac110c4036c77c09ab_000000000605,-77.523419
551,11dd74426e8374ac110c4036c77c09ab_000000000606,10.931806
552,11dd74426e8374ac110c4036c77c09ab_000000000607,-79.216483
553,11dd74426e8374ac110c4036c77c09ab_000000000608,0.284562
554,11dd74426e8374ac110c4036c77c09ab_000000000609,127.021810
555,11dd74426e8374ac110c4036c77c09ab_000000000610,-52.150275
556,11dd74426e8374ac110c4036c77c09ab_000000000611,123.379545
557,11dd74426e8374ac110c4036c77c09ab_000000000612,-1.599427
558,11dd74426e8374ac110c4036c77c09ab_000000000613,-11.405694
559,11dd74426e8374ac110c4036c77c09ab_000000000614,-5.624103
560,11dd74426e8374ac110c4036c77c09ab_000000000615,-5.394548
561,11dd74426e8374ac110c4036c77c09ab_000000000616,27.274230
562,11dd74426e8374ac110c4036c77c09ab_000000000617,7.621247
563,11dd74426e8374ac110c4036c77c09ab_000000000618,30.986875
564,11dd74426e8374ac110c4036c77c09ab_000000000619,-3.213773
565,11dd74426e8374ac110c4036c77c09ab_000000000620,14.540080
566,11dd74426e8374ac110c4036c77c09ab_000000000621,-2.603207
567,11dd74426e8374ac110c4036c77c09ab_000000000622,-3.213773
568,11dd74426e8374ac110c4036c77c09ab_000000000623,-21.922525
569,11dd74426e8374ac110c4036c77c09ab_000000000624,-5.968436
570,11dd74426e8374ac110c4036c77c09ab_000000000625,-153.113343
571,11dd74426e8374ac110c4036c77c09ab_000000000626,-1.721664
572,11dd74426e8374ac110c4036c77c09ab_000000000627,89.469154
573,11dd74426e8374ac110c4036c77c09ab_000000000628,52.239058
574,11dd74426e8374ac110c4036c77c09ab_000000000629,24.866469
575,11dd74426e8374ac110c4036c77c09ab_000000000630,-97.032641
576,11dd74426e8374ac110c4036c77c09ab_000000000631,-12.225519
577,11dd74426e8374ac110c4036c77c09ab_000000000632,1.661721
578,11dd74426e8374ac110c4036c77c09ab_000000000633,3.560831
579,11dd74426e8374ac110c4036c77c09ab_000000000634,-38.338279
580,11dd74426e8374ac110c4036c77c09ab_000000000635,52.759644
581,11dd74426e8374ac110c4036c77c09ab_000000000636,-60.830861
582,11dd74426e8374ac110c4036c77c09ab_000000000637,-9.495549
583,11dd74426e8374ac110c4036c77c09ab_000000000638,1.661721
584,11dd74426e8374ac110c4036c77c09ab_000000000639,-22.757728
585,11dd74426e8374ac110c4036c77c09ab_000000000640,10.100430
586,11dd74426e8374ac110c4036c77c09ab_000000000641,-16.956946
587,11dd74426e8374ac110c4036c77c09ab_000000000642,11.810089
588,11dd74426e8374ac110c4036c77c09ab_000000000643,-6.468843
589,11dd74426e8374ac110c4036c77c09ab_000000000644,-18.397626
590,11dd74426e8374ac110c4036c77c09ab_000000000645,-22.267880
591,11dd74426e8374ac110c4036c77c09ab_000000000646,-17.019954
592,11dd74426e8374ac110c4036c77c09ab_000000000647,-40.827966
593,11dd74426e8374ac110c4036c77c09ab_000000000648,15.783455
594,11dd74426e8374ac110c4036c77c09ab_000000000649,1.839763
595,11dd74426e8374ac110c4036c77c09ab_000000000650,39.041826
596,11dd74426e8374ac110c4036c77c09ab_000000000651,-58.239886
597,11dd74426e8374ac110c4036c77c09ab_000000000652,0.059719
598,11dd74426e8374ac110c4036c77c09ab_000000000653,80.800062
599,11dd74426e8374ac110c4036c77c09ab_000000000654,13.887240
600,11dd74426e8374ac110c4036c77c09ab_000000000655,-35.192878
601,11dd74426e8374ac110c4036c77c09ab_000000000656,-1.364985
602,11dd74426e8374ac110c4036c77c09ab_000000000657,18.196234
603,11dd74426e8374ac110c4036c77c09ab_000000000658,26.538087
604,11dd74426e8374ac110c4036c77c09ab_000000000659,34.764595
605,11dd74426e8374ac110c4036c77c09ab_000000000660,68.479353
606,11dd74426e8374ac110c4036c77c09ab_000000000661,6.202026
607,11dd74426e8374ac110c4036c77c09ab_000000000662,-98.239893
608,11dd74426e8374ac110c4036c77c09ab_000000000663,13.643273
609,11dd74426e8374ac110c4036c77c09ab_000000000664,29.367053
610,11dd74426e8374ac110c4036c77c09ab_000000000665,12.918708
611,11dd74426e8374ac110c4036c77c09ab_000000000666,6.706231
612,11dd74426e8374ac110c4036c77c09ab_000000000667,-22.967359
613,11dd74426e8374ac110c4036c77c09ab_000000000668,-0.652819
614,11dd74426e8374ac110c4036c77c09ab_000000000669,-27.127661
615,11dd74426e8374ac110c4036c77c09ab_000000000670,3.831418
616,11dd74426e8374ac110c4036c77c09ab_000000000671,-120.542293
617,11dd74426e8374ac110c4036c77c09ab_000000000672,-58.119920
618,11dd74426e8374ac110c4036c77c09ab_000000000673,-8.961424
619,11dd74426e8374ac110c4036c77c09ab_000000000674,26.765579
620,11dd74426e8374ac110c4036c77c09ab_000000000675,20.000000
621,11dd74426e8374ac110c4036c77c09ab_000000000676,-39.001478
622,11dd74426e8374ac110c4036c77c09ab_000000000677,-6.496391
623,11dd74426e8374ac110c4036c77c09ab_000000000678,27.151582
624,11dd74426e8374ac110c4036c77c09ab_000000000679,-1.110494
625,11dd74426e8374ac110c4036c77c09ab_000000000680,50.913130
626,11dd74426e8374ac110c4036c77c09ab_000000000681,-3.800563
627,11dd74426e8374ac110c4036c77c09ab_000000000682,-2.801264
628,11dd74426e8374ac110c4036c77c09ab_000000000683,-23.346065
629,11dd74426e8374ac110c4036c77c09ab_000000000684,-1.032999
630,11dd74426e8374ac110c4036c77c09ab_000000000685,-6.994982
631,11dd74426e8374ac110c4036c77c09ab_000000000686,11.758253
632,11dd74426e8374ac110c4036c77c09ab_000000000687,-13.757143
633,11dd74426e8374ac110c4036c77c09ab_000000000688,-15.880067
634,11dd74426e8374ac110c4036c77c09ab_000000000689,-2.720711
635,11dd74426e8374ac110c4036c77c09ab_000000000690,56.792781
636,11dd74426e8374ac110c4036c77c09ab_000000000691,-2.967359
637,11dd74426e8374ac110c4036c77c09ab_000000000692,-19.677726
638,11dd74426e8374ac110c4036c77c09ab_000000000693,-24.771287
639,11dd74426e8374ac110c4036c77c09ab_000000000694,81.244265
640,11dd74426e8374ac110c4036c77c09ab_000000000695,-23.768925
641,11dd74426e8374ac110c4036c77c09ab_000000000696,7.107163
642,11dd74426e8374ac110c4036c77c09ab_000000000697,-5.274847
643,11dd74426e8374ac110c4036c77c09ab_000000000698,0.388673
644,11dd74426e8374ac110c4036c77c09ab_000000000699,-48.837820
645,11dd74426e8374ac110c4036c77c09ab_000000000700,2.611276
646,11dd74426e8374ac110c4036c77c09ab_000000000701,-12.240974
647,11dd74426e8374ac110c4036c77c09ab_000000000702,-8.162132
648,11dd74426e8374ac110c4036c77c09ab_000000000703,47.762279
649,11dd74426e8374ac110c4036c77c09ab_000000000704,31.097800
650,11dd74426e8374ac110c4036c77c09ab_000000000705,7.893175
651,11dd74426e8374ac110c4036c77c09ab_000000000706,-19.937417
652,11dd74426e8374ac110c4036c77c09ab_000000000707,-1.782706
653,11dd74426e8374ac110c4036c77c09ab_000000000708,-67.543767
654,11dd74426e8374ac110c4036c77c09ab_000000000709,-3.365517
655,11dd74426e8374ac110c4036c77c09ab_000000000710,70.670951
656,11dd74426e8374ac110c4036c77c09ab_000000000711,4.747774
657,11dd74426e8374ac110c4036c77c09ab_000000000712,-24.591871
658,11dd74426e8374ac110c4036c77c09ab_000000000713,47.632712
659,11dd74426e8374ac110c4036c77c09ab_000000000714,20.843470
660,11dd74426e8374ac110c4036c77c09ab_000000000715,-69.312818
661,11dd74426e8374ac110c4036c77c09ab_000000000716,5.872292
662,11dd74426e8374ac110c4036c77c09ab_000000000717,3.375687
663,11dd74426e8374ac110c4036c77c09ab_000000000718,13.984683
664,11dd74426e8374ac110c4036c77c09ab_000000000719,3.264095
665,11dd74426e8374ac110c4036c77c09ab_000000000720,23.501484
666,11dd74426e8374ac110c4036c77c09ab_000000000721,-3.798220
667,11dd74426e8374ac110c4036c77c09ab_000000000722,-5.756677
668,11dd74426e8374ac110c4036c77c09ab_000000000723,12.759644
669,11dd74426e8374ac110c4036c77c09ab_000000000724,8.427300
670,11dd74426e8374ac110c4036c77c09ab_000000000725,-18.160237
671,11dd74426e8374ac110c4036c77c09ab_000000000726,0.593472
672,11dd74426e8374ac110c4036c77c09ab_000000000727,16.320475
673,11dd74426e8374ac110c4036c77c09ab_000000000728,-4.272997
674,11dd74426e8374ac110c4036c77c09ab_000000000729,27.181009
675,11dd74426e8374ac110c4036c77c09ab_000000000730,-4.332344
676,11dd74426e8374ac110c4036c77c09ab_000000000731,0.830861
677,11dd74426e8374ac110c4036c77c09ab_000000000732,-1.899110
678,11dd74426e8374ac110c4036c77c09ab_000000000733,1.008902
679,11dd74426e8374ac110c4036c77c09ab_000000000734,-31.397108
680,11dd74426e8374ac110c4036c77c09ab_000000000735,3.266544
681,11dd74426e8374ac110c4036c77c09ab_000000000736,13.946588
682,11dd74426e8374ac110c4036c77c09ab_000000000737,0.712166
683,11dd74426e8374ac110c4036c77c09ab_000000000738,3.648531
684,11dd74426e8374ac110c4036c77c09ab_000000000739,3.772473
685,11dd74426e8374ac110c4036c77c09ab_000000000740,-3.536693
686,11dd74426e8374ac110c4036c77c09ab_000000000741,-26.525199
687,11dd74426e8374ac110c4036c77c09ab_000000000742,1.414677
688,11dd74426e8374ac110c4036c77c09ab_000000000743,24.874742
689,11dd74426e8374ac110c4036c77c09ab_000000000744,-1.650457
690,11dd74426e8374ac110c4036c77c09ab_000000000745,5.069260
691,11dd74426e8374ac110c4036c77c09ab_000000000746,-4.361922
692,11dd74426e8374ac110c4036c77c09ab_000000000747,-18.213970
693,11dd74426e8374ac110c4036c77c09ab_000000000748,-14.323607
694,11dd74426e8374ac110c4036c77c09ab_000000000749,0.058945
695,11dd74426e8374ac110c4036c77c09ab_000000000750,0.884173
696,11dd74426e8374ac110c4036c77c09ab_000000000751,-2.475685
697,11dd74426e8374ac110c4036c77c09ab_000000000752,-25.582081
698,11dd74426e8374ac110c4036c77c09ab_000000000753,-7.073386
699,11dd74426e8374ac110c4036c77c09ab_000000000754,-21.736478
700,11dd74426e8374ac110c4036c77c09ab_000000000755,-56.239676
701,11dd74426e8374ac110c4036c77c09ab_000000000756,17.203976
702,11dd74426e8374ac110c4036c77c09ab_000000000757,-19.684717
703,11dd74426e8374ac110c4036c77c09ab_000000000758,-18.077475
704,11dd74426e8374ac110c4036c77c09ab_000000000759,19.454806
705,11dd74426e8374ac110c4036c77c09ab_000000000760,8.034433
706,11dd74426e8374ac110c4036c77c09ab_000000000761,3.443329
707,11dd74426e8374ac110c4036c77c09ab_000000000762,-37.245337
708,11dd74426e8374ac110c4036c77c09ab_000000000763,-1.979914
709,11dd74426e8374ac110c4036c77c09ab_000000000764,-5.824964
710,11dd74426e8374ac110c4036c77c09ab_000000000765,5.968436
711,11dd74426e8374ac110c4036c77c09ab_000000000766,-41.377331
712,11dd74426e8374ac110c4036c77c09ab_000000000767,15.760636
713,11dd74426e8374ac110c4036c77c09ab_000000000768,9.614243
714,11dd74426e8374ac110c4036c77c09ab_000000000769,-12.864119
715,11dd74426e8374ac110c4036c77c09ab_000000000770,5.107604
716,11dd74426e8374ac110c4036c77c09ab_000000000771,-0.670785
717,11dd74426e8374ac110c4036c77c09ab_000000000772,-0.237389
718,11dd74426e8374ac110c4036c77c09ab_000000000773,-186.236733
719,11dd74426e8374ac110c4036c77c09ab_000000000774,-6.137016
720,11dd74426e8374ac110c4036c77c09ab_000000000775,2.779770
721,11dd74426e8374ac110c4036c77c09ab_000000000776,7.718795
722,11dd74426e8374ac110c4036c77c09ab_000000000777,47.055237
723,11dd74426e8374ac110c4036c77c09ab_000000000778,2.069584
724,11dd74426e8374ac110c4036c77c09ab_000000000779,-5.222382
725,11dd74426e8374ac110c4036c77c09ab_000000000780,70.071736
726,11dd74426e8374ac110c4036c77c09ab_000000000781,11.879484
727,11dd74426e8374ac110c4036c77c09ab_000000000782,65.308465
728,11dd74426e8374ac110c4036c77c09ab_000000000783,12.453372
729,11dd74426e8374ac110c4036c77c09ab_000000000784,24.218077
730,11dd74426e8374ac110c4036c77c09ab_000000000785,13.092056
731,11dd74426e8374ac110c4036c77c09ab_000000000786,4.866469
732,11dd74426e8374ac110c4036c77c09ab_000000000787,-20.770577
733,11dd74426e8374ac110c4036c77c09ab_000000000788,50.846485
734,11dd74426e8374ac110c4036c77c09ab_000000000789,62.921124
735,11dd74426e8374ac110c4036c77c09ab_000000000790,6.172107
736,11dd74426e8374ac110c4036c77c09ab_000000000791,53.590504
737,11dd74426e8374ac110c4036c77c09ab_000000000792,77.151335
738,11dd74426e8374ac110c4036c77c09ab_000000000793,2.908012
739,11dd74426e8374ac110c4036c77c09ab_000000000794,29.376589
740,11dd74426e8374ac110c4036c77c09ab_000000000795,4.956703
741,11dd74426e8374ac110c4036c77c09ab_000000000796,21.737832
742,11dd74426e8374ac110c4036c77c09ab_000000000797,94.611368
743,11dd74426e8374ac110c4036c77c09ab_000000000798,-14.658754
744,11dd74426e8374ac110c4036c77c09ab_000000000799,-9.424098
745,11dd74426e8374ac110c4036c77c09ab_000000000800,-29.600973
746,11dd74426e8374ac110c4036c77c09ab_000000000801,-3.556855
747,11dd74426e8374ac110c4036c77c09ab_000000000802,-5.187150
748,11dd74426e8374ac110c4036c77c09ab_000000000803,-13.752409
749,11dd74426e8374ac110c4036c77c09ab_000000000804,-0.860832
750,11dd74426e8374ac110c4036c77c09ab_000000000805,53.316534
751,11dd74426e8374ac110c4036c77c09ab_000000000806,2.567931
752,11dd74426e8374ac110c4036c77c09ab_000000000807,18.367288
753,11dd74426e8374ac110c4036c77c09ab_000000000808,-19.169139
754,11dd74426e8374ac110c4036c77c09ab_000000000809,25.816024
755,11dd74426e8374ac110c4036c77c09ab_000000000810,24.866469
756,11dd74426e8374ac110c4036c77c09ab_000000000811,8.367953
757,11dd74426e8374ac110c4036c77c09ab_000000000812,-71.255268
758,11dd74426e8374ac110c4036c77c09ab_000000000813,12.961521
759,11dd74426e8374ac110c4036c77c09ab_000000000814,52.180119
760,11dd74426e8374ac110c4036c77c09ab_000000000815,-35.926860
761,11dd74426e8374ac110c4036c77c09ab_000000000816,25.774575
762,11dd74426e8374ac110c4036c77c09ab_000000000817,-13.467025
763,11dd74426e8374ac110c4036c77c09ab_000000000818,-3.442136
764,11dd74426e8374ac110c4036c77c09ab_000000000819,-1.780415
765,11dd74426e8374ac110c4036c77c09ab_000000000820,12.896803
766,11dd74426e8374ac110c4036c77c09ab_000000000821,-18.769330
767,11dd74426e8374ac110c4036c77c09ab_000000000822,-33.419820
768,11dd74426e8374ac110c4036c77c09ab_000000000823,48.194424
769,11dd74426e8374ac110c4036c77c09ab_000000000824,49.554896
770,11dd74426e8374ac110c4036c77c09ab_000000000825,-3.204748
771,11dd74426e8374ac110c4036c77c09ab_000000000826,-120.787764
772,11dd74426e8374ac110c4036c77c09ab_000000000827,135.327823
773,11dd74426e8374ac110c4036c77c09ab_000000000828,-6.587537
774,11dd74426e8374ac110c4036c77c09ab_000000000829,21.864455
775,11dd74426e8374ac110c4036c77c09ab_000000000830,-29.195529
776,11dd74426e8374ac110c4036c77c09ab_000000000831,20.931541
777,11dd74426e8374ac110c4036c77c09ab_000000000832,5.853659
778,11dd74426e8374ac110c4036c77c09ab_000000000833,7.460545
779,11dd74426e8374ac110c4036c77c09ab_000000000834,7.804878
780,11dd74426e8374ac110c4036c77c09ab_000000000835,-4.476327
781,11dd74426e8374ac110c4036c77c09ab_000000000836,-35.131208
782,11dd74426e8374ac110c4036c77c09ab_000000000837,119.190657
783,11dd74426e8374ac110c4036c77c09ab_000000000838,10.860534
784,11dd74426e8374ac110c4036c77c09ab_000000000839,13.353116
785,11dd74426e8374ac110c4036c77c09ab_000000000840,-2.492582
786,11dd74426e8374ac110c4036c77c09ab_000000000841,1.186944
787,11dd74426e8374ac110c4036c77c09ab_000000000842,-129.052850
788,11dd74426e8374ac110c4036c77c09ab_000000000843,-6.719717
789,11dd74426e8374ac110c4036c77c09ab_000000000844,-25.110522
790,11dd74426e8374ac110c4036c77c09ab_000000000845,13.583386
791,11dd74426e8374ac110c4036c77c09ab_000000000846,13.825987
792,11dd74426e8374ac110c4036c77c09ab_000000000847,23.918820
793,11dd74426e8374ac110c4036c77c09ab_000000000848,-0.989260
794,11dd74426e8374ac110c4036c77c09ab_000000000849,-417.378693
795,11dd74426e8374ac110c4036c77c09ab_000000000850,15.103858
796,11dd74426e8374ac110c4036c77c09ab_000000000851,35.964392
797,11dd74426e8374ac110c4036c77c09ab_000000000852,-11.097923
798,11dd74426e8374ac110c4036c77c09ab_000000000853,0.712166
799,11dd74426e8374ac110c4036c77c09ab_000000000854,12.591243
800,11dd74426e8374ac110c4036c77c09ab_000000000855,0.939915
801,11dd74426e8374ac110c4036c77c09ab_000000000856,-0.771513
802,11dd74426e8374ac110c4036c77c09ab_000000000857,9.910979
803,11dd74426e8374ac110c4036c77c09ab_000000000858,-3.323305
804,11dd74426e8374ac110c4036c77c09ab_000000000859,-8.314021
805,11dd74426e8374ac110c4036c77c09ab_000000000860,1.262554
806,11dd74426e8374ac110c4036c77c09ab_000000000861,47.288719
807,11dd74426e8374ac110c4036c77c09ab_000000000862,7.002967
808,11dd74426e8374ac110c4036c77c09ab_000000000863,-102.924386
809,11dd74426e8374ac110c4036c77c09ab_000000000864,10.775638
810,11dd74426e8374ac110c4036c77c09ab_000000000865,89.774861
811,11dd74426e8374ac110c4036c77c09ab_000000000866,-84.464133
812,11dd74426e8374ac110c4036c77c09ab_000000000867,89.508643
813,11dd74426e8374ac110c4036c77c09ab_000000000868,18.219585
814,11dd74426e8374ac110c4036c77c09ab_000000000869,6.646884
815,11dd74426e8374ac110c4036c77c09ab_000000000870,-53.887240
816,11dd74426e8374ac110c4036c77c09ab_000000000871,-4.332344
817,11dd74426e8374ac110c4036c77c09ab_000000000872,15.192878
818,11dd74426e8374ac110c4036c77c09ab_000000000873,5.519288
819,11dd74426e8374ac110c4036c77c09ab_000000000874,19.287834
820,11dd74426e8374ac110c4036c77c09ab_000000000875,14.658754
821,11dd74426e8374ac110c4036c77c09ab_000000000876,1.246291
822,11dd74426e8374ac110c4036c77c09ab_000000000877,21.127596
823,11dd74426e8374ac110c4036c77c09ab_000000000878,-10.682493
824,11dd74426e8374ac110c4036c77c09ab_000000000879,9.258160
825,11dd74426e8374ac110c4036c77c09ab_000000000880,4.510386
826,11dd74426e8374ac110c4036c77c09ab_000000000881,-9.016253
827,11dd74426e8374ac110c4036c77c09ab_000000000882,-86.352196
828,11dd74426e8374ac110c4036c77c09ab_000000000883,-2.942810
829,11dd74426e8374ac110c4036c77c09ab_000000000884,47.153988
830,11dd74426e8374ac110c4036c77c09ab_000000000891,11.988131
831,11dd74426e8374ac110c4036c77c09ab_000000000892,-4.154303
832,11dd74426e8374ac110c4036c77c09ab_000000000893,-149.730128
833,11dd74426e8374ac110c4036c77c09ab_000000000894,-9.153515
834,11dd74426e8374ac110c4036c77c09ab_000000000895,5.566714
835,11dd74426e8374ac110c4036c77c09ab_000000000896,23.049866
836,11dd74426e8374ac110c4036c77c09ab_000000000897,1.543027
837,11dd74426e8374ac110c4036c77c09ab_000000000898,-5.138087
838,11dd74426e8374ac110c4036c77c09ab_000000000899,2.984218
839,11dd74426e8374ac110c4036c77c09ab_000000000900,-46.886657
840,11dd74426e8374ac110c4036c77c09ab_000000000901,4.131994
841,11dd74426e8374ac110c4036c77c09ab_000000000902,39.713056
842,11dd74426e8374ac110c4036c77c09ab_000000000903,4.533716
843,11dd74426e8374ac110c4036c77c09ab_000000000904,-26.456241
844,11dd74426e8374ac110c4036c77c09ab_000000000905,-55.840268
845,11dd74426e8374ac110c4036c77c09ab_000000000906,17.438519
846,11dd74426e8374ac110c4036c77c09ab_000000000907,13.735897
847,11dd74426e8374ac110c4036c77c09ab_000000000908,-21.822091
848,11dd74426e8374ac110c4036c77c09ab_000000000909,-9.352325
849,11dd74426e8374ac110c4036c77c09ab_000000000910,-7.041118
850,11dd74426e8374ac110c4036c77c09ab_000000000911,3.386187
851,11dd74426e8374ac110c4036c77c09ab_000000000912,53.464355
852,11dd74426e8374ac110c4036c77c09ab_000000000913,-20.766241
853,11dd74426e8374ac110c4036c77c09ab_000000000914,-25.254054
854,11dd74426e8374ac110c4036c77c09ab_000000000915,-19.643917
855,11dd74426e8374ac110c4036c77c09ab_000000000916,-98.966548
856,11dd74426e8374ac110c4036c77c09ab_000000000917,-18.822876
857,11dd74426e8374ac110c4036c77c09ab_000000000918,-45.141588
858,11dd74426e8374ac110c4036c77c09ab_000000000919,1.776791
859,11dd74426e8374ac110c4036c77c09ab_000000000920,10.467642
860,11dd74426e8374ac110c4036c77c09ab_000000000921,18.849404
861,11dd74426e8374ac110c4036c77c09ab_000000000922,-13.178769
862,11dd74426e8374ac110c4036c77c09ab_000000000923,42.912251
863,11dd74426e8374ac110c4036c77c09ab_000000000924,-4.580788
864,11dd74426e8374ac110c4036c77c09ab_000000000925,-2.498612
865,11dd74426e8374ac110c4036c77c09ab_000000000926,13.714603
866,11dd74426e8374ac110c4036c77c09ab_000000000927,-0.721821
867,11dd74426e8374ac110c4036c77c09ab_000000000928,-24.319822
868,11dd74426e8374ac110c4036c77c09ab_000000000929,-5.163798
869,11dd74426e8374ac110c4036c77c09ab_000000000930,-11.440910
870,11dd74426e8374ac110c4036c77c09ab_000000000931,0.913733
871,11dd74426e8374ac110c4036c77c09ab_000000000932,-19.027143
872,11dd74426e8374ac110c4036c77c09ab_000000000933,-8.868584
873,11dd74426e8374ac110c4036c77c09ab_000000000934,12.485869
874,11dd74426e8374ac110c4036c77c09ab_000000000935,-3.564756
875,11dd74426e8374ac110c4036c77c09ab_000000000936,16.960287
876,11dd74426e8374ac110c4036c77c09ab_000000000937,-6.155519
877,11dd74426e8374ac110c4036c77c09ab_000000000938,-25.692018
878,11dd74426e8374ac110c4036c77c09ab_000000000939,49.341575
879,11dd74426e8374ac110c4036c77c09ab_000000000940,-0.322494
880,11dd74426e8374ac110c4036c77c09ab_000000000941,-89.330825
881,11dd74426e8374ac110c4036c77c09ab_000000000942,26.732991
882,11dd74426e8374ac110c4036c77c09ab_000000000943,26.312352
883,11dd74426e8374ac110c4036c77c09ab_000000000944,7.952522
884,11dd74426e8374ac110c4036c77c09ab_000000000945,0.652819
885,11dd74426e8374ac110c4036c77c09ab_000000000946,13.768546
886,11dd74426e8374ac110c4036c77c09ab_000000000947,19.742313
887,11dd74426e8374ac110c4036c77c09ab_000000000948,6.785877
888,11dd74426e8374ac110c4036c77c09ab_000000000949,-11.194440
889,11dd74426e8374ac110c4036c77c09ab_000000000950,-0.943920
890,11dd74426e8374ac110c4036c77c09ab_000000000951,13.843424
891,11dd74426e8374ac110c4036c77c09ab_000000000952,0.412614
892,11dd74426e8374ac110c4036c77c09ab_000000000953,5.657635
893,11dd74426e8374ac110c4036c77c09ab_000000000954,-4.125068
894,11dd74426e8374ac110c4036c77c09ab_000000000955,29.118774
895,11dd74426e8374ac110c4036c77c09ab_000000000956,4.774536
896,11dd74426e8374ac110c4036c77c09ab_000000000957,-4.008252
897,11dd74426e8374ac110c4036c77c09ab_000000000958,-6.248158
898,11dd74426e8374ac110c4036c77c09ab_000000000959,-4.656646
899,11dd74426e8374ac110c4036c77c09ab_000000000960,17.683466
900,11dd74426e8374ac110c4036c77c09ab_000000000961,-6.424993
901,11dd74426e8374ac110c4036c77c09ab_000000000962,-12.702028
902,11dd74426e8374ac110c4036c77c09ab_000000000963,-7.486595
903,11dd74426e8374ac110c4036c77c09ab_000000000964,-4.273504
904,11dd74426e8374ac110c4036c77c09ab_000000000965,-40.907751
905,11dd74426e8374ac110c4036c77c09ab_000000000966,2.416740
906,11dd74426e8374ac110c4036c77c09ab_000000000967,17.966244
907,11dd74426e8374ac110c4036c77c09ab_000000000968,-3.086053
908,11dd74426e8374ac110c4036c77c09ab_000000000969,13.177575
909,11dd74426e8374ac110c4036c77c09ab_000000000970,-1.355732
910,11dd74426e8374ac110c4036c77c09ab_000000000971,3.890363
911,11dd74426e8374ac110c4036c77c09ab_000000000972,5.830821
912,11dd74426e8374ac110c4036c77c09ab_000000000973,-0.652819
913,11dd74426e8374ac110c4036c77c09ab_000000000974,11.798125
914,11dd74426e8374ac110c4036c77c09ab_000000000975,12.496316
915,11dd74426e8374ac110c4036c77c09ab_000000000976,38.850960
916,11dd74426e8374ac110c4036c77c09ab_000000000977,2.195846
917,11dd74426e8374ac110c4036c77c09ab_000000000978,-15.877339
918,11dd74426e8374ac110c4036c77c09ab_000000000979,61.597406
919,11dd74426e8374ac110c4036c77c09ab_000000000980,-21.043324
920,11dd74426e8374ac110c4036c77c09ab_000000000981,-18.639168
921,11dd74426e8374ac110c4036c77c09ab_000000000982,30.342247
922,11dd74426e8374ac110c4036c77c09ab_000000000983,-39.441753
923,11dd74426e8374ac110c4036c77c09ab_000000000984,-20.754005
924,11dd74426e8374ac110c4036c77c09ab_000000000985,34.599274
925,11dd74426e8374ac110c4036c77c09ab_000000000986,23.756721
926,11dd74426e8374ac110c4036c77c09ab_000000000987,3.620178
927,11dd74426e8374ac110c4036c77c09ab_000000000988,-42.255193
928,11dd74426e8374ac110c4036c77c09ab_000000000989,-1.008902
929,11dd74426e8374ac110c4036c77c09ab_000000000990,-80.091581
930,11dd74426e8374ac110c4036c77c09ab_000000000991,-16.810947
931,11dd74426e8374ac110c4036c77c09ab_000000000992,13.309020
932,11dd74426e8374ac110c4036c77c09ab_000000000993,1.552702
933,11dd74426e8374ac110c4036c77c09ab_000000000994,-12.139690
934,11dd74426e8374ac110c4036c77c09ab_000000000995,21.895629
935,11dd74426e8374ac110c4036c77c09ab_000000000996,-13.649852
936,11dd74426e8374ac110c4036c77c09ab_000000000997,4.191594
937,11dd74426e8374ac110c4036c77c09ab_000000000998,1.061008
938,11dd74426e8374ac110c4036c77c09ab_000000000999,114.495173
939,11dd74426e8374ac110c4036c77c09ab_000000001000,-14.762611
940,11dd74426e8374ac110c4036c77c09ab_000000001001,19.866613
941,11dd74426e8374ac110c4036c77c09ab_000000001002,39.985019
942,11dd74426e8374ac110c4036c77c09ab_000000001003,-0.992976
943,11dd74426e8374ac110c4036c77c09ab_000000001004,19.776359
944,11dd74426e8374ac110c4036c77c09ab_000000001005,13.798220
945,11dd74426e8374ac110c4036c77c09ab_000000001006,30.000000
946,11dd74426e8374ac110c4036c77c09ab_000000001007,-13.056380
947,11dd74426e8374ac110c4036c77c09ab_000000001008,18.516320
948,11dd74426e8374ac110c4036c77c09ab_000000001009,11.127596
949,11dd74426e8374ac110c4036c77c09ab_000000001010,8.872404
950,11dd74426e8374ac110c4036c77c09ab_000000001011,-5.816024
951,11dd74426e8374ac110c4036c77c09ab_000000001012,-6.442781
952,11dd74426e8374ac110c4036c77c09ab_000000001013,-2.122016
953,11dd74426e8374ac110c4036c77c09ab_000000001014,1.827291
954,11dd74426e8374ac110c4036c77c09ab_000000001015,-34.822042
955,11dd74426e8374ac110c4036c77c09ab_000000001016,93.324842
956,11dd74426e8374ac110c4036c77c09ab_000000001017,-78.260644
957,11dd74426e8374ac110c4036c77c09ab_000000001018,-110.203019
958,11dd74426e8374ac110c4036c77c09ab_000000001019,111.098500
959,11dd74426e8374ac110c4036c77c09ab_000000001020,-7.132331
960,11dd74426e8374ac110c4036c77c09ab_000000001021,9.942883
961,11dd74426e8374ac110c4036c77c09ab_000000001022,-44.629080
962,11dd74426e8374ac110c4036c77c09ab_000000001023,-11.869436
963,11dd74426e8374ac110c4036c77c09ab_000000001024,5.816024
964,11dd74426e8374ac110c4036c77c09ab_000000001025,-27.062315
965,11dd74426e8374ac110c4036c77c09ab_000000001026,1.886475
966,11dd74426e8374ac110c4036c77c09ab_000000001027,7.046880
967,11dd74426e8374ac110c4036c77c09ab_000000001028,-0.597193
968,11dd74426e8374ac110c4036c77c09ab_000000001029,-11.125479
969,11dd74426e8374ac110c4036c77c09ab_000000001030,-2.492582
970,11dd74426e8374ac110c4036c77c09ab_000000001031,11.527884
971,11dd74426e8374ac110c4036c77c09ab_000000001032,-101.811949
972,11dd74426e8374ac110c4036c77c09ab_000000001033,18.191099
973,11dd74426e8374ac110c4036c77c09ab_000000001034,25.920858
974,11dd74426e8374ac110c4036c77c09ab_000000001035,0.395988
975,11dd74426e8374ac110c4036c77c09ab_000000001036,-3.109384
976,11dd74426e8374ac110c4036c77c09ab_000000001037,11.624498
977,11dd74426e8374ac110c4036c77c09ab_000000001038,-61.437712
978,11dd74426e8374ac110c4036c77c09ab_000000001039,105.244313
979,11dd74426e8374ac110c4036c77c09ab_000000001040,4.849885
980,11dd74426e8374ac110c4036c77c09ab_000000001041,12.759815
981,11dd74426e8374ac110c4036c77c09ab_000000001042,-32.274827
982,11dd74426e8374ac110c4036c77c09ab_000000001043,-21.251789
983,11dd74426e8374ac110c4036c77c09ab_000000001044,5.333706
984,11dd74426e8374ac110c4036c77c09ab_000000001045,-18.349156
985,11dd74426e8374ac110c4036c77c09ab_000000001050,-67.405515
986,11dd74426e8374ac110c4036c77c09ab_000000001051,-26.528190
987,11dd74426e8374ac110c4036c77c09ab_000000001052,235.192878
988,11dd74426e8374ac110c4036c77c09ab_000000001053,-44.035608
989,11dd74426e8374ac110c4036c77c09ab_000000001054,-28.961424
990,11dd74426e8374ac110c4036c77c09ab_000000001055,-33.768546
991,11dd74426e8374ac110c4036c77c09ab_000000001056,-10.979228
992,11dd74426e8374ac110c4036c77c09ab_000000001057,48.976271
993,11dd74426e8374ac110c4036c77c09ab_000000001058,0.349650
994,11dd74426e8374ac110c4036c77c09ab_000000001059,-41.164836
995,11dd74426e8374ac110c4036c77c09ab_000000001060,-3.131716
996,11dd74426e8374ac110c4036c77c09ab_000000001061,-26.466073
997,11dd74426e8374ac110c4036c77c09ab_000000001062,10.958094
998,11dd74426e8374ac110c4036c77c09ab_000000001063,-5.438813
999,11dd74426e8374ac110c4036c77c09ab_000000001064,20.271324
1000,11dd74426e8374ac110c4036c77c09ab_000000001065,-6.509057
1001,11dd74426e8374ac110c4036c77c09ab_000000001066,-0.368437
1002,11dd74426e8374ac110c4036c77c09ab_000000001067,-1.842186
1003,11dd74426e8374ac110c4036c77c09ab_000000001068,-37.212158
1004,11dd74426e8374ac110c4036c77c09ab_000000001069,4.052809
1005,11dd74426e8374ac110c4036c77c09ab_000000001070,-0.030703
1006,11dd74426e8374ac110c4036c77c09ab_000000001071,15.781394
1007,11dd74426e8374ac110c4036c77c09ab_000000001072,-4.513356
1008,11dd74426e8374ac110c4036c77c09ab_000000001073,-28.202930
1009,11dd74426e8374ac110c4036c77c09ab_000000001074,-6.061511
1010,11dd74426e8374ac110c4036c77c09ab_000000001075,7.362324
1011,11dd74426e8374ac110c4036c77c09ab_000000001076,33.656799
1012,11dd74426e8374ac110c4036c77c09ab_000000001077,-19.932763
1013,11dd74426e8374ac110c4036c77c09ab_000000001078,-67.509669
1014,11dd74426e8374ac110c4036c77c09ab_000000001079,-6.199530
1015,11dd74426e8374ac110c4036c77c09ab_000000001080,17.179423
1016,11dd74426e8374ac110c4036c77c09ab_000000001081,-9.642331
1017,11dd74426e8374ac110c4036c77c09ab_000000001082,31.810089
1018,11dd74426e8374ac110c4036c77c09ab_000000001083,5.459941
1019,11dd74426e8374ac110c4036c77c09ab_000000001084,-2.729970
1020,11dd74426e8374ac110c4036c77c09ab_000000001085,88.731454
1021,11dd74426e8374ac110c4036c77c09ab_000000001086,-32.240356
1022,11dd74426e8374ac110c4036c77c09ab_000000001087,36.379822
1023,11dd74426e8374ac110c4036c77c09ab_000000001088,-4.480712
1024,11dd74426e8374ac110c4036c77c09ab_000000001089,16.557864
1025,11dd74426e8374ac110c4036c77c09ab_000000001090,5.734421
1026,11dd74426e8374ac110c4036c77c09ab_000000001091,6.053412
1027,11dd74426e8374ac110c4036c77c09ab_000000001092,-23.887481
1028,11dd74426e8374ac110c4036c77c09ab_000000001093,16.385135
1029,11dd74426e8374ac110c4036c77c09ab_000000001094,68.331333
1030,11dd74426e8374ac110c4036c77c09ab_000000001095,-15.911710
1031,11dd74426e8374ac110c4036c77c09ab_000000001096,-53.050824
1032,11dd74426e8374ac110c4036c77c09ab_000000001097,-7.937727
1033,11dd74426e8374ac110c4036c77c09ab_000000001098,-19.114772
1034,11dd74426e8374ac110c4036c77c09ab_000000001099,-15.577506
1035,11dd74426e8374ac110c4036c77c09ab_000000001100,-5.437590
1036,11dd74426e8374ac110c4036c77c09ab_000000001101,-30.721455
1037,11dd74426e8374ac110c4036c77c09ab_000000001102,27.762354
1038,11dd74426e8374ac110c4036c77c09ab_000000001103,24.264298
1039,11dd74426e8374ac110c4036c77c09ab_000000001104,-14.513526
1040,11dd74426e8374ac110c4036c77c09ab_000000001105,32.142621
1041,11dd74426e8374ac110c4036c77c09ab_000000001106,52.500428
1042,11dd74426e8374ac110c4036c77c09ab_000000001107,-19.741750
1043,11dd74426e8374ac110c4036c77c09ab_000000001108,78.873749
1044,11dd74426e8374ac110c4036c77c09ab_000000001109,24.311330
1045,11dd74426e8374ac110c4036c77c09ab_000000001110,-144.677188
1046,11dd74426e8374ac110c4036c77c09ab_000000001111,-16.614060
1047,11dd74426e8374ac110c4036c77c09ab_000000001119,5.872200
1048,11dd74426e8374ac110c4036c77c09ab_000000001120,-26.637979
1049,11dd74426e8374ac110c4036c77c09ab_000000001121,129.356166
1050,11dd74426e8374ac110c4036c77c09ab_000000001122,-13.956241
1051,11dd74426e8374ac110c4036c77c09ab_000000001123,5.251076
1052,11dd74426e8374ac110c4036c77c09ab_000000001124,4.002444
1053,11dd74426e8374ac110c4036c77c09ab_000000001125,-1.881414
1054,11dd74426e8374ac110c4036c77c09ab_000000001126,48.296750
1055,11dd74426e8374ac110c4036c77c09ab_000000001127,8.420096
1056,11dd74426e8374ac110c4036c77c09ab_000000001128,-11.987088
1057,11dd74426e8374ac110c4036c77c09ab_000000001129,-0.824964
1058,11dd74426e8374ac110c4036c77c09ab_000000001130,3.127690
1059,11dd74426e8374ac110c4036c77c09ab_000000001131,16.728838
1060,11dd74426e8374ac110c4036c77c09ab_000000001132,-3.558106
1061,11dd74426e8374ac110c4036c77c09ab_000000001133,-0.430416
1062,11dd74426e8374ac110c4036c77c09ab_000000001134,4.708385
1063,11dd74426e8374ac110c4036c77c09ab_000000001135,0.915718
1064,11dd74426e8374ac110c4036c77c09ab_000000001136,-21.205165
1065,11dd74426e8374ac110c4036c77c09ab_000000001137,1.205165
1066,11dd74426e8374ac110c4036c77c09ab_000000001138,42.759904
1067,11dd74426e8374ac110c4036c77c09ab_000000001139,0.685234
1068,11dd74426e8374ac110c4036c77c09ab_000000001140,-57.866156
1069,11dd74426e8374ac110c4036c77c09ab_000000001141,6.496391
1070,11dd74426e8374ac110c4036c77c09ab_000000001142,-7.695049
1071,11dd74426e8374ac110c4036c77c09ab_000000001143,64.836795
1072,11dd74426e8374ac110c4036c77c09ab_000000001144,-10.148368
1073,11dd74426e8374ac110c4036c77c09ab_000000001145,-22.789318
1074,11dd74426e8374ac110c4036c77c09ab_000000001146,-5.697329
1075,11dd74426e8374ac110c4036c77c09ab_000000001147,-41.105288
1076,11dd74426e8374ac110c4036c77c09ab_000000001148,43.538522
1077,11dd74426e8374ac110c4036c77c09ab_000000001149,77.033962
1078,11dd74426e8374ac110c4036c77c09ab_000000001150,-28.191232
1079,11dd74426e8374ac110c4036c77c09ab_000000001151,-19.836795
1080,11dd74426e8374ac110c4036c77c09ab_000000001152,-20.017338
1081,11dd74426e8374ac110c4036c77c09ab_000000001153,10.418509
1082,11dd74426e8374ac110c4036c77c09ab_000000001154,-3.027119
1083,11dd74426e8374ac110c4036c77c09ab_000000001155,-28.596812
1084,11dd74426e8374ac110c4036c77c09ab_000000001156,150.124838
1085,11dd74426e8374ac110c4036c77c09ab_000000001157,-7.848665
1086,11dd74426e8374ac110c4036c77c09ab_000000001158,-140.437714
1087,11dd74426e8374ac110c4036c77c09ab_000000001159,-42.699313
1088,11dd74426e8374ac110c4036c77c09ab_000000001160,-3.762317
1089,11dd74426e8374ac110c4036c77c09ab_000000001161,-42.340997
1090,11dd74426e8374ac110c4036c77c09ab_000000001162,-0.776351
1091,11dd74426e8374ac110c4036c77c09ab_000000001163,48.221441
1092,11dd74426e8374ac110c4036c77c09ab_000000001164,2.737470
1093,11dd74426e8374ac110c4036c77c09ab_000000001165,19.201297
1094,11dd74426e8374ac110c4036c77c09ab_000000001166,-8.125710
1095,11dd74426e8374ac110c4036c77c09ab_000000001167,-8.902077
1096,11dd74426e8374ac110c4036c77c09ab_000000001168,0.729526
1097,11dd74426e8374ac110c4036c77c09ab_000000001169,-4.671382
1098,11dd74426e8374ac110c4036c77c09ab_000000001170,-2.623047
1099,11dd74426e8374ac110c4036c77c09ab_000000001171,-11.582670
1100,11dd74426e8374ac110c4036c77c09ab_000000001172,71.619384
1101,11dd74426e8374ac110c4036c77c09ab_000000001173,-59.034651
1102,11dd74426e8374ac110c4036c77c09ab_000000001174,-0.058945
1103,11dd74426e8374ac110c4036c77c09ab_000000001175,44.734246
1104,11dd74426e8374ac110c4036c77c09ab_000000001176,-21.089312
1105,11dd74426e8374ac110c4036c77c09ab_000000001177,34.249030
1106,11dd74426e8374ac110c4036c77c09ab_000000001178,-9.316214
1107,11dd74426e8374ac110c4036c77c09ab_000000001179,-40.609137
1108,11dd74426e8374ac110c4036c77c09ab_000000001180,-6.352762
1109,11dd74426e8374ac110c4036c77c09ab_000000001181,-12.908012
1110,11dd74426e8374ac110c4036c77c09ab_000000001182,-38.160237
1111,11dd74426e8374ac110c4036c77c09ab_000000001183,5.539853
1112,11dd74426e8374ac110c4036c77c09ab_000000001184,15.350355
1113,11dd74426e8374ac110c4036c77c09ab_000000001185,-2.789318
1114,11dd74426e8374ac110c4036c77c09ab_000000001186,15.790709
1115,11dd74426e8374ac110c4036c77c09ab_000000001187,1.194386
1116,11dd74426e8374ac110c4036c77c09ab_000000001188,-40.486580
1117,11dd74426e8374ac110c4036c77c09ab_000000001189,-6.512525
1118,11dd74426e8374ac110c4036c77c09ab_000000001190,-5.971932
1119,11dd74426e8374ac110c4036c77c09ab_000000001191,-4.777546
1120,11dd74426e8374ac110c4036c77c09ab_000000001192,5.494177
1121,11dd74426e8374ac110c4036c77c09ab_000000001193,-8.778740
1122,11dd74426e8374ac110c4036c77c09ab_000000001194,9.480442
1123,11dd74426e8374ac110c4036c77c09ab_000000001195,101.149597
1124,11dd74426e8374ac110c4036c77c09ab_000000001196,-185.849403
1125,11dd74426e8374ac110c4036c77c09ab_000000001197,0.722075
1126,11dd74426e8374ac110c4036c77c09ab_000000001198,-29.125285
1127,11dd74426e8374ac110c4036c77c09ab_000000001199,4.109792
1128,11dd74426e8374ac110c4036c77c09ab_000000001200,32.970531
1129,11dd74426e8374ac110c4036c77c09ab_000000001201,14.586444
1130,11dd74426e8374ac110c4036c77c09ab_000000001202,-2.625028
1131,11dd74426e8374ac110c4036c77c09ab_000000001203,-24.906743
1132,11dd74426e8374ac110c4036c77c09ab_000000001204,-69.526542
1133,11dd74426e8374ac110c4036c77c09ab_000000001205,-29.956958
1134,11dd74426e8374ac110c4036c77c09ab_000000001206,-0.502152
1135,11dd74426e8374ac110c4036c77c09ab_000000001207,-10.215208
1136,11dd74426e8374ac110c4036c77c09ab_000000001208,8.220947
1137,11dd74426e8374ac110c4036c77c09ab_000000001209,-11.667848
1138,11dd74426e8374ac110c4036c77c09ab_000000001210,-8.634596
1139,11dd74426e8374ac110c4036c77c09ab_000000001211,11.452475
1140,11dd74426e8374ac110c4036c77c09ab_000000001212,-21.876735
1141,11dd74426e8374ac110c4036c77c09ab_000000001213,-11.962195
1142,11dd74426e8374ac110c4036c77c09ab_000000001214,-2.499328
1143,11dd74426e8374ac110c4036c77c09ab_000000001215,-9.701693
1144,11dd74426e8374ac110c4036c77c09ab_000000001216,10.504138
1145,11dd74426e8374ac110c4036c77c09ab_000000001217,-0.166574
1146,11dd74426e8374ac110c4036c77c09ab_000000001218,-15.304171
1147,11dd74426e8374ac110c4036c77c09ab_000000001219,11.627487
1148,11dd74426e8374ac110c4036c77c09ab_000000001220,-4.575257
1149,11dd74426e8374ac110c4036c77c09ab_000000001221,-6.784493
1150,11dd74426e8374ac110c4036c77c09ab_000000001222,-1.810148
1151,11dd74426e8374ac110c4036c77c09ab_000000001223,1.944132
1152,11dd74426e8374ac110c4036c77c09ab_000000001224,0.977761
1153,11dd74426e8374ac110c4036c77c09ab_000000001225,1.111745
1154,11dd74426e8374ac110c4036c77c09ab_000000001226,4.245827
1155,11dd74426e8374ac110c4036c77c09ab_000000001227,-2.195846
1156,11dd74426e8374ac110c4036c77c09ab_000000001228,-42.186812
1157,11dd74426e8374ac110c4036c77c09ab_000000001229,-1.111745
1158,11dd74426e8374ac110c4036c77c09ab_000000001230,0.883694
1159,11dd74426e8374ac110c4036c77c09ab_000000001231,-1.868097
