frame_id,frame_name,delta_area_nm2_per_frame
1,11dd74426e8374ac110c4036c77c09ab_000000000001,-52.537669
2,11dd74426e8374ac110c4036c77c09ab_000000000002,137.034100
3,11dd74426e8374ac110c4036c77c09ab_000000000003,23.314830
4,11dd74426e8374ac110c4036c77c09ab_000000000004,-235.400615
5,11dd74426e8374ac110c4036c77c09ab_000000000005,7.172835
6,11dd74426e8374ac110c4036c77c09ab_000000000006,-17.662783
7,11dd74426e8374ac110c4036c77c09ab_000000000007,39.104980
8,11dd74426e8374ac110c4036c77c09ab_000000000008,-1.755055
9,11dd74426e8374ac110c4036c77c09ab_000000000009,175.075134
10,11dd74426e8374ac110c4036c77c09ab_000000000010,-12.926249
11,11dd74426e8374ac110c4036c77c09ab_000000000011,7.216495
12,11dd74426e8374ac110c4036c77c09ab_000000000012,-9.040444
13,11dd74426e8374ac110c4036c77c09ab_000000000013,-36.326462
14,11dd74426e8374ac110c4036c77c09ab_000000000014,-22.720336
15,11dd74426e8374ac110c4036c77c09ab_000000000015,-17.188096
16,11dd74426e8374ac110c4036c77c09ab_000000000016,4.120565
17,11dd74426e8374ac110c4036c77c09ab_000000000017,-93.198355
18,11dd74426e8374ac110c4036c77c09ab_000000000018,-14.107274
19,11dd74426e8374ac110c4036c77c09ab_000000000019,-7.347539
20,11dd74426e8374ac110c4036c77c09ab_000000000020,77.797006
21,11dd74426e8374ac110c4036c77c09ab_000000000021,21.823731
22,11dd74426e8374ac110c4036c77c09ab_000000000022,-110.492179
23,11dd74426e8374ac110c4036c77c09ab_000000000023,-70.354826
24,11dd74426e8374ac110c4036c77c09ab_000000000024,7.096528
25,11dd74426e8374ac110c4036c77c09ab_000000000025,2.212896
26,11dd74426e8374ac110c4036c77c09ab_000000000026,-14.803510
27,11dd74426e8374ac110c4036c77c09ab_000000000027,5.723006
28,11dd74426e8374ac110c4036c77c09ab_000000000028,-7.478062
29,11dd74426e8374ac110c4036c77c09ab_000000000029,-26.707364
30,11dd74426e8374ac110c4036c77c09ab_000000000030,-15.185044
31,11dd74426e8374ac110c4036c77c09ab_000000000031,-5.723006
32,11dd74426e8374ac110c4036c77c09ab_000000000032,-16.100725
33,11dd74426e8374ac110c4036c77c09ab_000000000033,14.421976
34,11dd74426e8374ac110c4036c77c09ab_000000000034,-83.464814
35,11dd74426e8374ac110c4036c77c09ab_000000000035,32.696547
36,11dd74426e8374ac110c4036c77c09ab_000000000036,-8.449669
37,11dd74426e8374ac110c4036c77c09ab_000000000037,-25.789860
38,11dd74426e8374ac110c4036c77c09ab_000000000038,-10.213079
39,11dd74426e8374ac110c4036c77c09ab_000000000039,-6.906686
40,11dd74426e8374ac110c4036c77c09ab_000000000040,31.741367
41,11dd74426e8374ac110c4036c77c09ab_000000000041,72.064944
42,11dd74426e8374ac110c4036c77c09ab_000000000042,-6.257154
43,11dd74426e8374ac110c4036c77c09ab_000000000043,-796.375429
44,11dd74426e8374ac110c4036c77c09ab_000000000044,2.479969
45,11dd74426e8374ac110c4036c77c09ab_000000000045,11.980160
46,11dd74426e8374ac110c4036c77c09ab_000000000046,-14.727203
47,11dd74426e8374ac110c4036c77c09ab_000000000047,11.369706
48,11dd74426e8374ac110c4036c77c09ab_000000000048,3.739031
49,11dd74426e8374ac110c4036c77c09ab_000000000049,-55.398198
50,11dd74426e8374ac110c4036c77c09ab_000000000050,68.141807
51,11dd74426e8374ac110c4036c77c09ab_000000000051,2.230769
52,11dd74426e8374ac110c4036c77c09ab_000000000052,-16.882047
53,11dd74426e8374ac110c4036c77c09ab_000000000059,62.895841
54,11dd74426e8374ac110c4036c77c09ab_000000000060,-62.056467
55,11dd74426e8374ac110c4036c77c09ab_000000000061,-3.204884
56,11dd74426e8374ac110c4036c77c09ab_000000000062,3.510111
57,11dd74426e8374ac110c4036c77c09ab_000000000063,-144.830217
58,11dd74426e8374ac110c4036c77c09ab_000000000064,-19.839756
59,11dd74426e8374ac110c4036c77c09ab_000000000065,15.490271
60,11dd74426e8374ac110c4036c77c09ab_000000000066,58.756200
61,11dd74426e8374ac110c4036c77c09ab_000000000067,59.366654
62,11dd74426e8374ac110c4036c77c09ab_000000000068,-10.301412
63,11dd74426e8374ac110c4036c77c09ab_000000000069,-18.542541
64,11dd74426e8374ac110c4036c77c09ab_000000000070,4.349485
65,11dd74426e8374ac110c4036c77c09ab_000000000071,-9.538344
66,11dd74426e8374ac110c4036c77c09ab_000000000072,-2.289203
67,11dd74426e8374ac110c4036c77c09ab_000000000073,-65.434078
68,11dd74426e8374ac110c4036c77c09ab_000000000074,-9.404849
69,11dd74426e8374ac110c4036c77c09ab_000000000075,-5.437179
70,11dd74426e8374ac110c4036c77c09ab_000000000076,36.933870
71,11dd74426e8374ac110c4036c77c09ab_000000000077,2.365509
72,11dd74426e8374ac110c4036c77c09ab_000000000078,-61.350630
73,11dd74426e8374ac110c4036c77c09ab_000000000079,-1.449828
74,11dd74426e8374ac110c4036c77c09ab_000000000080,-22.788415
75,11dd74426e8374ac110c4036c77c09ab_000000000081,-31.300514
76,11dd74426e8374ac110c4036c77c09ab_000000000082,0.661278
77,11dd74426e8374ac110c4036c77c09ab_000000000083,-63.703159
78,11dd74426e8374ac110c4036c77c09ab_000000000084,-5.143277
79,11dd74426e8374ac110c4036c77c09ab_000000000085,-19.617928
80,11dd74426e8374ac110c4036c77c09ab_000000000086,1.396032
81,11dd74426e8374ac110c4036c77c09ab_000000000087,13.592946
82,11dd74426e8374ac110c4036c77c09ab_000000000088,-6.980162
83,11dd74426e8374ac110c4036c77c09ab_000000000089,37.031594
84,11dd74426e8374ac110c4036c77c09ab_000000000090,13.152094
85,11dd74426e8374ac110c4036c77c09ab_000000000091,-18.148420
86,11dd74426e8374ac110c4036c77c09ab_000000000092,-103.055718
87,11dd74426e8374ac110c4036c77c09ab_000000000093,-7.575221
88,11dd74426e8374ac110c4036c77c09ab_000000000094,15.994642
89,11dd74426e8374ac110c4036c77c09ab_000000000095,-2.865540
90,11dd74426e8374ac110c4036c77c09ab_000000000096,23.291697
91,11dd74426e8374ac110c4036c77c09ab_000000000097,-86.554004
92,11dd74426e8374ac110c4036c77c09ab_000000000098,0.367377
93,11dd74426e8374ac110c4036c77c09ab_000000000099,-40.044085
94,11dd74426e8374ac110c4036c77c09ab_000000000100,29.390154
95,11dd74426e8374ac110c4036c77c09ab_000000000101,20.773741
96,11dd74426e8374ac110c4036c77c09ab_000000000102,4.247788
97,11dd74426e8374ac110c4036c77c09ab_000000000103,58.407431
98,11dd74426e8374ac110c4036c77c09ab_000000000104,3.128577
99,11dd74426e8374ac110c4036c77c09ab_000000000105,-48.423811
100,11dd74426e8374ac110c4036c77c09ab_000000000106,47.584437
101,11dd74426e8374ac110c4036c77c09ab_000000000107,-17.855780
102,11dd74426e8374ac110c4036c77c09ab_000000000108,10.148798
103,11dd74426e8374ac110c4036c77c09ab_000000000109,8.088516
104,11dd74426e8374ac110c4036c77c09ab_000000000110,9.712207
105,11dd74426e8374ac110c4036c77c09ab_000000000111,53.546091
106,11dd74426e8374ac110c4036c77c09ab_000000000112,-3.128577
107,11dd74426e8374ac110c4036c77c09ab_000000000113,-335.795913
108,11dd74426e8374ac110c4036c77c09ab_000000000114,-1.249082
109,11dd74426e8374ac110c4036c77c09ab_000000000115,-42.357585
110,11dd74426e8374ac110c4036c77c09ab_000000000116,-5.663717
111,11dd74426e8374ac110c4036c77c09ab_000000000117,32.444520
112,11dd74426e8374ac110c4036c77c09ab_000000000118,5.216752
113,11dd74426e8374ac110c4036c77c09ab_000000000119,-5.731080
114,11dd74426e8374ac110c4036c77c09ab_000000000120,1.763409
115,11dd74426e8374ac110c4036c77c09ab_000000000121,452.057311
116,11dd74426e8374ac110c4036c77c09ab_000000000122,-94.819985
117,11dd74426e8374ac110c4036c77c09ab_000000000123,-13.739897
118,11dd74426e8374ac110c4036c77c09ab_000000000124,-36.164481
119,11dd74426e8374ac110c4036c77c09ab_000000000125,47.433628
120,11dd74426e8374ac110c4036c77c09ab_000000000126,-40.566372
121,11dd74426e8374ac110c4036c77c09ab_000000000127,40.318532
122,11dd74426e8374ac110c4036c77c09ab_000000000128,-2.277737
123,11dd74426e8374ac110c4036c77c09ab_000000000129,43.130051
124,11dd74426e8374ac110c4036c77c09ab_000000000130,-0.734754
125,11dd74426e8374ac110c4036c77c09ab_000000000131,35.635562
126,11dd74426e8374ac110c4036c77c09ab_000000000132,-3.379868
127,11dd74426e8374ac110c4036c77c09ab_000000000133,-63.776635
128,11dd74426e8374ac110c4036c77c09ab_000000000134,15.429831
129,11dd74426e8374ac110c4036c77c09ab_000000000135,1.763409
130,11dd74426e8374ac110c4036c77c09ab_000000000136,15.209405
131,11dd74426e8374ac110c4036c77c09ab_000000000137,-10.874357
132,11dd74426e8374ac110c4036c77c09ab_000000000138,-6.372644
133,11dd74426e8374ac110c4036c77c09ab_000000000139,-1.911504
134,11dd74426e8374ac110c4036c77c09ab_000000000140,88.372319
135,11dd74426e8374ac110c4036c77c09ab_000000000141,8.523145
136,11dd74426e8374ac110c4036c77c09ab_000000000142,3.526819
137,11dd74426e8374ac110c4036c77c09ab_000000000143,-13.543383
138,11dd74426e8374ac110c4036c77c09ab_000000000144,68.218237
139,11dd74426e8374ac110c4036c77c09ab_000000000145,-7.630675
140,11dd74426e8374ac110c4036c77c09ab_000000000146,-1.526135
141,11dd74426e8374ac110c4036c77c09ab_000000000147,0.534147
142,11dd74426e8374ac110c4036c77c09ab_000000000148,0.763068
143,11dd74426e8374ac110c4036c77c09ab_000000000149,-79.585280
144,11dd74426e8374ac110c4036c77c09ab_000000000150,42.347585
145,11dd74426e8374ac110c4036c77c09ab_000000000151,-10.301412
146,11dd74426e8374ac110c4036c77c09ab_000000000152,-51.430752
147,11dd74426e8374ac110c4036c77c09ab_000000000153,-7.172835
148,11dd74426e8374ac110c4036c77c09ab_000000000154,-53.033193
149,11dd74426e8374ac110c4036c77c09ab_000000000155,-3.433804
150,11dd74426e8374ac110c4036c77c09ab_000000000156,-81.648226
151,11dd74426e8374ac110c4036c77c09ab_000000000157,9.156810
152,11dd74426e8374ac110c4036c77c09ab_000000000158,8.639864
153,11dd74426e8374ac110c4036c77c09ab_000000000159,-21.001558
154,11dd74426e8374ac110c4036c77c09ab_000000000160,-35.217631
155,11dd74426e8374ac110c4036c77c09ab_000000000161,-20.490448
156,11dd74426e8374ac110c4036c77c09ab_000000000162,-4.775900
157,11dd74426e8374ac110c4036c77c09ab_000000000163,38.726938
158,11dd74426e8374ac110c4036c77c09ab_000000000164,30.780777
159,11dd74426e8374ac110c4036c77c09ab_000000000165,5.878031
160,11dd74426e8374ac110c4036c77c09ab_000000000166,-51.432770
161,11dd74426e8374ac110c4036c77c09ab_000000000167,36.664217
162,11dd74426e8374ac110c4036c77c09ab_000000000168,91.740116
163,11dd74426e8374ac110c4036c77c09ab_000000000169,84.593176
164,11dd74426e8374ac110c4036c77c09ab_000000000170,-81.693520
165,11dd74426e8374ac110c4036c77c09ab_000000000171,63.945059
166,11dd74426e8374ac110c4036c77c09ab_000000000172,-13.582602
167,11dd74426e8374ac110c4036c77c09ab_000000000173,87.600153
168,11dd74426e8374ac110c4036c77c09ab_000000000174,24.647081
169,11dd74426e8374ac110c4036c77c09ab_000000000175,721.976345
170,11dd74426e8374ac110c4036c77c09ab_000000000176,-66.043495
171,11dd74426e8374ac110c4036c77c09ab_000000000177,-31.590996
172,11dd74426e8374ac110c4036c77c09ab_000000000178,18.237314
173,11dd74426e8374ac110c4036c77c09ab_000000000179,-10.911866
174,11dd74426e8374ac110c4036c77c09ab_000000000180,-57.175400
175,11dd74426e8374ac110c4036c77c09ab_000000000181,-1.983835
176,11dd74426e8374ac110c4036c77c09ab_000000000182,33.238846
177,11dd74426e8374ac110c4036c77c09ab_000000000183,-1.894353
178,11dd74426e8374ac110c4036c77c09ab_000000000184,-104.018827
179,11dd74426e8374ac110c4036c77c09ab_000000000185,-10.761062
180,11dd74426e8374ac110c4036c77c09ab_000000000186,-0.212389
181,11dd74426e8374ac110c4036c77c09ab_000000000187,52.935075
182,11dd74426e8374ac110c4036c77c09ab_000000000188,2.571639
183,11dd74426e8374ac110c4036c77c09ab_000000000189,-7.935342
184,11dd74426e8374ac110c4036c77c09ab_000000000190,-3.673769
185,11dd74426e8374ac110c4036c77c09ab_000000000191,74.567565
186,11dd74426e8374ac110c4036c77c09ab_000000000192,-8.775277
187,11dd74426e8374ac110c4036c77c09ab_000000000193,-165.194315
188,11dd74426e8374ac110c4036c77c09ab_000000000194,2.414518
189,11dd74426e8374ac110c4036c77c09ab_000000000195,12.123439
190,11dd74426e8374ac110c4036c77c09ab_000000000196,-160.176341
191,11dd74426e8374ac110c4036c77c09ab_000000000197,-23.952976
192,11dd74426e8374ac110c4036c77c09ab_000000000198,-42.762675
193,11dd74426e8374ac110c4036c77c09ab_000000000199,-12.417340
194,11dd74426e8374ac110c4036c77c09ab_000000000200,-1.983835
195,11dd74426e8374ac110c4036c77c09ab_000000000201,-13.519471
196,11dd74426e8374ac110c4036c77c09ab_000000000202,-4.261572
197,11dd74426e8374ac110c4036c77c09ab_000000000203,58.633358
198,11dd74426e8374ac110c4036c77c09ab_000000000204,-10.653931
199,11dd74426e8374ac110c4036c77c09ab_000000000205,60.696377
200,11dd74426e8374ac110c4036c77c09ab_000000000206,-17.907463
201,11dd74426e8374ac110c4036c77c09ab_000000000207,-73.207723
202,11dd74426e8374ac110c4036c77c09ab_000000000208,-4.481999
203,11dd74426e8374ac110c4036c77c09ab_000000000209,73.874384
204,11dd74426e8374ac110c4036c77c09ab_000000000210,-81.074972
205,11dd74426e8374ac110c4036c77c09ab_000000000211,-2.130786
206,11dd74426e8374ac110c4036c77c09ab_000000000212,-93.724266
207,11dd74426e8374ac110c4036c77c09ab_000000000213,10.619469
208,11dd74426e8374ac110c4036c77c09ab_000000000214,78.990175
209,11dd74426e8374ac110c4036c77c09ab_000000000215,-1.028655
210,11dd74426e8374ac110c4036c77c09ab_000000000216,-6.612785
211,11dd74426e8374ac110c4036c77c09ab_000000000217,-28.581925
212,11dd74426e8374ac110c4036c77c09ab_000000000218,-10.837619
213,11dd74426e8374ac110c4036c77c09ab_000000000219,-33.688464
214,11dd74426e8374ac110c4036c77c09ab_000000000220,-1.396032
215,11dd74426e8374ac110c4036c77c09ab_000000000221,-33.504776
216,11dd74426e8374ac110c4036c77c09ab_000000000222,-59.339918
217,11dd74426e8374ac110c4036c77c09ab_000000000223,62.463168
218,11dd74426e8374ac110c4036c77c09ab_000000000224,-5.841840
219,11dd74426e8374ac110c4036c77c09ab_000000000225,-5.437179
220,11dd74426e8374ac110c4036c77c09ab_000000000226,14.401176
221,11dd74426e8374ac110c4036c77c09ab_000000000227,-6.392359
222,11dd74426e8374ac110c4036c77c09ab_000000000228,1.983835
223,11dd74426e8374ac110c4036c77c09ab_000000000229,-0.661278
224,11dd74426e8374ac110c4036c77c09ab_000000000230,58.633358
225,11dd74426e8374ac110c4036c77c09ab_000000000231,14.474651
226,11dd74426e8374ac110c4036c77c09ab_000000000232,11.609111
227,11dd74426e8374ac110c4036c77c09ab_000000000233,-84.489281
228,11dd74426e8374ac110c4036c77c09ab_000000000234,5.451327
229,11dd74426e8374ac110c4036c77c09ab_000000000235,10.831858
230,11dd74426e8374ac110c4036c77c09ab_000000000236,14.725664
231,11dd74426e8374ac110c4036c77c09ab_000000000237,1.769912
232,11dd74426e8374ac110c4036c77c09ab_000000000238,1.628319
233,11dd74426e8374ac110c4036c77c09ab_000000000239,21.168142
234,11dd74426e8374ac110c4036c77c09ab_000000000240,21.663717
235,11dd74426e8374ac110c4036c77c09ab_000000000241,8.283186
236,11dd74426e8374ac110c4036c77c09ab_000000000242,-6.249595
237,11dd74426e8374ac110c4036c77c09ab_000000000243,-50.330639
238,11dd74426e8374ac110c4036c77c09ab_000000000244,-110.522728
239,11dd74426e8374ac110c4036c77c09ab_000000000245,62.748981
240,11dd74426e8374ac110c4036c77c09ab_000000000246,36.385063
241,11dd74426e8374ac110c4036c77c09ab_000000000247,17.193240
242,11dd74426e8374ac110c4036c77c09ab_000000000248,6.612785
243,11dd74426e8374ac110c4036c77c09ab_000000000249,-13.445996
244,11dd74426e8374ac110c4036c77c09ab_000000000250,-3.379868
245,11dd74426e8374ac110c4036c77c09ab_000000000251,-66.020092
246,11dd74426e8374ac110c4036c77c09ab_000000000252,33.911348
247,11dd74426e8374ac110c4036c77c09ab_000000000253,-20.389224
248,11dd74426e8374ac110c4036c77c09ab_000000000254,-16.070796
249,11dd74426e8374ac110c4036c77c09ab_000000000255,-6.513274
250,11dd74426e8374ac110c4036c77c09ab_000000000256,77.543464
251,11dd74426e8374ac110c4036c77c09ab_000000000257,4.886113
252,11dd74426e8374ac110c4036c77c09ab_000000000258,-21.822190
253,11dd74426e8374ac110c4036c77c09ab_000000000259,-63.934821
254,11dd74426e8374ac110c4036c77c09ab_000000000260,98.174351
255,11dd74426e8374ac110c4036c77c09ab_000000000261,0.398606
256,11dd74426e8374ac110c4036c77c09ab_000000000262,14.179933
257,11dd74426e8374ac110c4036c77c09ab_000000000263,-111.859950
258,11dd74426e8374ac110c4036c77c09ab_000000000264,61.875806
259,11dd74426e8374ac110c4036c77c09ab_000000000265,-8.393743
260,11dd74426e8374ac110c4036c77c09ab_000000000266,-8.164823
261,11dd74426e8374ac110c4036c77c09ab_000000000267,-41.863898
262,11dd74426e8374ac110c4036c77c09ab_000000000268,45.554739
263,11dd74426e8374ac110c4036c77c09ab_000000000269,-12.931668
264,11dd74426e8374ac110c4036c77c09ab_000000000270,-41.807494
265,11dd74426e8374ac110c4036c77c09ab_000000000271,-1.542983
266,11dd74426e8374ac110c4036c77c09ab_000000000272,-45.334313
267,11dd74426e8374ac110c4036c77c09ab_000000000273,4.408523
268,11dd74426e8374ac110c4036c77c09ab_000000000274,6.171932
269,11dd74426e8374ac110c4036c77c09ab_000000000275,-1.102131
270,11dd74426e8374ac110c4036c77c09ab_000000000276,72.557056
271,11dd74426e8374ac110c4036c77c09ab_000000000277,1.461538
272,11dd74426e8374ac110c4036c77c09ab_000000000278,-10.769231
273,11dd74426e8374ac110c4036c77c09ab_000000000279,-47.452156
274,11dd74426e8374ac110c4036c77c09ab_000000000280,-6.098457
275,11dd74426e8374ac110c4036c77c09ab_000000000281,59.000735
276,11dd74426e8374ac110c4036c77c09ab_000000000282,7.641440
277,11dd74426e8374ac110c4036c77c09ab_000000000283,80.369977
278,11dd74426e8374ac110c4036c77c09ab_000000000284,-12.000000
279,11dd74426e8374ac110c4036c77c09ab_000000000285,3.000000
280,11dd74426e8374ac110c4036c77c09ab_000000000286,-7.756552
281,11dd74426e8374ac110c4036c77c09ab_000000000287,7.401755
282,11dd74426e8374ac110c4036c77c09ab_000000000288,26.124028
283,11dd74426e8374ac110c4036c77c09ab_000000000289,0.307692
284,11dd74426e8374ac110c4036c77c09ab_000000000290,-54.463799
285,11dd74426e8374ac110c4036c77c09ab_000000000291,-22.630419
286,11dd74426e8374ac110c4036c77c09ab_000000000292,62.337431
287,11dd74426e8374ac110c4036c77c09ab_000000000293,-103.575491
288,11dd74426e8374ac110c4036c77c09ab_000000000294,13.693975
289,11dd74426e8374ac110c4036c77c09ab_000000000295,199.677161
290,11dd74426e8374ac110c4036c77c09ab_000000000296,21.728787
291,11dd74426e8374ac110c4036c77c09ab_000000000297,368.477399
292,11dd74426e8374ac110c4036c77c09ab_000000000298,-92.294848
293,11dd74426e8374ac110c4036c77c09ab_000000000299,16.329645
294,11dd74426e8374ac110c4036c77c09ab_000000000300,-172.854587
295,11dd74426e8374ac110c4036c77c09ab_000000000301,-20.573108
296,11dd74426e8374ac110c4036c77c09ab_000000000302,-0.293902
297,11dd74426e8374ac110c4036c77c09ab_000000000303,-7.714916
298,11dd74426e8374ac110c4036c77c09ab_000000000304,-97.624131
299,11dd74426e8374ac110c4036c77c09ab_000000000305,-3.398230
300,11dd74426e8374ac110c4036c77c09ab_000000000306,-62.938053
301,11dd74426e8374ac110c4036c77c09ab_000000000307,102.020664
302,11dd74426e8374ac110c4036c77c09ab_000000000308,5.804555
303,11dd74426e8374ac110c4036c77c09ab_000000000309,19.867978
304,11dd74426e8374ac110c4036c77c09ab_000000000310,-4.952475
305,11dd74426e8374ac110c4036c77c09ab_000000000311,37.031594
306,11dd74426e8374ac110c4036c77c09ab_000000000312,-60.090901
307,11dd74426e8374ac110c4036c77c09ab_000000000313,147.287430
308,11dd74426e8374ac110c4036c77c09ab_000000000314,42.808089
309,11dd74426e8374ac110c4036c77c09ab_000000000315,10.225105
310,11dd74426e8374ac110c4036c77c09ab_000000000316,4.807325
311,11dd74426e8374ac110c4036c77c09ab_000000000317,66.727230
312,11dd74426e8374ac110c4036c77c09ab_000000000318,-117.318607
313,11dd74426e8374ac110c4036c77c09ab_000000000319,0.610454
314,11dd74426e8374ac110c4036c77c09ab_000000000320,-79.816864
315,11dd74426e8374ac110c4036c77c09ab_000000000321,23.502480
316,11dd74426e8374ac110c4036c77c09ab_000000000322,-3.739031
317,11dd74426e8374ac110c4036c77c09ab_000000000323,16.634872
318,11dd74426e8374ac110c4036c77c09ab_000000000324,12.819535
319,11dd74426e8374ac110c4036c77c09ab_000000000325,-22.281572
320,11dd74426e8374ac110c4036c77c09ab_000000000326,-8.470050
321,11dd74426e8374ac110c4036c77c09ab_000000000327,-73.749580
322,11dd74426e8374ac110c4036c77c09ab_000000000328,12.564291
323,11dd74426e8374ac110c4036c77c09ab_000000000329,5.437179
324,11dd74426e8374ac110c4036c77c09ab_000000000330,134.801907
325,11dd74426e8374ac110c4036c77c09ab_000000000331,-10.682945
326,11dd74426e8374ac110c4036c77c09ab_000000000332,1.083096
327,11dd74426e8374ac110c4036c77c09ab_000000000333,70.568945
328,11dd74426e8374ac110c4036c77c09ab_000000000334,9.156810
329,11dd74426e8374ac110c4036c77c09ab_000000000335,-29.378100
330,11dd74426e8374ac110c4036c77c09ab_000000000336,62.299211
331,11dd74426e8374ac110c4036c77c09ab_000000000337,-35.286620
332,11dd74426e8374ac110c4036c77c09ab_000000000338,7.935902
334,11dd74426e8374ac110c4036c77c09ab_000000000374,482.113131
335,11dd74426e8374ac110c4036c77c09ab_000000000375,7.494489
336,11dd74426e8374ac110c4036c77c09ab_000000000376,73.622337
337,11dd74426e8374ac110c4036c77c09ab_000000000377,21.234386
338,11dd74426e8374ac110c4036c77c09ab_000000000378,-31.371753
339,11dd74426e8374ac110c4036c77c09ab_000000000379,13.805310
340,11dd74426e8374ac110c4036c77c09ab_000000000380,69.880918
341,11dd74426e8374ac110c4036c77c09ab_000000000381,77.369581
342,11dd74426e8374ac110c4036c77c09ab_000000000382,-26.487877
343,11dd74426e8374ac110c4036c77c09ab_000000000383,2.975753
344,11dd74426e8374ac110c4036c77c09ab_000000000384,12.123439
345,11dd74426e8374ac110c4036c77c09ab_000000000385,47.391624
346,11dd74426e8374ac110c4036c77c09ab_000000000386,-181.043350
347,11dd74426e8374ac110c4036c77c09ab_000000000387,110.625505
348,11dd74426e8374ac110c4036c77c09ab_000000000388,287.829073
349,11dd74426e8374ac110c4036c77c09ab_000000000389,8.622663
350,11dd74426e8374ac110c4036c77c09ab_000000000390,-327.136021
351,11dd74426e8374ac110c4036c77c09ab_000000000391,107.677799
352,11dd74426e8374ac110c4036c77c09ab_000000000392,-42.426555
353,11dd74426e8374ac110c4036c77c09ab_000000000393,-21.518504
354,11dd74426e8374ac110c4036c77c09ab_000000000394,-589.206901
355,11dd74426e8374ac110c4036c77c09ab_000000000395,-215.071693
356,11dd74426e8374ac110c4036c77c09ab_000000000396,136.488027
357,11dd74426e8374ac110c4036c77c09ab_000000000397,-58.816865
358,11dd74426e8374ac110c4036c77c09ab_000000000398,-26.053640
359,11dd74426e8374ac110c4036c77c09ab_000000000399,-4.126142
360,11dd74426e8374ac110c4036c77c09ab_000000000400,-2.770410
361,11dd74426e8374ac110c4036c77c09ab_000000000401,1.355732
362,11dd74426e8374ac110c4036c77c09ab_000000000402,-10.786914
363,11dd74426e8374ac110c4036c77c09ab_000000000403,-96.521260
364,11dd74426e8374ac110c4036c77c09ab_000000000404,-22.748005
365,11dd74426e8374ac110c4036c77c09ab_000000000405,-11.630559
366,11dd74426e8374ac110c4036c77c09ab_000000000406,0.065601
367,11dd74426e8374ac110c4036c77c09ab_000000000407,-3.787661
368,11dd74426e8374ac110c4036c77c09ab_000000000408,175.437590
369,11dd74426e8374ac110c4036c77c09ab_000000000409,-266.657102
370,11dd74426e8374ac110c4036c77c09ab_000000000410,-194.246684
371,11dd74426e8374ac110c4036c77c09ab_000000000411,41.699056
372,11dd74426e8374ac110c4036c77c09ab_000000000412,83.608029
373,11dd74426e8374ac110c4036c77c09ab_000000000413,158.407792
374,11dd74426e8374ac110c4036c77c09ab_000000000414,-262.351981
375,11dd74426e8374ac110c4036c77c09ab_000000000415,172.268007
376,11dd74426e8374ac110c4036c77c09ab_000000000416,0.296736
377,11dd74426e8374ac110c4036c77c09ab_000000000417,-138.160237
378,11dd74426e8374ac110c4036c77c09ab_000000000418,-33.590504
379,11dd74426e8374ac110c4036c77c09ab_000000000419,-62.793915
380,11dd74426e8374ac110c4036c77c09ab_000000000420,-37.015782
381,11dd74426e8374ac110c4036c77c09ab_000000000421,-10.731707
382,11dd74426e8374ac110c4036c77c09ab_000000000422,64.547339
383,11dd74426e8374ac110c4036c77c09ab_000000000423,51.836619
384,11dd74426e8374ac110c4036c77c09ab_000000000424,-123.098449
385,11dd74426e8374ac110c4036c77c09ab_000000000425,-68.274695
386,11dd74426e8374ac110c4036c77c09ab_000000000426,198.127827
387,11dd74426e8374ac110c4036c77c09ab_000000000427,-22.781701
388,11dd74426e8374ac110c4036c77c09ab_000000000428,-3.561560
389,11dd74426e8374ac110c4036c77c09ab_000000000429,-168.072281
390,11dd74426e8374ac110c4036c77c09ab_000000000430,-23.472023
391,11dd74426e8374ac110c4036c77c09ab_000000000431,-16.355811
392,11dd74426e8374ac110c4036c77c09ab_000000000432,-9.239598
393,11dd74426e8374ac110c4036c77c09ab_000000000433,102.695827
394,11dd74426e8374ac110c4036c77c09ab_000000000434,22.314540
395,11dd74426e8374ac110c4036c77c09ab_000000000435,1.661721
396,11dd74426e8374ac110c4036c77c09ab_000000000436,-64.692174
397,11dd74426e8374ac110c4036c77c09ab_000000000437,1.205165
398,11dd74426e8374ac110c4036c77c09ab_000000000438,73.279294
399,11dd74426e8374ac110c4036c77c09ab_000000000439,-2.848665
400,11dd74426e8374ac110c4036c77c09ab_000000000440,-45.523886
401,11dd74426e8374ac110c4036c77c09ab_000000000441,-36.154950
402,11dd74426e8374ac110c4036c77c09ab_000000000442,5.911047
403,11dd74426e8374ac110c4036c77c09ab_000000000443,3.098996
404,11dd74426e8374ac110c4036c77c09ab_000000000444,3.443329
405,11dd74426e8374ac110c4036c77c09ab_000000000445,51.955434
406,11dd74426e8374ac110c4036c77c09ab_000000000446,-2.492582
407,11dd74426e8374ac110c4036c77c09ab_000000000447,0.237389
408,11dd74426e8374ac110c4036c77c09ab_000000000448,15.845697
409,11dd74426e8374ac110c4036c77c09ab_000000000449,843.976261
410,11dd74426e8374ac110c4036c77c09ab_000000000450,-64.740356
411,11dd74426e8374ac110c4036c77c09ab_000000000451,-86.733063
412,11dd74426e8374ac110c4036c77c09ab_000000000452,-30.301291
413,11dd74426e8374ac110c4036c77c09ab_000000000453,-8.034433
414,11dd74426e8374ac110c4036c77c09ab_000000000454,26.800574
415,11dd74426e8374ac110c4036c77c09ab_000000000455,-23.185079
416,11dd74426e8374ac110c4036c77c09ab_000000000456,-23.816356
417,11dd74426e8374ac110c4036c77c09ab_000000000457,66.686563
418,11dd74426e8374ac110c4036c77c09ab_000000000458,-71.277667
419,11dd74426e8374ac110c4036c77c09ab_000000000459,-45.681492
420,11dd74426e8374ac110c4036c77c09ab_000000000460,174.703967
421,11dd74426e8374ac110c4036c77c09ab_000000000461,-93.293769
422,11dd74426e8374ac110c4036c77c09ab_000000000462,8.130564
423,11dd74426e8374ac110c4036c77c09ab_000000000463,-21.483680
424,11dd74426e8374ac110c4036c77c09ab_000000000464,-52.462908
425,11dd74426e8374ac110c4036c77c09ab_000000000465,-22.492582
426,11dd74426e8374ac110c4036c77c09ab_000000000466,-150.860534
427,11dd74426e8374ac110c4036c77c09ab_000000000467,-2.433234
428,11dd74426e8374ac110c4036c77c09ab_000000000468,-128.308605
429,11dd74426e8374ac110c4036c77c09ab_000000000469,104.391691
430,11dd74426e8374ac110c4036c77c09ab_000000000470,-166.077424
431,11dd74426e8374ac110c4036c77c09ab_000000000471,17.151311
432,11dd74426e8374ac110c4036c77c09ab_000000000472,230.053709
433,11dd74426e8374ac110c4036c77c09ab_000000000473,-208.869296
434,11dd74426e8374ac110c4036c77c09ab_000000000474,-62.142951
435,11dd74426e8374ac110c4036c77c09ab_000000000475,145.789695
436,11dd74426e8374ac110c4036c77c09ab_000000000476,13.827893
437,11dd74426e8374ac110c4036c77c09ab_000000000477,66.587537
438,11dd74426e8374ac110c4036c77c09ab_000000000478,28.842730
439,11dd74426e8374ac110c4036c77c09ab_000000000479,-13.175074
440,11dd74426e8374ac110c4036c77c09ab_000000000480,-107.671080
441,11dd74426e8374ac110c4036c77c09ab_000000000481,-17.616876
442,11dd74426e8374ac110c4036c77c09ab_000000000482,-17.502851
443,11dd74426e8374ac110c4036c77c09ab_000000000483,-4.332953
444,11dd74426e8374ac110c4036c77c09ab_000000000484,-86.092440
445,11dd74426e8374ac110c4036c77c09ab_000000000485,15.782751
446,11dd74426e8374ac110c4036c77c09ab_000000000486,16.091954
447,11dd74426e8374ac110c4036c77c09ab_000000000487,-119.304450
448,11dd74426e8374ac110c4036c77c09ab_000000000488,-34.011200
449,11dd74426e8374ac110c4036c77c09ab_000000000489,51.571091
450,11dd74426e8374ac110c4036c77c09ab_000000000490,13.234421
451,11dd74426e8374ac110c4036c77c09ab_000000000491,12.403561
452,11dd74426e8374ac110c4036c77c09ab_000000000492,14.065282
453,11dd74426e8374ac110c4036c77c09ab_000000000493,-230.434243
454,11dd74426e8374ac110c4036c77c09ab_000000000494,-14.463730
455,11dd74426e8374ac110c4036c77c09ab_000000000495,-5.107604
456,11dd74426e8374ac110c4036c77c09ab_000000000496,35.940295
457,11dd74426e8374ac110c4036c77c09ab_000000000497,-21.483680
458,11dd74426e8374ac110c4036c77c09ab_000000000498,41.899110
459,11dd74426e8374ac110c4036c77c09ab_000000000499,-35.845697
460,11dd74426e8374ac110c4036c77c09ab_000000000500,-528.397626
461,11dd74426e8374ac110c4036c77c09ab_000000000501,-23.946588
462,11dd74426e8374ac110c4036c77c09ab_000000000502,-7.121662
463,11dd74426e8374ac110c4036c77c09ab_000000000503,10.741840
464,11dd74426e8374ac110c4036c77c09ab_000000000504,-2.670623
465,11dd74426e8374ac110c4036c77c09ab_000000000505,-61.999157
466,11dd74426e8374ac110c4036c77c09ab_000000000506,42.058504
467,11dd74426e8374ac110c4036c77c09ab_000000000507,-92.317654
468,11dd74426e8374ac110c4036c77c09ab_000000000508,30.000900
469,11dd74426e8374ac110c4036c77c09ab_000000000509,4.763271
470,11dd74426e8374ac110c4036c77c09ab_000000000510,-16.470588
471,11dd74426e8374ac110c4036c77c09ab_000000000511,3.558106
472,11dd74426e8374ac110c4036c77c09ab_000000000512,-158.053799
473,11dd74426e8374ac110c4036c77c09ab_000000000513,71.349250
474,11dd74426e8374ac110c4036c77c09ab_000000000514,59.502253
475,11dd74426e8374ac110c4036c77c09ab_000000000515,372.223816
476,11dd74426e8374ac110c4036c77c09ab_000000000516,-496.870096
477,11dd74426e8374ac110c4036c77c09ab_000000000517,746.970527
478,11dd74426e8374ac110c4036c77c09ab_000000000518,-630.387374
479,11dd74426e8374ac110c4036c77c09ab_000000000519,62.642216
480,11dd74426e8374ac110c4036c77c09ab_000000000520,37.324574
481,11dd74426e8374ac110c4036c77c09ab_000000000521,43.865488
482,11dd74426e8374ac110c4036c77c09ab_000000000522,16.913947
483,11dd74426e8374ac110c4036c77c09ab_000000000523,33.454828
484,11dd74426e8374ac110c4036c77c09ab_000000000524,-8.582200
485,11dd74426e8374ac110c4036c77c09ab_000000000525,-2.824685
486,11dd74426e8374ac110c4036c77c09ab_000000000526,-53.205212
487,11dd74426e8374ac110c4036c77c09ab_000000000527,2.729970
488,11dd74426e8374ac110c4036c77c09ab_000000000528,-44.272997
489,11dd74426e8374ac110c4036c77c09ab_000000000529,-26.172107
490,11dd74426e8374ac110c4036c77c09ab_000000000530,-7.711749
491,11dd74426e8374ac110c4036c77c09ab_000000000531,-40.952940
492,11dd74426e8374ac110c4036c77c09ab_000000000532,-8.842730
493,11dd74426e8374ac110c4036c77c09ab_000000000533,16.233412
494,11dd74426e8374ac110c4036c77c09ab_000000000534,-26.276500
495,11dd74426e8374ac110c4036c77c09ab_000000000535,-107.474729
496,11dd74426e8374ac110c4036c77c09ab_000000000536,107.355290
497,11dd74426e8374ac110c4036c77c09ab_000000000537,-12.242460
498,11dd74426e8374ac110c4036c77c09ab_000000000538,-49.536738
499,11dd74426e8374ac110c4036c77c09ab_000000000539,4.878049
500,11dd74426e8374ac110c4036c77c09ab_000000000540,18.398988
501,11dd74426e8374ac110c4036c77c09ab_000000000541,58.674182
502,11dd74426e8374ac110c4036c77c09ab_000000000542,-100.946915
503,11dd74426e8374ac110c4036c77c09ab_000000000543,-21.061693
504,11dd74426e8374ac110c4036c77c09ab_000000000553,2024.858385
505,11dd74426e8374ac110c4036c77c09ab_000000000554,-295.274454
506,11dd74426e8374ac110c4036c77c09ab_000000000555,-97.599118
507,11dd74426e8374ac110c4036c77c09ab_000000000556,183.437920
508,11dd74426e8374ac110c4036c77c09ab_000000000557,-21.200358
509,11dd74426e8374ac110c4036c77c09ab_000000000558,-23.230815
510,11dd74426e8374ac110c4036c77c09ab_000000000559,-21.618394
511,11dd74426e8374ac110c4036c77c09ab_000000000560,125.291132
512,11dd74426e8374ac110c4036c77c09ab_000000000561,21.668849
513,11dd74426e8374ac110c4036c77c09ab_000000000562,-27.360738
514,11dd74426e8374ac110c4036c77c09ab_000000000563,66.784753
515,11dd74426e8374ac110c4036c77c09ab_000000000564,-0.955509
516,11dd74426e8374ac110c4036c77c09ab_000000000565,-6.389967
517,11dd74426e8374ac110c4036c77c09ab_000000000566,-16.363093
518,11dd74426e8374ac110c4036c77c09ab_000000000567,-5.135861
519,11dd74426e8374ac110c4036c77c09ab_000000000568,159.012505
520,11dd74426e8374ac110c4036c77c09ab_000000000569,1.050680
521,11dd74426e8374ac110c4036c77c09ab_000000000570,19.344870
522,11dd74426e8374ac110c4036c77c09ab_000000000571,-13.535229
523,11dd74426e8374ac110c4036c77c09ab_000000000572,-114.096177
524,11dd74426e8374ac110c4036c77c09ab_000000000573,-4.956703
525,11dd74426e8374ac110c4036c77c09ab_000000000574,-81.318131
526,11dd74426e8374ac110c4036c77c09ab_000000000575,78.403246
527,11dd74426e8374ac110c4036c77c09ab_000000000576,-42.410330
528,11dd74426e8374ac110c4036c77c09ab_000000000577,17.905308
529,11dd74426e8374ac110c4036c77c09ab_000000000578,-13.142037
530,11dd74426e8374ac110c4036c77c09ab_000000000579,74.031564
531,11dd74426e8374ac110c4036c77c09ab_000000000580,111.219512
532,11dd74426e8374ac110c4036c77c09ab_000000000581,35.351506
533,11dd74426e8374ac110c4036c77c09ab_000000000582,114.949785
534,11dd74426e8374ac110c4036c77c09ab_000000000583,2.582496
535,11dd74426e8374ac110c4036c77c09ab_000000000584,-174.634146
536,11dd74426e8374ac110c4036c77c09ab_000000000585,171.253989
538,11dd74426e8374ac110c4036c77c09ab_000000000593,-182.390300
539,11dd74426e8374ac110c4036c77c09ab_000000000594,-10.161663
540,11dd74426e8374ac110c4036c77c09ab_000000000595,58.363121
541,11dd74426e8374ac110c4036c77c09ab_000000000596,82.136499
542,11dd74426e8374ac110c4036c77c09ab_000000000597,-127.399580
543,11dd74426e8374ac110c4036c77c09ab_000000000598,-138.884630
544,11dd74426e8374ac110c4036c77c09ab_000000000599,357.259856
545,11dd74426e8374ac110c4036c77c09ab_000000000600,27.012033
546,11dd74426e8374ac110c4036c77c09ab_000000000601,0.635104
547,11dd74426e8374ac110c4036c77c09ab_000000000602,154.502585
548,11dd74426e8374ac110c4036c77c09ab_000000000603,-13.675724
549,11dd74426e8374ac110c4036c77c09ab_000000000604,-58.293589
550,11dd74426e8374ac110c4036c77c09ab_000000000605,-395.907243
551,11dd74426e8374ac110c4036c77c09ab_000000000606,16.918272
552,11dd74426e8374ac110c4036c77c09ab_000000000607,-165.754105
553,11dd74426e8374ac110c4036c77c09ab_000000000608,-48.565331
554,11dd74426e8374ac110c4036c77c09ab_000000000609,434.363422
555,11dd74426e8374ac110c4036c77c09ab_000000000610,-144.198073
556,11dd74426e8374ac110c4036c77c09ab_000000000611,525.666528
557,11dd74426e8374ac110c4036c77c09ab_000000000612,-152.747274
558,11dd74426e8374ac110c4036c77c09ab_000000000613,-19.910023
559,11dd74426e8374ac110c4036c77c09ab_000000000614,-16.700143
560,11dd74426e8374ac110c4036c77c09ab_000000000615,0.057389
561,11dd74426e8374ac110c4036c77c09ab_000000000616,-5.190871
562,11dd74426e8374ac110c4036c77c09ab_000000000617,68.418014
563,11dd74426e8374ac110c4036c77c09ab_000000000618,-12.610213
564,11dd74426e8374ac110c4036c77c09ab_000000000619,20.430416
565,11dd74426e8374ac110c4036c77c09ab_000000000620,-77.509214
566,11dd74426e8374ac110c4036c77c09ab_000000000621,108.556560
567,11dd74426e8374ac110c4036c77c09ab_000000000622,21.463415
568,11dd74426e8374ac110c4036c77c09ab_000000000623,5.566714
569,11dd74426e8374ac110c4036c77c09ab_000000000624,6.829268
570,11dd74426e8374ac110c4036c77c09ab_000000000625,-235.810617
571,11dd74426e8374ac110c4036c77c09ab_000000000626,24.677188
572,11dd74426e8374ac110c4036c77c09ab_000000000627,81.492109
573,11dd74426e8374ac110c4036c77c09ab_000000000628,13.491734
574,11dd74426e8374ac110c4036c77c09ab_000000000629,-32.106825
575,11dd74426e8374ac110c4036c77c09ab_000000000630,4.272997
576,11dd74426e8374ac110c4036c77c09ab_000000000631,-12.462908
577,11dd74426e8374ac110c4036c77c09ab_000000000632,43.679525
578,11dd74426e8374ac110c4036c77c09ab_000000000633,16.735905
579,11dd74426e8374ac110c4036c77c09ab_000000000634,-57.151335
580,11dd74426e8374ac110c4036c77c09ab_000000000635,-89.673591
581,11dd74426e8374ac110c4036c77c09ab_000000000636,-1.661721
582,11dd74426e8374ac110c4036c77c09ab_000000000637,-55.548961
583,11dd74426e8374ac110c4036c77c09ab_000000000638,11.988131
584,11dd74426e8374ac110c4036c77c09ab_000000000639,-127.703554
585,11dd74426e8374ac110c4036c77c09ab_000000000640,11.822095
586,11dd74426e8374ac110c4036c77c09ab_000000000641,86.267216
587,11dd74426e8374ac110c4036c77c09ab_000000000642,-56.320475
588,11dd74426e8374ac110c4036c77c09ab_000000000643,-14.955490
589,11dd74426e8374ac110c4036c77c09ab_000000000644,-23.857567
590,11dd74426e8374ac110c4036c77c09ab_000000000645,-95.581317
591,11dd74426e8374ac110c4036c77c09ab_000000000646,7.925531
592,11dd74426e8374ac110c4036c77c09ab_000000000647,-218.298558
593,11dd74426e8374ac110c4036c77c09ab_000000000648,-30.781561
594,11dd74426e8374ac110c4036c77c09ab_000000000649,13.531157
595,11dd74426e8374ac110c4036c77c09ab_000000000650,87.652160
596,11dd74426e8374ac110c4036c77c09ab_000000000651,-195.962936
597,11dd74426e8374ac110c4036c77c09ab_000000000652,7.808301
598,11dd74426e8374ac110c4036c77c09ab_000000000653,-59.616219
599,11dd74426e8374ac110c4036c77c09ab_000000000654,-51.157270
600,11dd74426e8374ac110c4036c77c09ab_000000000655,-6.409496
601,11dd74426e8374ac110c4036c77c09ab_000000000656,-5.103858
602,11dd74426e8374ac110c4036c77c09ab_000000000657,-37.354057
603,11dd74426e8374ac110c4036c77c09ab_000000000658,-80.898905
604,11dd74426e8374ac110c4036c77c09ab_000000000659,58.853518
605,11dd74426e8374ac110c4036c77c09ab_000000000660,142.637975
606,11dd74426e8374ac110c4036c77c09ab_000000000661,-43.475591
607,11dd74426e8374ac110c4036c77c09ab_000000000662,-186.642611
608,11dd74426e8374ac110c4036c77c09ab_000000000663,15.312506
609,11dd74426e8374ac110c4036c77c09ab_000000000664,36.565010
610,11dd74426e8374ac110c4036c77c09ab_000000000665,-2.801999
611,11dd74426e8374ac110c4036c77c09ab_000000000666,-9.020772
612,11dd74426e8374ac110c4036c77c09ab_000000000667,18.753709
613,11dd74426e8374ac110c4036c77c09ab_000000000668,-16.735905
614,11dd74426e8374ac110c4036c77c09ab_000000000669,-12.122532
615,11dd74426e8374ac110c4036c77c09ab_000000000670,-0.176835
616,11dd74426e8374ac110c4036c77c09ab_000000000671,16.799293
617,11dd74426e8374ac110c4036c77c09ab_000000000672,-23.134941
618,11dd74426e8374ac110c4036c77c09ab_000000000673,-3.204748
619,11dd74426e8374ac110c4036c77c09ab_000000000674,-34.658754
620,11dd74426e8374ac110c4036c77c09ab_000000000675,-4.510386
621,11dd74426e8374ac110c4036c77c09ab_000000000676,-128.139230
622,11dd74426e8374ac110c4036c77c09ab_000000000677,-18.434203
623,11dd74426e8374ac110c4036c77c09ab_000000000678,-5.330372
624,11dd74426e8374ac110c4036c77c09ab_000000000679,9.328151
625,11dd74426e8374ac110c4036c77c09ab_000000000680,170.477645
626,11dd74426e8374ac110c4036c77c09ab_000000000681,46.519374
627,11dd74426e8374ac110c4036c77c09ab_000000000682,-7.497860
628,11dd74426e8374ac110c4036c77c09ab_000000000683,-119.790860
629,11dd74426e8374ac110c4036c77c09ab_000000000684,-7.230990
630,11dd74426e8374ac110c4036c77c09ab_000000000685,-65.375700
631,11dd74426e8374ac110c4036c77c09ab_000000000686,75.361353
632,11dd74426e8374ac110c4036c77c09ab_000000000687,-106.566239
633,11dd74426e8374ac110c4036c77c09ab_000000000688,-11.882288
634,11dd74426e8374ac110c4036c77c09ab_000000000689,-8.995003
635,11dd74426e8374ac110c4036c77c09ab_000000000690,159.989455
636,11dd74426e8374ac110c4036c77c09ab_000000000691,-10.430267
637,11dd74426e8374ac110c4036c77c09ab_000000000692,-81.374846
638,11dd74426e8374ac110c4036c77c09ab_000000000693,-79.917111
639,11dd74426e8374ac110c4036c77c09ab_000000000694,219.556052
640,11dd74426e8374ac110c4036c77c09ab_000000000695,-233.142550
641,11dd74426e8374ac110c4036c77c09ab_000000000696,-10.771793
642,11dd74426e8374ac110c4036c77c09ab_000000000697,-35.868962
643,11dd74426e8374ac110c4036c77c09ab_000000000698,-1.554692
644,11dd74426e8374ac110c4036c77c09ab_000000000699,951.990816
645,11dd74426e8374ac110c4036c77c09ab_000000000700,-42.878338
646,11dd74426e8374ac110c4036c77c09ab_000000000701,-150.533910
647,11dd74426e8374ac110c4036c77c09ab_000000000702,8.106607
648,11dd74426e8374ac110c4036c77c09ab_000000000703,181.960606
649,11dd74426e8374ac110c4036c77c09ab_000000000704,28.122483
650,11dd74426e8374ac110c4036c77c09ab_000000000705,-6.112760
651,11dd74426e8374ac110c4036c77c09ab_000000000706,-111.390231
652,11dd74426e8374ac110c4036c77c09ab_000000000707,75.528460
653,11dd74426e8374ac110c4036c77c09ab_000000000708,-211.746537
654,11dd74426e8374ac110c4036c77c09ab_000000000709,0.386207
655,11dd74426e8374ac110c4036c77c09ab_000000000710,178.557413
656,11dd74426e8374ac110c4036c77c09ab_000000000711,87.299703
657,11dd74426e8374ac110c4036c77c09ab_000000000712,-111.144328
658,11dd74426e8374ac110c4036c77c09ab_000000000713,48.149211
659,11dd74426e8374ac110c4036c77c09ab_000000000714,81.884714
660,11dd74426e8374ac110c4036c77c09ab_000000000715,-151.969865
661,11dd74426e8374ac110c4036c77c09ab_000000000716,6.499430
662,11dd74426e8374ac110c4036c77c09ab_000000000717,126.549126
663,11dd74426e8374ac110c4036c77c09ab_000000000718,44.838833
664,11dd74426e8374ac110c4036c77c09ab_000000000719,-3.976261
665,11dd74426e8374ac110c4036c77c09ab_000000000720,80.830861
666,11dd74426e8374ac110c4036c77c09ab_000000000721,22.729970
667,11dd74426e8374ac110c4036c77c09ab_000000000722,50.029674
668,11dd74426e8374ac110c4036c77c09ab_000000000723,8.724036
669,11dd74426e8374ac110c4036c77c09ab_000000000724,14.599407
670,11dd74426e8374ac110c4036c77c09ab_000000000725,40.771513
671,11dd74426e8374ac110c4036c77c09ab_000000000726,-14.005935
672,11dd74426e8374ac110c4036c77c09ab_000000000727,21.483680
673,11dd74426e8374ac110c4036c77c09ab_000000000728,-20.830861
674,11dd74426e8374ac110c4036c77c09ab_000000000729,109.792285
675,11dd74426e8374ac110c4036c77c09ab_000000000730,9.436202
676,11dd74426e8374ac110c4036c77c09ab_000000000731,44.391691
677,11dd74426e8374ac110c4036c77c09ab_000000000732,29.258160
678,11dd74426e8374ac110c4036c77c09ab_000000000733,19.821958
679,11dd74426e8374ac110c4036c77c09ab_000000000734,-29.130108
680,11dd74426e8374ac110c4036c77c09ab_000000000735,22.305182
681,11dd74426e8374ac110c4036c77c09ab_000000000736,43.264095
682,11dd74426e8374ac110c4036c77c09ab_000000000737,4.747774
683,11dd74426e8374ac110c4036c77c09ab_000000000738,-16.971929
684,11dd74426e8374ac110c4036c77c09ab_000000000739,69.613911
685,11dd74426e8374ac110c4036c77c09ab_000000000740,-12.967875
686,11dd74426e8374ac110c4036c77c09ab_000000000741,0.058945
687,11dd74426e8374ac110c4036c77c09ab_000000000742,-11.258473
688,11dd74426e8374ac110c4036c77c09ab_000000000743,90.951960
689,11dd74426e8374ac110c4036c77c09ab_000000000744,10.845859
690,11dd74426e8374ac110c4036c77c09ab_000000000745,-510.403772
691,11dd74426e8374ac110c4036c77c09ab_000000000746,-43.265547
692,11dd74426e8374ac110c4036c77c09ab_000000000747,-25.228411
693,11dd74426e8374ac110c4036c77c09ab_000000000748,-15.443560
694,11dd74426e8374ac110c4036c77c09ab_000000000749,-24.167403
695,11dd74426e8374ac110c4036c77c09ab_000000000750,-34.895373
696,11dd74426e8374ac110c4036c77c09ab_000000000751,-10.197465
697,11dd74426e8374ac110c4036c77c09ab_000000000752,-32.124963
698,11dd74426e8374ac110c4036c77c09ab_000000000753,-36.899499
699,11dd74426e8374ac110c4036c77c09ab_000000000754,36.893657
700,11dd74426e8374ac110c4036c77c09ab_000000000755,-122.372026
701,11dd74426e8374ac110c4036c77c09ab_000000000756,82.825849
702,11dd74426e8374ac110c4036c77c09ab_000000000757,5.313497
703,11dd74426e8374ac110c4036c77c09ab_000000000758,-16.642755
704,11dd74426e8374ac110c4036c77c09ab_000000000759,24.677188
705,11dd74426e8374ac110c4036c77c09ab_000000000760,-6.083214
706,11dd74426e8374ac110c4036c77c09ab_000000000761,12.223816
707,11dd74426e8374ac110c4036c77c09ab_000000000762,-28.809182
708,11dd74426e8374ac110c4036c77c09ab_000000000763,516.714491
709,11dd74426e8374ac110c4036c77c09ab_000000000764,-68.048780
710,11dd74426e8374ac110c4036c77c09ab_000000000765,5.738881
711,11dd74426e8374ac110c4036c77c09ab_000000000766,17.560976
712,11dd74426e8374ac110c4036c77c09ab_000000000767,111.975444
713,11dd74426e8374ac110c4036c77c09ab_000000000768,66.350148
714,11dd74426e8374ac110c4036c77c09ab_000000000769,-95.341374
715,11dd74426e8374ac110c4036c77c09ab_000000000770,22.266858
716,11dd74426e8374ac110c4036c77c09ab_000000000771,69.513685
717,11dd74426e8374ac110c4036c77c09ab_000000000772,-24.569733
718,11dd74426e8374ac110c4036c77c09ab_000000000773,-71.859304
719,11dd74426e8374ac110c4036c77c09ab_000000000774,-51.248207
720,11dd74426e8374ac110c4036c77c09ab_000000000775,-713.974175
721,11dd74426e8374ac110c4036c77c09ab_000000000776,-26.800574
722,11dd74426e8374ac110c4036c77c09ab_000000000777,49.469154
723,11dd74426e8374ac110c4036c77c09ab_000000000778,-3.672884
724,11dd74426e8374ac110c4036c77c09ab_000000000779,8.723099
725,11dd74426e8374ac110c4036c77c09ab_000000000780,195.810617
726,11dd74426e8374ac110c4036c77c09ab_000000000781,-14.806313
727,11dd74426e8374ac110c4036c77c09ab_000000000782,-784.906743
728,11dd74426e8374ac110c4036c77c09ab_000000000783,8.091822
729,11dd74426e8374ac110c4036c77c09ab_000000000784,42.352941
730,11dd74426e8374ac110c4036c77c09ab_000000000785,98.250833
731,11dd74426e8374ac110c4036c77c09ab_000000000786,-301.602374
732,11dd74426e8374ac110c4036c77c09ab_000000000787,-28.728804
733,11dd74426e8374ac110c4036c77c09ab_000000000788,-14.461980
734,11dd74426e8374ac110c4036c77c09ab_000000000789,102.894048
735,11dd74426e8374ac110c4036c77c09ab_000000000790,1.661721
736,11dd74426e8374ac110c4036c77c09ab_000000000791,31.097923
737,11dd74426e8374ac110c4036c77c09ab_000000000792,58.753709
738,11dd74426e8374ac110c4036c77c09ab_000000000793,-5.459941
739,11dd74426e8374ac110c4036c77c09ab_000000000794,15.579264
740,11dd74426e8374ac110c4036c77c09ab_000000000795,11.227232
741,11dd74426e8374ac110c4036c77c09ab_000000000796,-138.668259
742,11dd74426e8374ac110c4036c77c09ab_000000000797,483.701526
743,11dd74426e8374ac110c4036c77c09ab_000000000798,-112.136499
744,11dd74426e8374ac110c4036c77c09ab_000000000799,7.055457
745,11dd74426e8374ac110c4036c77c09ab_000000000800,-77.858261
746,11dd74426e8374ac110c4036c77c09ab_000000000801,82.453393
747,11dd74426e8374ac110c4036c77c09ab_000000000802,5.305040
748,11dd74426e8374ac110c4036c77c09ab_000000000803,34.594509
749,11dd74426e8374ac110c4036c77c09ab_000000000804,8.034433
750,11dd74426e8374ac110c4036c77c09ab_000000000805,59.265452
751,11dd74426e8374ac110c4036c77c09ab_000000000806,15.765900
752,11dd74426e8374ac110c4036c77c09ab_000000000807,-29.215329
753,11dd74426e8374ac110c4036c77c09ab_000000000808,21.839763
754,11dd74426e8374ac110c4036c77c09ab_000000000809,37.744807
755,11dd74426e8374ac110c4036c77c09ab_000000000810,30.623145
756,11dd74426e8374ac110c4036c77c09ab_000000000811,7.359050
757,11dd74426e8374ac110c4036c77c09ab_000000000812,-25.114891
758,11dd74426e8374ac110c4036c77c09ab_000000000813,-67.306636
759,11dd74426e8374ac110c4036c77c09ab_000000000814,69.934527
760,11dd74426e8374ac110c4036c77c09ab_000000000815,-98.355374
761,11dd74426e8374ac110c4036c77c09ab_000000000816,62.523783
762,11dd74426e8374ac110c4036c77c09ab_000000000817,0.989214
763,11dd74426e8374ac110c4036c77c09ab_000000000818,-92.581602
764,11dd74426e8374ac110c4036c77c09ab_000000000819,-38.100890
765,11dd74426e8374ac110c4036c77c09ab_000000000820,11.568465
766,11dd74426e8374ac110c4036c77c09ab_000000000821,-84.583727
767,11dd74426e8374ac110c4036c77c09ab_000000000822,9.753381
768,11dd74426e8374ac110c4036c77c09ab_000000000823,84.626866
769,11dd74426e8374ac110c4036c77c09ab_000000000824,-91.038576
770,11dd74426e8374ac110c4036c77c09ab_000000000825,98.516320
771,11dd74426e8374ac110c4036c77c09ab_000000000826,-480.246966
772,11dd74426e8374ac110c4036c77c09ab_000000000827,239.060022
773,11dd74426e8374ac110c4036c77c09ab_000000000828,3.798220
774,11dd74426e8374ac110c4036c77c09ab_000000000829,96.388847
775,11dd74426e8374ac110c4036c77c09ab_000000000830,-164.191008
776,11dd74426e8374ac110c4036c77c09ab_000000000831,102.211094
777,11dd74426e8374ac110c4036c77c09ab_000000000832,7.001435
778,11dd74426e8374ac110c4036c77c09ab_000000000833,152.654232
779,11dd74426e8374ac110c4036c77c09ab_000000000834,47.058824
780,11dd74426e8374ac110c4036c77c09ab_000000000835,-26.628407
781,11dd74426e8374ac110c4036c77c09ab_000000000836,-101.397677
782,11dd74426e8374ac110c4036c77c09ab_000000000837,111.353699
783,11dd74426e8374ac110c4036c77c09ab_000000000838,54.480712
784,11dd74426e8374ac110c4036c77c09ab_000000000839,9.020772
785,11dd74426e8374ac110c4036c77c09ab_000000000840,-20.296736
786,11dd74426e8374ac110c4036c77c09ab_000000000841,0.830861
787,11dd74426e8374ac110c4036c77c09ab_000000000842,-187.265596
788,11dd74426e8374ac110c4036c77c09ab_000000000843,-5.305040
789,11dd74426e8374ac110c4036c77c09ab_000000000844,-62.127910
790,11dd74426e8374ac110c4036c77c09ab_000000000845,-60.197597
791,11dd74426e8374ac110c4036c77c09ab_000000000846,80.356748
792,11dd74426e8374ac110c4036c77c09ab_000000000847,-62.552593
793,11dd74426e8374ac110c4036c77c09ab_000000000848,-5.587695
794,11dd74426e8374ac110c4036c77c09ab_000000000849,-1196.118536
795,11dd74426e8374ac110c4036c77c09ab_000000000850,-66.424332
796,11dd74426e8374ac110c4036c77c09ab_000000000851,-2.373887
797,11dd74426e8374ac110c4036c77c09ab_000000000852,-22.908012
798,11dd74426e8374ac110c4036c77c09ab_000000000853,0.712166
799,11dd74426e8374ac110c4036c77c09ab_000000000854,-7.460166
800,11dd74426e8374ac110c4036c77c09ab_000000000855,-6.308380
801,11dd74426e8374ac110c4036c77c09ab_000000000856,22.314540
802,11dd74426e8374ac110c4036c77c09ab_000000000857,-5.934718
803,11dd74426e8374ac110c4036c77c09ab_000000000858,-34.458508
804,11dd74426e8374ac110c4036c77c09ab_000000000859,2.769838
805,11dd74426e8374ac110c4036c77c09ab_000000000860,-3.328551
806,11dd74426e8374ac110c4036c77c09ab_000000000861,12.702681
807,11dd74426e8374ac110c4036c77c09ab_000000000862,1.305638
808,11dd74426e8374ac110c4036c77c09ab_000000000863,-110.026399
809,11dd74426e8374ac110c4036c77c09ab_000000000864,0.104112
810,11dd74426e8374ac110c4036c77c09ab_000000000865,139.951960
811,11dd74426e8374ac110c4036c77c09ab_000000000866,-78.344563
812,11dd74426e8374ac110c4036c77c09ab_000000000867,106.237738
813,11dd74426e8374ac110c4036c77c09ab_000000000868,-9.851632
814,11dd74426e8374ac110c4036c77c09ab_000000000869,0.237389
815,11dd74426e8374ac110c4036c77c09ab_000000000870,154.777448
816,11dd74426e8374ac110c4036c77c09ab_000000000871,15.548961
817,11dd74426e8374ac110c4036c77c09ab_000000000872,23.264095
818,11dd74426e8374ac110c4036c77c09ab_000000000873,12.818991
819,11dd74426e8374ac110c4036c77c09ab_000000000874,-154.183976
820,11dd74426e8374ac110c4036c77c09ab_000000000875,-26.706231
821,11dd74426e8374ac110c4036c77c09ab_000000000876,-2.492582
822,11dd74426e8374ac110c4036c77c09ab_000000000877,14.362018
823,11dd74426e8374ac110c4036c77c09ab_000000000878,167.002967
824,11dd74426e8374ac110c4036c77c09ab_000000000879,-178.278932
825,11dd74426e8374ac110c4036c77c09ab_000000000880,199.643917
826,11dd74426e8374ac110c4036c77c09ab_000000000881,-165.665893
827,11dd74426e8374ac110c4036c77c09ab_000000000882,-40.940263
828,11dd74426e8374ac110c4036c77c09ab_000000000883,-16.990561
829,11dd74426e8374ac110c4036c77c09ab_000000000884,-55.335035
830,11dd74426e8374ac110c4036c77c09ab_000000000891,140.044510
831,11dd74426e8374ac110c4036c77c09ab_000000000892,-46.632047
832,11dd74426e8374ac110c4036c77c09ab_000000000893,495.092746
833,11dd74426e8374ac110c4036c77c09ab_000000000894,-39.024390
834,11dd74426e8374ac110c4036c77c09ab_000000000895,25.251076
835,11dd74426e8374ac110c4036c77c09ab_000000000896,27.167215
836,11dd74426e8374ac110c4036c77c09ab_000000000897,0.000000
837,11dd74426e8374ac110c4036c77c09ab_000000000898,-19.362337
838,11dd74426e8374ac110c4036c77c09ab_000000000899,0.918221
839,11dd74426e8374ac110c4036c77c09ab_000000000900,70.243902
840,11dd74426e8374ac110c4036c77c09ab_000000000901,14.691535
841,11dd74426e8374ac110c4036c77c09ab_000000000902,53.486370
842,11dd74426e8374ac110c4036c77c09ab_000000000903,4.361549
843,11dd74426e8374ac110c4036c77c09ab_000000000904,12.625538
844,11dd74426e8374ac110c4036c77c09ab_000000000905,-77.233030
845,11dd74426e8374ac110c4036c77c09ab_000000000906,58.112837
846,11dd74426e8374ac110c4036c77c09ab_000000000907,4.235994
847,11dd74426e8374ac110c4036c77c09ab_000000000908,5.589895
848,11dd74426e8374ac110c4036c77c09ab_000000000909,-9.244827
849,11dd74426e8374ac110c4036c77c09ab_000000000910,-9.029831
850,11dd74426e8374ac110c4036c77c09ab_000000000911,-11.609782
851,11dd74426e8374ac110c4036c77c09ab_000000000912,61.813132
852,11dd74426e8374ac110c4036c77c09ab_000000000913,6.385341
853,11dd74426e8374ac110c4036c77c09ab_000000000914,-366.815370
854,11dd74426e8374ac110c4036c77c09ab_000000000915,-21.008902
855,11dd74426e8374ac110c4036c77c09ab_000000000916,-60.315651
856,11dd74426e8374ac110c4036c77c09ab_000000000917,-17.656857
857,11dd74426e8374ac110c4036c77c09ab_000000000918,-24.764020
858,11dd74426e8374ac110c4036c77c09ab_000000000919,-5.774570
859,11dd74426e8374ac110c4036c77c09ab_000000000920,27.717361
860,11dd74426e8374ac110c4036c77c09ab_000000000921,-31.715140
861,11dd74426e8374ac110c4036c77c09ab_000000000922,-44.081396
862,11dd74426e8374ac110c4036c77c09ab_000000000923,37.196332
863,11dd74426e8374ac110c4036c77c09ab_000000000924,0.222099
864,11dd74426e8374ac110c4036c77c09ab_000000000925,-26.651860
865,11dd74426e8374ac110c4036c77c09ab_000000000926,-1.554692
866,11dd74426e8374ac110c4036c77c09ab_000000000927,5.663520
867,11dd74426e8374ac110c4036c77c09ab_000000000928,-26.985008
868,11dd74426e8374ac110c4036c77c09ab_000000000929,1.998890
869,11dd74426e8374ac110c4036c77c09ab_000000000930,-26.438595
870,11dd74426e8374ac110c4036c77c09ab_000000000931,4.944907
871,11dd74426e8374ac110c4036c77c09ab_000000000932,-2.794948
872,11dd74426e8374ac110c4036c77c09ab_000000000933,-5.374899
873,11dd74426e8374ac110c4036c77c09ab_000000000934,62.670283
874,11dd74426e8374ac110c4036c77c09ab_000000000935,119.274598
875,11dd74426e8374ac110c4036c77c09ab_000000000936,34.159451
876,11dd74426e8374ac110c4036c77c09ab_000000000937,-403.580816
877,11dd74426e8374ac110c4036c77c09ab_000000000938,-29.454448
878,11dd74426e8374ac110c4036c77c09ab_000000000939,244.235421
879,11dd74426e8374ac110c4036c77c09ab_000000000940,32.894383
880,11dd74426e8374ac110c4036c77c09ab_000000000941,-37.194303
881,11dd74426e8374ac110c4036c77c09ab_000000000942,-12.663633
882,11dd74426e8374ac110c4036c77c09ab_000000000943,85.726855
883,11dd74426e8374ac110c4036c77c09ab_000000000944,5.934718
884,11dd74426e8374ac110c4036c77c09ab_000000000945,19.228487
885,11dd74426e8374ac110c4036c77c09ab_000000000946,-5.222552
886,11dd74426e8374ac110c4036c77c09ab_000000000947,43.954960
887,11dd74426e8374ac110c4036c77c09ab_000000000948,-30.898580
888,11dd74426e8374ac110c4036c77c09ab_000000000949,-56.536214
889,11dd74426e8374ac110c4036c77c09ab_000000000950,4.441977
890,11dd74426e8374ac110c4036c77c09ab_000000000951,51.067022
891,11dd74426e8374ac110c4036c77c09ab_000000000952,-1.650457
892,11dd74426e8374ac110c4036c77c09ab_000000000953,-29.482581
893,11dd74426e8374ac110c4036c77c09ab_000000000954,-43.771176
894,11dd74426e8374ac110c4036c77c09ab_000000000955,3.463012
895,11dd74426e8374ac110c4036c77c09ab_000000000956,-191.217212
896,11dd74426e8374ac110c4036c77c09ab_000000000957,-41.968759
897,11dd74426e8374ac110c4036c77c09ab_000000000958,-139.294135
898,11dd74426e8374ac110c4036c77c09ab_000000000959,-298.902151
899,11dd74426e8374ac110c4036c77c09ab_000000000960,54.347185
900,11dd74426e8374ac110c4036c77c09ab_000000000961,-55.172414
901,11dd74426e8374ac110c4036c77c09ab_000000000962,149.779761
902,11dd74426e8374ac110c4036c77c09ab_000000000963,-11.377168
903,11dd74426e8374ac110c4036c77c09ab_000000000964,-18.037135
904,11dd74426e8374ac110c4036c77c09ab_000000000965,-139.817271
905,11dd74426e8374ac110c4036c77c09ab_000000000966,7.309166
906,11dd74426e8374ac110c4036c77c09ab_000000000967,-4.487088
907,11dd74426e8374ac110c4036c77c09ab_000000000968,-3.204748
908,11dd74426e8374ac110c4036c77c09ab_000000000969,52.489949
909,11dd74426e8374ac110c4036c77c09ab_000000000970,-4.597701
910,11dd74426e8374ac110c4036c77c09ab_000000000971,-4.833481
911,11dd74426e8374ac110c4036c77c09ab_000000000972,-13.147788
912,11dd74426e8374ac110c4036c77c09ab_000000000973,-7.121662
913,11dd74426e8374ac110c4036c77c09ab_000000000974,8.952032
914,11dd74426e8374ac110c4036c77c09ab_000000000975,5.894489
915,11dd74426e8374ac110c4036c77c09ab_000000000976,10.435379
916,11dd74426e8374ac110c4036c77c09ab_000000000977,-7.240356
917,11dd74426e8374ac110c4036c77c09ab_000000000978,-32.785356
918,11dd74426e8374ac110c4036c77c09ab_000000000979,66.961391
919,11dd74426e8374ac110c4036c77c09ab_000000000980,-37.371058
920,11dd74426e8374ac110c4036c77c09ab_000000000981,-27.738567
921,11dd74426e8374ac110c4036c77c09ab_000000000982,24.761483
922,11dd74426e8374ac110c4036c77c09ab_000000000983,-48.419556
923,11dd74426e8374ac110c4036c77c09ab_000000000984,-20.653171
924,11dd74426e8374ac110c4036c77c09ab_000000000985,5.361631
925,11dd74426e8374ac110c4036c77c09ab_000000000986,-9.048548
926,11dd74426e8374ac110c4036c77c09ab_000000000987,-8.071217
927,11dd74426e8374ac110c4036c77c09ab_000000000988,6.053412
928,11dd74426e8374ac110c4036c77c09ab_000000000989,-12.166172
929,11dd74426e8374ac110c4036c77c09ab_000000000990,-68.808805
930,11dd74426e8374ac110c4036c77c09ab_000000000991,-17.425300
931,11dd74426e8374ac110c4036c77c09ab_000000000992,-42.478163
932,11dd74426e8374ac110c4036c77c09ab_000000000993,-0.418035
933,11dd74426e8374ac110c4036c77c09ab_000000000994,4.550566
934,11dd74426e8374ac110c4036c77c09ab_000000000995,7.250361
935,11dd74426e8374ac110c4036c77c09ab_000000000996,-12.047478
936,11dd74426e8374ac110c4036c77c09ab_000000000997,3.618219
937,11dd74426e8374ac110c4036c77c09ab_000000000998,19.039198
938,11dd74426e8374ac110c4036c77c09ab_000000000999,773.395995
939,11dd74426e8374ac110c4036c77c09ab_000000001000,11.483680
940,11dd74426e8374ac110c4036c77c09ab_000000001001,-30.738796
941,11dd74426e8374ac110c4036c77c09ab_000000001002,0.590428
942,11dd74426e8374ac110c4036c77c09ab_000000001003,-1.769326
943,11dd74426e8374ac110c4036c77c09ab_000000001004,2.718881
944,11dd74426e8374ac110c4036c77c09ab_000000001005,9.732938
945,11dd74426e8374ac110c4036c77c09ab_000000001006,2.611276
946,11dd74426e8374ac110c4036c77c09ab_000000001007,6.884273
947,11dd74426e8374ac110c4036c77c09ab_000000001008,50.326409
948,11dd74426e8374ac110c4036c77c09ab_000000001009,25.875371
949,11dd74426e8374ac110c4036c77c09ab_000000001010,11.157270
950,11dd74426e8374ac110c4036c77c09ab_000000001011,-9.495549
951,11dd74426e8374ac110c4036c77c09ab_000000001012,-0.783460
952,11dd74426e8374ac110c4036c77c09ab_000000001013,0.000000
953,11dd74426e8374ac110c4036c77c09ab_000000001014,3.065134
954,11dd74426e8374ac110c4036c77c09ab_000000001015,-105.365482
955,11dd74426e8374ac110c4036c77c09ab_000000001016,107.723278
956,11dd74426e8374ac110c4036c77c09ab_000000001017,-131.098828
957,11dd74426e8374ac110c4036c77c09ab_000000001018,-5.622072
958,11dd74426e8374ac110c4036c77c09ab_000000001019,133.184207
959,11dd74426e8374ac110c4036c77c09ab_000000001020,26.171530
960,11dd74426e8374ac110c4036c77c09ab_000000001021,9.520946
961,11dd74426e8374ac110c4036c77c09ab_000000001022,3.560831
962,11dd74426e8374ac110c4036c77c09ab_000000001023,-1.186944
963,11dd74426e8374ac110c4036c77c09ab_000000001024,2.373887
964,11dd74426e8374ac110c4036c77c09ab_000000001025,-11.394659
965,11dd74426e8374ac110c4036c77c09ab_000000001026,12.255255
966,11dd74426e8374ac110c4036c77c09ab_000000001027,3.822036
967,11dd74426e8374ac110c4036c77c09ab_000000001028,1.911018
968,11dd74426e8374ac110c4036c77c09ab_000000001029,-57.632226
969,11dd74426e8374ac110c4036c77c09ab_000000001030,-15.192878
970,11dd74426e8374ac110c4036c77c09ab_000000001031,-23.920192
971,11dd74426e8374ac110c4036c77c09ab_000000001032,-123.015729
972,11dd74426e8374ac110c4036c77c09ab_000000001033,-15.481221
973,11dd74426e8374ac110c4036c77c09ab_000000001034,-61.203036
974,11dd74426e8374ac110c4036c77c09ab_000000001035,-693.787823
975,11dd74426e8374ac110c4036c77c09ab_000000001036,556.302054
976,11dd74426e8374ac110c4036c77c09ab_000000001037,53.740652
977,11dd74426e8374ac110c4036c77c09ab_000000001038,-59.943005
978,11dd74426e8374ac110c4036c77c09ab_000000001039,16.395786
979,11dd74426e8374ac110c4036c77c09ab_000000001040,-41.115762
980,11dd74426e8374ac110c4036c77c09ab_000000001041,145.330543
981,11dd74426e8374ac110c4036c77c09ab_000000001042,40.415704
982,11dd74426e8374ac110c4036c77c09ab_000000001043,115.801062
983,11dd74426e8374ac110c4036c77c09ab_000000001044,22.563530
984,11dd74426e8374ac110c4036c77c09ab_000000001045,-53.426632
985,11dd74426e8374ac110c4036c77c09ab_000000001050,-375.273141
986,11dd74426e8374ac110c4036c77c09ab_000000001051,-9.139466
987,11dd74426e8374ac110c4036c77c09ab_000000001052,330.029674
988,11dd74426e8374ac110c4036c77c09ab_000000001053,6.231454
989,11dd74426e8374ac110c4036c77c09ab_000000001054,-80.949555
990,11dd74426e8374ac110c4036c77c09ab_000000001055,36.795252
991,11dd74426e8374ac110c4036c77c09ab_000000001056,57.448071
1020,11dd74426e8374ac110c4036c77c09ab_000000001085,-17.153126
1021,11dd74426e8374ac110c4036c77c09ab_000000001086,-19.532641
1022,11dd74426e8374ac110c4036c77c09ab_000000001087,17.329377
1023,11dd74426e8374ac110c4036c77c09ab_000000001088,-8.664688
1024,11dd74426e8374ac110c4036c77c09ab_000000001089,2.373887
1025,11dd74426e8374ac110c4036c77c09ab_000000001090,-3.456973
1026,11dd74426e8374ac110c4036c77c09ab_000000001091,3.694362
1027,11dd74426e8374ac110c4036c77c09ab_000000001092,-29.847622
1028,11dd74426e8374ac110c4036c77c09ab_000000001093,5.351351
1029,11dd74426e8374ac110c4036c77c09ab_000000001094,22.750553
1030,11dd74426e8374ac110c4036c77c09ab_000000001095,-38.285455
1031,11dd74426e8374ac110c4036c77c09ab_000000001096,12.789724
1032,11dd74426e8374ac110c4036c77c09ab_000000001097,3.839710
1033,11dd74426e8374ac110c4036c77c09ab_000000001098,1.605697
1034,11dd74426e8374ac110c4036c77c09ab_000000001099,13.995806
1035,11dd74426e8374ac110c4036c77c09ab_000000001100,-1.162123
1036,11dd74426e8374ac110c4036c77c09ab_000000001101,-15.674792
1037,11dd74426e8374ac110c4036c77c09ab_000000001102,-219.655747
1038,11dd74426e8374ac110c4036c77c09ab_000000001103,-10.383120
1039,11dd74426e8374ac110c4036c77c09ab_000000001104,-10.421425
1040,11dd74426e8374ac110c4036c77c09ab_000000001105,9.533030
1041,11dd74426e8374ac110c4036c77c09ab_000000001106,-3.412292
1042,11dd74426e8374ac110c4036c77c09ab_000000001107,0.573888
1043,11dd74426e8374ac110c4036c77c09ab_000000001108,28.657393
1044,11dd74426e8374ac110c4036c77c09ab_000000001109,10.539163
1045,11dd74426e8374ac110c4036c77c09ab_000000001110,-12.395983
1046,11dd74426e8374ac110c4036c77c09ab_000000001111,-13.773314
1047,11dd74426e8374ac110c4036c77c09ab_000000001119,57.995486
1048,11dd74426e8374ac110c4036c77c09ab_000000001120,3.456413
1049,11dd74426e8374ac110c4036c77c09ab_000000001121,476.281243
1050,11dd74426e8374ac110c4036c77c09ab_000000001122,-19.799139
1051,11dd74426e8374ac110c4036c77c09ab_000000001123,53.486370
1052,11dd74426e8374ac110c4036c77c09ab_000000001124,-36.022177
1053,11dd74426e8374ac110c4036c77c09ab_000000001125,4.618016
1054,11dd74426e8374ac110c4036c77c09ab_000000001126,16.932725
1055,11dd74426e8374ac110c4036c77c09ab_000000001127,-98.871462
1056,11dd74426e8374ac110c4036c77c09ab_000000001128,11.879484
1057,11dd74426e8374ac110c4036c77c09ab_000000001129,8.321377
1058,11dd74426e8374ac110c4036c77c09ab_000000001130,12.223816
1059,11dd74426e8374ac110c4036c77c09ab_000000001131,-25.308465
1060,11dd74426e8374ac110c4036c77c09ab_000000001132,5.911047
1061,11dd74426e8374ac110c4036c77c09ab_000000001133,-0.688666
1062,11dd74426e8374ac110c4036c77c09ab_000000001134,-374.584577
1063,11dd74426e8374ac110c4036c77c09ab_000000001135,-6.419727
1064,11dd74426e8374ac110c4036c77c09ab_000000001136,3.443329
1065,11dd74426e8374ac110c4036c77c09ab_000000001137,-0.918221
1066,11dd74426e8374ac110c4036c77c09ab_000000001138,-15.870704
1067,11dd74426e8374ac110c4036c77c09ab_000000001139,3.831418
1068,11dd74426e8374ac110c4036c77c09ab_000000001140,-1.191384
1069,11dd74426e8374ac110c4036c77c09ab_000000001141,14.491949
1070,11dd74426e8374ac110c4036c77c09ab_000000001142,21.257528
1071,11dd74426e8374ac110c4036c77c09ab_000000001143,-47.477745
1072,11dd74426e8374ac110c4036c77c09ab_000000001144,-22.017804
1073,11dd74426e8374ac110c4036c77c09ab_000000001145,15.727003
1074,11dd74426e8374ac110c4036c77c09ab_000000001146,1.721068
1075,11dd74426e8374ac110c4036c77c09ab_000000001147,-17.461021
1076,11dd74426e8374ac110c4036c77c09ab_000000001148,20.072297
1077,11dd74426e8374ac110c4036c77c09ab_000000001149,561.199945
1078,11dd74426e8374ac110c4036c77c09ab_000000001150,-62.624277
1079,11dd74426e8374ac110c4036c77c09ab_000000001151,-27.121662
1080,11dd74426e8374ac110c4036c77c09ab_000000001152,-8.771594
1081,11dd74426e8374ac110c4036c77c09ab_000000001153,-10.786914
1082,11dd74426e8374ac110c4036c77c09ab_000000001154,-24.422910
1083,11dd74426e8374ac110c4036c77c09ab_000000001155,-21.318322
1084,11dd74426e8374ac110c4036c77c09ab_000000001156,13.014874
1085,11dd74426e8374ac110c4036c77c09ab_000000001157,-370.504451
1086,11dd74426e8374ac110c4036c77c09ab_000000001158,27.598052
1087,11dd74426e8374ac110c4036c77c09ab_000000001159,13.018812
1088,11dd74426e8374ac110c4036c77c09ab_000000001160,-0.537474
1089,11dd74426e8374ac110c4036c77c09ab_000000001161,-9.077337
1090,11dd74426e8374ac110c4036c77c09ab_000000001162,-2.747089
1091,11dd74426e8374ac110c4036c77c09ab_000000001163,-14.486418
1092,11dd74426e8374ac110c4036c77c09ab_000000001164,-1.872838
1093,11dd74426e8374ac110c4036c77c09ab_000000001165,-3.418803
1094,11dd74426e8374ac110c4036c77c09ab_000000001166,6.656627
1095,11dd74426e8374ac110c4036c77c09ab_000000001167,-3.798220
1096,11dd74426e8374ac110c4036c77c09ab_000000001168,-27.143700
1097,11dd74426e8374ac110c4036c77c09ab_000000001169,2.475685
1098,11dd74426e8374ac110c4036c77c09ab_000000001170,18.037135
1099,11dd74426e8374ac110c4036c77c09ab_000000001171,-8.723843
1100,11dd74426e8374ac110c4036c77c09ab_000000001172,-29.927176
1101,11dd74426e8374ac110c4036c77c09ab_000000001173,30.575570
1102,11dd74426e8374ac110c4036c77c09ab_000000001174,20.512821
1103,11dd74426e8374ac110c4036c77c09ab_000000001175,-19.427586
1104,11dd74426e8374ac110c4036c77c09ab_000000001176,24.807693
1105,11dd74426e8374ac110c4036c77c09ab_000000001177,-51.776650
1106,11dd74426e8374ac110c4036c77c09ab_000000001178,-7.046880
1107,11dd74426e8374ac110c4036c77c09ab_000000001179,7.345476
1108,11dd74426e8374ac110c4036c77c09ab_000000001180,-1.429613
1109,11dd74426e8374ac110c4036c77c09ab_000000001181,-50.445104
1110,11dd74426e8374ac110c4036c77c09ab_000000001182,4.094955
1111,11dd74426e8374ac110c4036c77c09ab_000000001183,-8.356399
1112,11dd74426e8374ac110c4036c77c09ab_000000001184,-29.447756
1113,11dd74426e8374ac110c4036c77c09ab_000000001185,-4.866469
1114,11dd74426e8374ac110c4036c77c09ab_000000001186,2.901863
1115,11dd74426e8374ac110c4036c77c09ab_000000001187,1.254106
1116,11dd74426e8374ac110c4036c77c09ab_000000001188,-72.642615
1117,11dd74426e8374ac110c4036c77c09ab_000000001189,17.282806
1118,11dd74426e8374ac110c4036c77c09ab_000000001190,-8.300985
1119,11dd74426e8374ac110c4036c77c09ab_000000001191,-27.112571
1120,11dd74426e8374ac110c4036c77c09ab_000000001192,-5.792774
1121,11dd74426e8374ac110c4036c77c09ab_000000001193,21.976709
1122,11dd74426e8374ac110c4036c77c09ab_000000001194,-22.932219
1123,11dd74426e8374ac110c4036c77c09ab_000000001195,40.250821
1124,11dd74426e8374ac110c4036c77c09ab_000000001196,-9.098968
1125,11dd74426e8374ac110c4036c77c09ab_000000001197,11.494253
1126,11dd74426e8374ac110c4036c77c09ab_000000001198,-44.770041
1127,11dd74426e8374ac110c4036c77c09ab_000000001199,-13.412463
1128,11dd74426e8374ac110c4036c77c09ab_000000001200,158.325290
1129,11dd74426e8374ac110c4036c77c09ab_000000001201,24.372947
1130,11dd74426e8374ac110c4036c77c09ab_000000001202,-64.400913
1131,11dd74426e8374ac110c4036c77c09ab_000000001203,28.579627
1132,11dd74426e8374ac110c4036c77c09ab_000000001204,237.801291
1133,11dd74426e8374ac110c4036c77c09ab_000000001205,-62.593257
1134,11dd74426e8374ac110c4036c77c09ab_000000001206,-5.451937
1135,11dd74426e8374ac110c4036c77c09ab_000000001207,-17.159254
1136,11dd74426e8374ac110c4036c77c09ab_000000001208,-6.384505
1137,11dd74426e8374ac110c4036c77c09ab_000000001209,-15.694238
1138,11dd74426e8374ac110c4036c77c09ab_000000001210,-13.236920
1139,11dd74426e8374ac110c4036c77c09ab_000000001211,-3.531542
1140,11dd74426e8374ac110c4036c77c09ab_000000001212,-20.030539
1141,11dd74426e8374ac110c4036c77c09ab_000000001213,-19.060871
1142,11dd74426e8374ac110c4036c77c09ab_000000001214,-11.394786
1143,11dd74426e8374ac110c4036c77c09ab_000000001215,-5.536146
1144,11dd74426e8374ac110c4036c77c09ab_000000001216,-3.999868
1145,11dd74426e8374ac110c4036c77c09ab_000000001217,-3.164908
1146,11dd74426e8374ac110c4036c77c09ab_000000001218,4.702903
1147,11dd74426e8374ac110c4036c77c09ab_000000001219,6.945257
1148,11dd74426e8374ac110c4036c77c09ab_000000001220,-2.508552
1149,11dd74426e8374ac110c4036c77c09ab_000000001221,-9.692132
1150,11dd74426e8374ac110c4036c77c09ab_000000001222,-5.074116
1151,11dd74426e8374ac110c4036c77c09ab_000000001223,-2.353383
1152,11dd74426e8374ac110c4036c77c09ab_000000001224,-3.803972
1153,11dd74426e8374ac110c4036c77c09ab_000000001225,-2.508552
1154,11dd74426e8374ac110c4036c77c09ab_000000001226,-3.859089
1155,11dd74426e8374ac110c4036c77c09ab_000000001227,-3.086053
1156,11dd74426e8374ac110c4036c77c09ab_000000001228,-15.574812
1157,11dd74426e8374ac110c4036c77c09ab_000000001229,-5.473204
1158,11dd74426e8374ac110c4036c77c09ab_000000001230,-4.503991
1159,11dd74426e8374ac110c4036c77c09ab_000000001231,1.686287
