instance_id,frame_id,frame_name,speed_nm_per_s
1,1,11dd74426e8374ac110c4036c77c09ab_000000000001,675.235885
1,2,11dd74426e8374ac110c4036c77c09ab_000000000002,53.479273
1,3,11dd74426e8374ac110c4036c77c09ab_000000000003,45.831211
1,4,11dd74426e8374ac110c4036c77c09ab_000000000004,70.238488
1,5,11dd74426e8374ac110c4036c77c09ab_000000000005,136.868460
1,6,11dd74426e8374ac110c4036c77c09ab_000000000006,301.950852
1,7,11dd74426e8374ac110c4036c77c09ab_000000000007,118.468667
1,8,11dd74426e8374ac110c4036c77c09ab_000000000008,189.272518
1,9,11dd74426e8374ac110c4036c77c09ab_000000000009,238.552215
1,10,11dd74426e8374ac110c4036c77c09ab_000000000010,26.705511
4,13,11dd74426e8374ac110c4036c77c09ab_000000000013,239.754622
4,14,11dd74426e8374ac110c4036c77c09ab_000000000014,443.349883
4,15,11dd74426e8374ac110c4036c77c09ab_000000000015,384.111083
4,16,11dd74426e8374ac110c4036c77c09ab_000000000016,143.595559
4,17,11dd74426e8374ac110c4036c77c09ab_000000000017,235.290562
4,18,11dd74426e8374ac110c4036c77c09ab_000000000018,107.058738
4,19,11dd74426e8374ac110c4036c77c09ab_000000000019,23.380379
4,20,11dd74426e8374ac110c4036c77c09ab_000000000020,200.473672
4,21,11dd74426e8374ac110c4036c77c09ab_000000000021,34.173464
4,22,11dd74426e8374ac110c4036c77c09ab_000000000022,115.408484
4,23,11dd74426e8374ac110c4036c77c09ab_000000000023,43.232241
4,24,11dd74426e8374ac110c4036c77c09ab_000000000024,124.357175
4,25,11dd74426e8374ac110c4036c77c09ab_000000000025,52.086948
4,26,11dd74426e8374ac110c4036c77c09ab_000000000026,44.570734
4,27,11dd74426e8374ac110c4036c77c09ab_000000000027,87.492536
4,28,11dd74426e8374ac110c4036c77c09ab_000000000028,89.807676
4,29,11dd74426e8374ac110c4036c77c09ab_000000000029,80.133365
4,30,11dd74426e8374ac110c4036c77c09ab_000000000030,66.871165
7,33,11dd74426e8374ac110c4036c77c09ab_000000000033,143.396592
7,34,11dd74426e8374ac110c4036c77c09ab_000000000034,131.122008
7,35,11dd74426e8374ac110c4036c77c09ab_000000000035,39.834696
7,36,11dd74426e8374ac110c4036c77c09ab_000000000036,132.570566
7,37,11dd74426e8374ac110c4036c77c09ab_000000000037,69.605072
7,38,11dd74426e8374ac110c4036c77c09ab_000000000038,31.493303
7,39,11dd74426e8374ac110c4036c77c09ab_000000000039,20.339620
7,40,11dd74426e8374ac110c4036c77c09ab_000000000040,70.735725
7,41,11dd74426e8374ac110c4036c77c09ab_000000000041,198.325154
7,42,11dd74426e8374ac110c4036c77c09ab_000000000042,62.996386
7,43,11dd74426e8374ac110c4036c77c09ab_000000000043,378.077379
7,44,11dd74426e8374ac110c4036c77c09ab_000000000044,364.042005
7,45,11dd74426e8374ac110c4036c77c09ab_000000000045,89.051894
7,46,11dd74426e8374ac110c4036c77c09ab_000000000046,204.876394
7,47,11dd74426e8374ac110c4036c77c09ab_000000000047,178.552195
7,48,11dd74426e8374ac110c4036c77c09ab_000000000048,57.542255
7,49,11dd74426e8374ac110c4036c77c09ab_000000000049,115.138033
7,50,11dd74426e8374ac110c4036c77c09ab_000000000050,254.953971
7,51,11dd74426e8374ac110c4036c77c09ab_000000000051,34.833036
7,52,11dd74426e8374ac110c4036c77c09ab_000000000052,110.876535
7,53,11dd74426e8374ac110c4036c77c09ab_000000000059,458.510084
7,54,11dd74426e8374ac110c4036c77c09ab_000000000060,151.533478
7,55,11dd74426e8374ac110c4036c77c09ab_000000000061,68.082121
7,56,11dd74426e8374ac110c4036c77c09ab_000000000062,227.870174
7,57,11dd74426e8374ac110c4036c77c09ab_000000000063,57.352724
7,58,11dd74426e8374ac110c4036c77c09ab_000000000064,35.928360
7,59,11dd74426e8374ac110c4036c77c09ab_000000000065,108.268855
7,60,11dd74426e8374ac110c4036c77c09ab_000000000066,68.556081
7,61,11dd74426e8374ac110c4036c77c09ab_000000000067,36.442533
7,62,11dd74426e8374ac110c4036c77c09ab_000000000068,49.678271
7,63,11dd74426e8374ac110c4036c77c09ab_000000000069,34.241953
7,64,11dd74426e8374ac110c4036c77c09ab_000000000070,40.929532
7,65,11dd74426e8374ac110c4036c77c09ab_000000000071,190.985737
7,66,11dd74426e8374ac110c4036c77c09ab_000000000072,32.825524
7,67,11dd74426e8374ac110c4036c77c09ab_000000000073,95.666182
7,68,11dd74426e8374ac110c4036c77c09ab_000000000074,415.244848
7,69,11dd74426e8374ac110c4036c77c09ab_000000000075,99.503982
7,70,11dd74426e8374ac110c4036c77c09ab_000000000076,472.618914
7,71,11dd74426e8374ac110c4036c77c09ab_000000000077,73.894511
7,72,11dd74426e8374ac110c4036c77c09ab_000000000078,108.131451
7,73,11dd74426e8374ac110c4036c77c09ab_000000000079,81.876121
7,74,11dd74426e8374ac110c4036c77c09ab_000000000080,161.693874
7,75,11dd74426e8374ac110c4036c77c09ab_000000000081,40.635973
7,76,11dd74426e8374ac110c4036c77c09ab_000000000082,63.127336
7,77,11dd74426e8374ac110c4036c77c09ab_000000000083,3.074569
7,78,11dd74426e8374ac110c4036c77c09ab_000000000084,195.300847
7,79,11dd74426e8374ac110c4036c77c09ab_000000000085,85.861788
7,80,11dd74426e8374ac110c4036c77c09ab_000000000086,11.576318
7,81,11dd74426e8374ac110c4036c77c09ab_000000000087,52.177228
7,82,11dd74426e8374ac110c4036c77c09ab_000000000088,85.685012
7,83,11dd74426e8374ac110c4036c77c09ab_000000000089,22.737783
7,84,11dd74426e8374ac110c4036c77c09ab_000000000090,24.712304
7,85,11dd74426e8374ac110c4036c77c09ab_000000000091,37.260652
7,86,11dd74426e8374ac110c4036c77c09ab_000000000092,302.245898
7,87,11dd74426e8374ac110c4036c77c09ab_000000000093,54.975923
7,88,11dd74426e8374ac110c4036c77c09ab_000000000094,351.489920
7,89,11dd74426e8374ac110c4036c77c09ab_000000000095,114.361284
7,90,11dd74426e8374ac110c4036c77c09ab_000000000096,96.527040
7,91,11dd74426e8374ac110c4036c77c09ab_000000000097,49.110757
7,92,11dd74426e8374ac110c4036c77c09ab_000000000098,125.897327
7,93,11dd74426e8374ac110c4036c77c09ab_000000000099,73.332171
7,94,11dd74426e8374ac110c4036c77c09ab_000000000100,130.283111
7,95,11dd74426e8374ac110c4036c77c09ab_000000000101,323.766643
7,96,11dd74426e8374ac110c4036c77c09ab_000000000102,22.885339
7,97,11dd74426e8374ac110c4036c77c09ab_000000000103,636.378290
7,98,11dd74426e8374ac110c4036c77c09ab_000000000104,120.510216
7,99,11dd74426e8374ac110c4036c77c09ab_000000000105,295.164130
7,100,11dd74426e8374ac110c4036c77c09ab_000000000106,134.645307
7,101,11dd74426e8374ac110c4036c77c09ab_000000000107,80.340901
7,102,11dd74426e8374ac110c4036c77c09ab_000000000108,181.215248
7,103,11dd74426e8374ac110c4036c77c09ab_000000000109,148.111394
7,104,11dd74426e8374ac110c4036c77c09ab_000000000110,157.143273
7,105,11dd74426e8374ac110c4036c77c09ab_000000000111,58.197505
7,106,11dd74426e8374ac110c4036c77c09ab_000000000112,123.250207
7,107,11dd74426e8374ac110c4036c77c09ab_000000000113,199.424131
7,108,11dd74426e8374ac110c4036c77c09ab_000000000114,157.450959
7,109,11dd74426e8374ac110c4036c77c09ab_000000000115,425.801398
7,110,11dd74426e8374ac110c4036c77c09ab_000000000116,22.198778
7,111,11dd74426e8374ac110c4036c77c09ab_000000000117,222.197413
7,112,11dd74426e8374ac110c4036c77c09ab_000000000118,30.202242
7,113,11dd74426e8374ac110c4036c77c09ab_000000000119,54.410380
7,114,11dd74426e8374ac110c4036c77c09ab_000000000120,83.560551
7,115,11dd74426e8374ac110c4036c77c09ab_000000000121,385.138644
7,116,11dd74426e8374ac110c4036c77c09ab_000000000122,276.727225
7,117,11dd74426e8374ac110c4036c77c09ab_000000000123,60.678230
7,118,11dd74426e8374ac110c4036c77c09ab_000000000124,205.697042
7,119,11dd74426e8374ac110c4036c77c09ab_000000000125,116.964689
7,120,11dd74426e8374ac110c4036c77c09ab_000000000126,200.886365
7,121,11dd74426e8374ac110c4036c77c09ab_000000000127,133.164884
7,122,11dd74426e8374ac110c4036c77c09ab_000000000128,151.667622
7,123,11dd74426e8374ac110c4036c77c09ab_000000000129,56.002803
7,124,11dd74426e8374ac110c4036c77c09ab_000000000130,52.300574
7,125,11dd74426e8374ac110c4036c77c09ab_000000000131,172.741754
7,126,11dd74426e8374ac110c4036c77c09ab_000000000132,128.038694
7,127,11dd74426e8374ac110c4036c77c09ab_000000000133,160.488507
7,128,11dd74426e8374ac110c4036c77c09ab_000000000134,12.544667
7,129,11dd74426e8374ac110c4036c77c09ab_000000000135,43.428002
7,130,11dd74426e8374ac110c4036c77c09ab_000000000136,106.744766
7,131,11dd74426e8374ac110c4036c77c09ab_000000000137,95.822294
7,132,11dd74426e8374ac110c4036c77c09ab_000000000138,244.171380
7,133,11dd74426e8374ac110c4036c77c09ab_000000000139,55.464771
7,134,11dd74426e8374ac110c4036c77c09ab_000000000140,189.964623
7,135,11dd74426e8374ac110c4036c77c09ab_000000000141,52.307971
7,136,11dd74426e8374ac110c4036c77c09ab_000000000142,39.738655
7,137,11dd74426e8374ac110c4036c77c09ab_000000000143,241.158472
7,138,11dd74426e8374ac110c4036c77c09ab_000000000144,65.582302
7,139,11dd74426e8374ac110c4036c77c09ab_000000000145,78.649765
7,140,11dd74426e8374ac110c4036c77c09ab_000000000146,31.438330
7,141,11dd74426e8374ac110c4036c77c09ab_000000000147,36.112446
7,142,11dd74426e8374ac110c4036c77c09ab_000000000148,72.766058
7,143,11dd74426e8374ac110c4036c77c09ab_000000000149,196.583244
7,144,11dd74426e8374ac110c4036c77c09ab_000000000150,203.934802
7,145,11dd74426e8374ac110c4036c77c09ab_000000000151,79.587867
7,146,11dd74426e8374ac110c4036c77c09ab_000000000152,183.648269
7,147,11dd74426e8374ac110c4036c77c09ab_000000000153,191.053919
7,148,11dd74426e8374ac110c4036c77c09ab_000000000154,144.662737
7,149,11dd74426e8374ac110c4036c77c09ab_000000000155,35.934262
7,150,11dd74426e8374ac110c4036c77c09ab_000000000156,68.677024
7,151,11dd74426e8374ac110c4036c77c09ab_000000000157,75.826603
7,152,11dd74426e8374ac110c4036c77c09ab_000000000158,137.477532
7,153,11dd74426e8374ac110c4036c77c09ab_000000000159,159.733142
7,154,11dd74426e8374ac110c4036c77c09ab_000000000160,366.195491
7,155,11dd74426e8374ac110c4036c77c09ab_000000000161,196.216554
7,156,11dd74426e8374ac110c4036c77c09ab_000000000162,97.005288
7,157,11dd74426e8374ac110c4036c77c09ab_000000000163,340.279576
7,158,11dd74426e8374ac110c4036c77c09ab_000000000164,134.030126
7,159,11dd74426e8374ac110c4036c77c09ab_000000000165,8.775888
7,160,11dd74426e8374ac110c4036c77c09ab_000000000166,261.468295
7,161,11dd74426e8374ac110c4036c77c09ab_000000000167,236.485699
7,162,11dd74426e8374ac110c4036c77c09ab_000000000168,561.659532
7,163,11dd74426e8374ac110c4036c77c09ab_000000000169,140.531618
7,164,11dd74426e8374ac110c4036c77c09ab_000000000170,118.620899
7,165,11dd74426e8374ac110c4036c77c09ab_000000000171,131.240350
7,166,11dd74426e8374ac110c4036c77c09ab_000000000172,61.665351
7,167,11dd74426e8374ac110c4036c77c09ab_000000000173,244.354329
7,168,11dd74426e8374ac110c4036c77c09ab_000000000174,88.148620
7,169,11dd74426e8374ac110c4036c77c09ab_000000000175,165.821706
7,170,11dd74426e8374ac110c4036c77c09ab_000000000176,201.264680
7,171,11dd74426e8374ac110c4036c77c09ab_000000000177,108.678543
7,172,11dd74426e8374ac110c4036c77c09ab_000000000178,90.991065
7,173,11dd74426e8374ac110c4036c77c09ab_000000000179,143.310421
7,174,11dd74426e8374ac110c4036c77c09ab_000000000180,171.284859
7,175,11dd74426e8374ac110c4036c77c09ab_000000000181,41.746863
7,176,11dd74426e8374ac110c4036c77c09ab_000000000182,239.213355
7,177,11dd74426e8374ac110c4036c77c09ab_000000000183,112.912254
7,178,11dd74426e8374ac110c4036c77c09ab_000000000184,94.870327
7,179,11dd74426e8374ac110c4036c77c09ab_000000000185,138.830132
7,180,11dd74426e8374ac110c4036c77c09ab_000000000186,38.252798
7,181,11dd74426e8374ac110c4036c77c09ab_000000000187,323.626694
7,182,11dd74426e8374ac110c4036c77c09ab_000000000188,83.209747
7,183,11dd74426e8374ac110c4036c77c09ab_000000000189,100.999190
7,184,11dd74426e8374ac110c4036c77c09ab_000000000190,125.014916
7,185,11dd74426e8374ac110c4036c77c09ab_000000000191,261.666793
7,186,11dd74426e8374ac110c4036c77c09ab_000000000192,88.399805
7,187,11dd74426e8374ac110c4036c77c09ab_000000000193,396.485927
7,188,11dd74426e8374ac110c4036c77c09ab_000000000194,73.538096
7,189,11dd74426e8374ac110c4036c77c09ab_000000000195,71.556113
7,190,11dd74426e8374ac110c4036c77c09ab_000000000196,283.001986
8,192,11dd74426e8374ac110c4036c77c09ab_000000000198,777.647671
9,192,11dd74426e8374ac110c4036c77c09ab_000000000198,152.302371
10,194,11dd74426e8374ac110c4036c77c09ab_000000000200,269.910637
10,195,11dd74426e8374ac110c4036c77c09ab_000000000201,275.555122
10,196,11dd74426e8374ac110c4036c77c09ab_000000000202,155.535317
10,197,11dd74426e8374ac110c4036c77c09ab_000000000203,154.054844
10,198,11dd74426e8374ac110c4036c77c09ab_000000000204,48.861116
10,199,11dd74426e8374ac110c4036c77c09ab_000000000205,410.190176
10,200,11dd74426e8374ac110c4036c77c09ab_000000000206,174.481533
10,201,11dd74426e8374ac110c4036c77c09ab_000000000207,525.331374
10,202,11dd74426e8374ac110c4036c77c09ab_000000000208,136.349178
10,203,11dd74426e8374ac110c4036c77c09ab_000000000209,393.095153
10,204,11dd74426e8374ac110c4036c77c09ab_000000000210,164.755261
10,205,11dd74426e8374ac110c4036c77c09ab_000000000211,5.594721
14,209,11dd74426e8374ac110c4036c77c09ab_000000000215,43.805264
15,209,11dd74426e8374ac110c4036c77c09ab_000000000215,31.414491
20,212,11dd74426e8374ac110c4036c77c09ab_000000000218,42.493287
20,213,11dd74426e8374ac110c4036c77c09ab_000000000219,286.407364
27,216,11dd74426e8374ac110c4036c77c09ab_000000000222,248.899504
27,217,11dd74426e8374ac110c4036c77c09ab_000000000223,274.363618
30,220,11dd74426e8374ac110c4036c77c09ab_000000000226,146.657207
30,221,11dd74426e8374ac110c4036c77c09ab_000000000227,205.606473
36,226,11dd74426e8374ac110c4036c77c09ab_000000000232,30.138425
36,227,11dd74426e8374ac110c4036c77c09ab_000000000233,212.547056
36,228,11dd74426e8374ac110c4036c77c09ab_000000000234,20.800770
36,229,11dd74426e8374ac110c4036c77c09ab_000000000235,77.450401
36,230,11dd74426e8374ac110c4036c77c09ab_000000000236,70.661636
36,231,11dd74426e8374ac110c4036c77c09ab_000000000237,82.878004
36,232,11dd74426e8374ac110c4036c77c09ab_000000000238,172.526485
36,233,11dd74426e8374ac110c4036c77c09ab_000000000239,50.441496
36,234,11dd74426e8374ac110c4036c77c09ab_000000000240,58.489486
36,235,11dd74426e8374ac110c4036c77c09ab_000000000241,56.679753
36,236,11dd74426e8374ac110c4036c77c09ab_000000000242,306.310504
36,237,11dd74426e8374ac110c4036c77c09ab_000000000243,370.533516
36,238,11dd74426e8374ac110c4036c77c09ab_000000000244,419.289765
36,239,11dd74426e8374ac110c4036c77c09ab_000000000245,98.632519
36,240,11dd74426e8374ac110c4036c77c09ab_000000000246,265.354457
36,241,11dd74426e8374ac110c4036c77c09ab_000000000247,31.978550
36,242,11dd74426e8374ac110c4036c77c09ab_000000000248,179.443905
36,243,11dd74426e8374ac110c4036c77c09ab_000000000249,251.787140
36,244,11dd74426e8374ac110c4036c77c09ab_000000000250,61.612640
36,245,11dd74426e8374ac110c4036c77c09ab_000000000251,215.920926
36,246,11dd74426e8374ac110c4036c77c09ab_000000000252,142.960769
36,247,11dd74426e8374ac110c4036c77c09ab_000000000253,108.174062
36,248,11dd74426e8374ac110c4036c77c09ab_000000000254,81.209698
36,249,11dd74426e8374ac110c4036c77c09ab_000000000255,69.937390
36,250,11dd74426e8374ac110c4036c77c09ab_000000000256,406.083249
36,251,11dd74426e8374ac110c4036c77c09ab_000000000257,69.362768
36,252,11dd74426e8374ac110c4036c77c09ab_000000000258,141.031772
36,253,11dd74426e8374ac110c4036c77c09ab_000000000259,408.642240
36,254,11dd74426e8374ac110c4036c77c09ab_000000000260,150.644456
36,255,11dd74426e8374ac110c4036c77c09ab_000000000261,222.834439
36,256,11dd74426e8374ac110c4036c77c09ab_000000000262,326.448768
36,257,11dd74426e8374ac110c4036c77c09ab_000000000263,154.319002
36,258,11dd74426e8374ac110c4036c77c09ab_000000000264,246.320106
36,259,11dd74426e8374ac110c4036c77c09ab_000000000265,166.423305
36,260,11dd74426e8374ac110c4036c77c09ab_000000000266,62.064914
36,261,11dd74426e8374ac110c4036c77c09ab_000000000267,331.433809
36,262,11dd74426e8374ac110c4036c77c09ab_000000000268,153.653166
36,263,11dd74426e8374ac110c4036c77c09ab_000000000269,213.249918
36,264,11dd74426e8374ac110c4036c77c09ab_000000000270,82.891910
36,265,11dd74426e8374ac110c4036c77c09ab_000000000271,188.006245
36,266,11dd74426e8374ac110c4036c77c09ab_000000000272,86.679234
36,267,11dd74426e8374ac110c4036c77c09ab_000000000273,71.214466
36,268,11dd74426e8374ac110c4036c77c09ab_000000000274,56.021271
36,269,11dd74426e8374ac110c4036c77c09ab_000000000275,62.452942
36,270,11dd74426e8374ac110c4036c77c09ab_000000000276,208.276576
36,271,11dd74426e8374ac110c4036c77c09ab_000000000277,51.903303
36,272,11dd74426e8374ac110c4036c77c09ab_000000000278,70.054291
36,273,11dd74426e8374ac110c4036c77c09ab_000000000279,416.287846
36,274,11dd74426e8374ac110c4036c77c09ab_000000000280,150.467855
36,275,11dd74426e8374ac110c4036c77c09ab_000000000281,79.006325
36,276,11dd74426e8374ac110c4036c77c09ab_000000000282,166.953087
36,277,11dd74426e8374ac110c4036c77c09ab_000000000283,24.332296
36,278,11dd74426e8374ac110c4036c77c09ab_000000000284,62.934146
36,279,11dd74426e8374ac110c4036c77c09ab_000000000285,76.750224
36,280,11dd74426e8374ac110c4036c77c09ab_000000000286,43.203757
36,281,11dd74426e8374ac110c4036c77c09ab_000000000287,44.946864
36,282,11dd74426e8374ac110c4036c77c09ab_000000000288,103.821325
36,283,11dd74426e8374ac110c4036c77c09ab_000000000289,38.522955
36,284,11dd74426e8374ac110c4036c77c09ab_000000000290,301.529261
36,285,11dd74426e8374ac110c4036c77c09ab_000000000291,56.350275
36,286,11dd74426e8374ac110c4036c77c09ab_000000000292,240.174223
36,287,11dd74426e8374ac110c4036c77c09ab_000000000293,251.479109
36,288,11dd74426e8374ac110c4036c77c09ab_000000000294,37.789001
36,289,11dd74426e8374ac110c4036c77c09ab_000000000295,474.188978
36,290,11dd74426e8374ac110c4036c77c09ab_000000000296,35.888671
36,291,11dd74426e8374ac110c4036c77c09ab_000000000297,825.533955
36,292,11dd74426e8374ac110c4036c77c09ab_000000000298,529.104107
36,293,11dd74426e8374ac110c4036c77c09ab_000000000299,60.592649
36,294,11dd74426e8374ac110c4036c77c09ab_000000000300,407.656514
36,295,11dd74426e8374ac110c4036c77c09ab_000000000301,104.582030
36,296,11dd74426e8374ac110c4036c77c09ab_000000000302,67.571342
36,297,11dd74426e8374ac110c4036c77c09ab_000000000303,49.750663
36,298,11dd74426e8374ac110c4036c77c09ab_000000000304,195.932535
36,299,11dd74426e8374ac110c4036c77c09ab_000000000305,68.513326
36,300,11dd74426e8374ac110c4036c77c09ab_000000000306,213.004708
36,301,11dd74426e8374ac110c4036c77c09ab_000000000307,245.319316
36,302,11dd74426e8374ac110c4036c77c09ab_000000000308,194.650928
36,303,11dd74426e8374ac110c4036c77c09ab_000000000309,93.276683
36,304,11dd74426e8374ac110c4036c77c09ab_000000000310,104.196161
36,305,11dd74426e8374ac110c4036c77c09ab_000000000311,25.479421
36,306,11dd74426e8374ac110c4036c77c09ab_000000000312,271.351397
36,307,11dd74426e8374ac110c4036c77c09ab_000000000313,334.526390
36,308,11dd74426e8374ac110c4036c77c09ab_000000000314,77.810784
36,309,11dd74426e8374ac110c4036c77c09ab_000000000315,115.178839
36,310,11dd74426e8374ac110c4036c77c09ab_000000000316,265.403671
36,311,11dd74426e8374ac110c4036c77c09ab_000000000317,260.788238
36,312,11dd74426e8374ac110c4036c77c09ab_000000000318,238.654743
37,314,11dd74426e8374ac110c4036c77c09ab_000000000320,12.360357
37,315,11dd74426e8374ac110c4036c77c09ab_000000000321,23.870933
37,316,11dd74426e8374ac110c4036c77c09ab_000000000322,14.086590
38,314,11dd74426e8374ac110c4036c77c09ab_000000000320,71.758450
38,315,11dd74426e8374ac110c4036c77c09ab_000000000321,72.643654
38,316,11dd74426e8374ac110c4036c77c09ab_000000000322,54.831441
42,320,11dd74426e8374ac110c4036c77c09ab_000000000326,70.238460
42,321,11dd74426e8374ac110c4036c77c09ab_000000000327,218.656455
42,322,11dd74426e8374ac110c4036c77c09ab_000000000328,116.712033
42,323,11dd74426e8374ac110c4036c77c09ab_000000000329,159.595307
42,324,11dd74426e8374ac110c4036c77c09ab_000000000330,132.491835
42,325,11dd74426e8374ac110c4036c77c09ab_000000000331,108.002768
42,326,11dd74426e8374ac110c4036c77c09ab_000000000332,164.871239
42,327,11dd74426e8374ac110c4036c77c09ab_000000000333,172.589948
42,328,11dd74426e8374ac110c4036c77c09ab_000000000334,67.072223
42,329,11dd74426e8374ac110c4036c77c09ab_000000000335,90.740852
42,330,11dd74426e8374ac110c4036c77c09ab_000000000336,315.154964
42,331,11dd74426e8374ac110c4036c77c09ab_000000000337,70.142014
42,332,11dd74426e8374ac110c4036c77c09ab_000000000338,77.406975
42,334,11dd74426e8374ac110c4036c77c09ab_000000000374,534.272644
42,335,11dd74426e8374ac110c4036c77c09ab_000000000375,196.787307
42,336,11dd74426e8374ac110c4036c77c09ab_000000000376,295.581101
42,337,11dd74426e8374ac110c4036c77c09ab_000000000377,95.929303
42,338,11dd74426e8374ac110c4036c77c09ab_000000000378,217.138882
42,339,11dd74426e8374ac110c4036c77c09ab_000000000379,58.719174
42,340,11dd74426e8374ac110c4036c77c09ab_000000000380,122.183554
42,341,11dd74426e8374ac110c4036c77c09ab_000000000381,114.218973
42,342,11dd74426e8374ac110c4036c77c09ab_000000000382,311.546245
42,343,11dd74426e8374ac110c4036c77c09ab_000000000383,113.606759
42,344,11dd74426e8374ac110c4036c77c09ab_000000000384,321.665182
42,345,11dd74426e8374ac110c4036c77c09ab_000000000385,59.742388
42,346,11dd74426e8374ac110c4036c77c09ab_000000000386,37.754044
42,347,11dd74426e8374ac110c4036c77c09ab_000000000387,17.118446
42,348,11dd74426e8374ac110c4036c77c09ab_000000000388,121.037171
42,349,11dd74426e8374ac110c4036c77c09ab_000000000389,142.402106
42,350,11dd74426e8374ac110c4036c77c09ab_000000000390,211.367566
42,351,11dd74426e8374ac110c4036c77c09ab_000000000391,186.099579
42,352,11dd74426e8374ac110c4036c77c09ab_000000000392,166.500667
42,353,11dd74426e8374ac110c4036c77c09ab_000000000393,179.580928
43,355,11dd74426e8374ac110c4036c77c09ab_000000000395,51.722968
43,356,11dd74426e8374ac110c4036c77c09ab_000000000396,150.452164
43,357,11dd74426e8374ac110c4036c77c09ab_000000000397,90.804518
43,358,11dd74426e8374ac110c4036c77c09ab_000000000398,121.162052
43,359,11dd74426e8374ac110c4036c77c09ab_000000000399,159.432725
43,360,11dd74426e8374ac110c4036c77c09ab_000000000400,145.059254
43,361,11dd74426e8374ac110c4036c77c09ab_000000000401,210.233162
43,362,11dd74426e8374ac110c4036c77c09ab_000000000402,52.499595
43,363,11dd74426e8374ac110c4036c77c09ab_000000000403,123.979113
43,364,11dd74426e8374ac110c4036c77c09ab_000000000404,278.122873
43,365,11dd74426e8374ac110c4036c77c09ab_000000000405,218.132034
43,366,11dd74426e8374ac110c4036c77c09ab_000000000406,131.908932
43,367,11dd74426e8374ac110c4036c77c09ab_000000000407,20.695867
43,368,11dd74426e8374ac110c4036c77c09ab_000000000408,344.348587
43,369,11dd74426e8374ac110c4036c77c09ab_000000000409,612.939866
43,370,11dd74426e8374ac110c4036c77c09ab_000000000410,86.452319
43,371,11dd74426e8374ac110c4036c77c09ab_000000000411,91.585694
43,372,11dd74426e8374ac110c4036c77c09ab_000000000412,246.326942
43,373,11dd74426e8374ac110c4036c77c09ab_000000000413,209.003324
43,374,11dd74426e8374ac110c4036c77c09ab_000000000414,338.605243
43,375,11dd74426e8374ac110c4036c77c09ab_000000000415,124.524714
43,376,11dd74426e8374ac110c4036c77c09ab_000000000416,142.540006
43,377,11dd74426e8374ac110c4036c77c09ab_000000000417,57.378442
43,378,11dd74426e8374ac110c4036c77c09ab_000000000418,144.219145
43,379,11dd74426e8374ac110c4036c77c09ab_000000000419,116.043818
43,380,11dd74426e8374ac110c4036c77c09ab_000000000420,159.070792
43,381,11dd74426e8374ac110c4036c77c09ab_000000000421,60.887239
43,382,11dd74426e8374ac110c4036c77c09ab_000000000422,94.094766
43,383,11dd74426e8374ac110c4036c77c09ab_000000000423,287.441089
43,384,11dd74426e8374ac110c4036c77c09ab_000000000424,332.380842
43,385,11dd74426e8374ac110c4036c77c09ab_000000000425,169.566453
43,386,11dd74426e8374ac110c4036c77c09ab_000000000426,577.171711
43,387,11dd74426e8374ac110c4036c77c09ab_000000000427,98.309889
43,388,11dd74426e8374ac110c4036c77c09ab_000000000428,69.894192
43,389,11dd74426e8374ac110c4036c77c09ab_000000000429,525.793763
43,390,11dd74426e8374ac110c4036c77c09ab_000000000430,26.104385
43,391,11dd74426e8374ac110c4036c77c09ab_000000000431,153.573866
43,392,11dd74426e8374ac110c4036c77c09ab_000000000432,57.881265
43,393,11dd74426e8374ac110c4036c77c09ab_000000000433,97.356819
43,394,11dd74426e8374ac110c4036c77c09ab_000000000434,127.077028
43,395,11dd74426e8374ac110c4036c77c09ab_000000000435,123.942294
43,396,11dd74426e8374ac110c4036c77c09ab_000000000436,21.494253
43,397,11dd74426e8374ac110c4036c77c09ab_000000000437,222.702877
43,398,11dd74426e8374ac110c4036c77c09ab_000000000438,284.942418
43,399,11dd74426e8374ac110c4036c77c09ab_000000000439,168.805619
43,400,11dd74426e8374ac110c4036c77c09ab_000000000440,205.833962
43,401,11dd74426e8374ac110c4036c77c09ab_000000000441,148.735169
43,402,11dd74426e8374ac110c4036c77c09ab_000000000442,185.177927
43,403,11dd74426e8374ac110c4036c77c09ab_000000000443,67.984036
43,404,11dd74426e8374ac110c4036c77c09ab_000000000444,54.087792
43,405,11dd74426e8374ac110c4036c77c09ab_000000000445,190.144783
43,406,11dd74426e8374ac110c4036c77c09ab_000000000446,187.616359
43,407,11dd74426e8374ac110c4036c77c09ab_000000000447,283.993427
43,408,11dd74426e8374ac110c4036c77c09ab_000000000448,62.382759
43,409,11dd74426e8374ac110c4036c77c09ab_000000000449,553.819313
43,410,11dd74426e8374ac110c4036c77c09ab_000000000450,281.310454
43,411,11dd74426e8374ac110c4036c77c09ab_000000000451,330.025039
43,412,11dd74426e8374ac110c4036c77c09ab_000000000452,234.613108
43,413,11dd74426e8374ac110c4036c77c09ab_000000000453,90.726835
43,414,11dd74426e8374ac110c4036c77c09ab_000000000454,277.450897
43,415,11dd74426e8374ac110c4036c77c09ab_000000000455,12.664804
43,416,11dd74426e8374ac110c4036c77c09ab_000000000456,43.074080
43,417,11dd74426e8374ac110c4036c77c09ab_000000000457,212.359904
43,418,11dd74426e8374ac110c4036c77c09ab_000000000458,192.910413
43,419,11dd74426e8374ac110c4036c77c09ab_000000000459,390.714084
43,420,11dd74426e8374ac110c4036c77c09ab_000000000460,39.645909
43,421,11dd74426e8374ac110c4036c77c09ab_000000000461,158.926484
43,422,11dd74426e8374ac110c4036c77c09ab_000000000462,258.575195
43,423,11dd74426e8374ac110c4036c77c09ab_000000000463,207.789617
43,424,11dd74426e8374ac110c4036c77c09ab_000000000464,162.884224
43,425,11dd74426e8374ac110c4036c77c09ab_000000000465,184.311249
43,426,11dd74426e8374ac110c4036c77c09ab_000000000466,177.480622
43,427,11dd74426e8374ac110c4036c77c09ab_000000000467,97.611953
43,428,11dd74426e8374ac110c4036c77c09ab_000000000468,222.328037
43,429,11dd74426e8374ac110c4036c77c09ab_000000000469,114.774163
43,430,11dd74426e8374ac110c4036c77c09ab_000000000470,220.256948
46,433,11dd74426e8374ac110c4036c77c09ab_000000000473,373.405453
53,439,11dd74426e8374ac110c4036c77c09ab_000000000479,9.579003
54,439,11dd74426e8374ac110c4036c77c09ab_000000000479,40.653352
55,441,11dd74426e8374ac110c4036c77c09ab_000000000481,45.451923
55,442,11dd74426e8374ac110c4036c77c09ab_000000000482,46.905938
55,443,11dd74426e8374ac110c4036c77c09ab_000000000483,39.661797
58,446,11dd74426e8374ac110c4036c77c09ab_000000000486,28.449391
58,447,11dd74426e8374ac110c4036c77c09ab_000000000487,419.389043
58,448,11dd74426e8374ac110c4036c77c09ab_000000000488,448.031415
58,449,11dd74426e8374ac110c4036c77c09ab_000000000489,63.299181
58,450,11dd74426e8374ac110c4036c77c09ab_000000000490,77.767452
58,451,11dd74426e8374ac110c4036c77c09ab_000000000491,230.101340
58,452,11dd74426e8374ac110c4036c77c09ab_000000000492,66.431300
64,457,11dd74426e8374ac110c4036c77c09ab_000000000497,133.488797
64,458,11dd74426e8374ac110c4036c77c09ab_000000000498,153.962614
64,459,11dd74426e8374ac110c4036c77c09ab_000000000499,88.980007
64,460,11dd74426e8374ac110c4036c77c09ab_000000000500,290.107065
64,461,11dd74426e8374ac110c4036c77c09ab_000000000501,377.676053
64,462,11dd74426e8374ac110c4036c77c09ab_000000000502,171.695509
64,463,11dd74426e8374ac110c4036c77c09ab_000000000503,115.989769
64,464,11dd74426e8374ac110c4036c77c09ab_000000000504,42.602472
64,465,11dd74426e8374ac110c4036c77c09ab_000000000505,95.093374
64,466,11dd74426e8374ac110c4036c77c09ab_000000000506,189.892530
64,467,11dd74426e8374ac110c4036c77c09ab_000000000507,171.861394
64,468,11dd74426e8374ac110c4036c77c09ab_000000000508,162.510076
64,469,11dd74426e8374ac110c4036c77c09ab_000000000509,34.328868
64,470,11dd74426e8374ac110c4036c77c09ab_000000000510,62.859111
64,471,11dd74426e8374ac110c4036c77c09ab_000000000511,115.437777
64,472,11dd74426e8374ac110c4036c77c09ab_000000000512,462.866951
68,475,11dd74426e8374ac110c4036c77c09ab_000000000515,856.326516
68,476,11dd74426e8374ac110c4036c77c09ab_000000000516,700.128603
68,477,11dd74426e8374ac110c4036c77c09ab_000000000517,86.253634
68,478,11dd74426e8374ac110c4036c77c09ab_000000000518,136.741979
71,481,11dd74426e8374ac110c4036c77c09ab_000000000521,205.597648
71,482,11dd74426e8374ac110c4036c77c09ab_000000000522,35.198216
71,483,11dd74426e8374ac110c4036c77c09ab_000000000523,230.802184
71,484,11dd74426e8374ac110c4036c77c09ab_000000000524,275.029050
71,485,11dd74426e8374ac110c4036c77c09ab_000000000525,142.009225
71,486,11dd74426e8374ac110c4036c77c09ab_000000000526,144.598630
71,487,11dd74426e8374ac110c4036c77c09ab_000000000527,213.929470
71,488,11dd74426e8374ac110c4036c77c09ab_000000000528,230.889821
71,489,11dd74426e8374ac110c4036c77c09ab_000000000529,39.774138
71,490,11dd74426e8374ac110c4036c77c09ab_000000000530,78.756572
71,491,11dd74426e8374ac110c4036c77c09ab_000000000531,248.268021
71,492,11dd74426e8374ac110c4036c77c09ab_000000000532,134.658349
71,493,11dd74426e8374ac110c4036c77c09ab_000000000533,86.487896
71,494,11dd74426e8374ac110c4036c77c09ab_000000000534,12.912747
71,495,11dd74426e8374ac110c4036c77c09ab_000000000535,348.687387
71,496,11dd74426e8374ac110c4036c77c09ab_000000000536,483.431869
71,497,11dd74426e8374ac110c4036c77c09ab_000000000537,231.806117
71,498,11dd74426e8374ac110c4036c77c09ab_000000000538,476.424076
71,499,11dd74426e8374ac110c4036c77c09ab_000000000539,98.543149
71,500,11dd74426e8374ac110c4036c77c09ab_000000000540,287.941510
71,501,11dd74426e8374ac110c4036c77c09ab_000000000541,12.026161
71,502,11dd74426e8374ac110c4036c77c09ab_000000000542,165.448328
71,503,11dd74426e8374ac110c4036c77c09ab_000000000543,132.870323
71,504,11dd74426e8374ac110c4036c77c09ab_000000000553,656.629636
71,505,11dd74426e8374ac110c4036c77c09ab_000000000554,154.720047
71,506,11dd74426e8374ac110c4036c77c09ab_000000000555,65.679166
74,509,11dd74426e8374ac110c4036c77c09ab_000000000558,152.078114
74,510,11dd74426e8374ac110c4036c77c09ab_000000000559,143.947133
74,511,11dd74426e8374ac110c4036c77c09ab_000000000560,222.977542
74,512,11dd74426e8374ac110c4036c77c09ab_000000000561,75.111006
74,513,11dd74426e8374ac110c4036c77c09ab_000000000562,267.162580
74,514,11dd74426e8374ac110c4036c77c09ab_000000000563,187.787766
74,515,11dd74426e8374ac110c4036c77c09ab_000000000564,172.435401
74,516,11dd74426e8374ac110c4036c77c09ab_000000000565,243.171258
74,517,11dd74426e8374ac110c4036c77c09ab_000000000566,194.045129
74,518,11dd74426e8374ac110c4036c77c09ab_000000000567,116.265358
75,520,11dd74426e8374ac110c4036c77c09ab_000000000569,302.528955
76,520,11dd74426e8374ac110c4036c77c09ab_000000000569,169.181370
77,522,11dd74426e8374ac110c4036c77c09ab_000000000571,102.028293
77,523,11dd74426e8374ac110c4036c77c09ab_000000000572,266.432117
77,524,11dd74426e8374ac110c4036c77c09ab_000000000573,133.152790
77,525,11dd74426e8374ac110c4036c77c09ab_000000000574,231.006126
77,526,11dd74426e8374ac110c4036c77c09ab_000000000575,264.380593
77,527,11dd74426e8374ac110c4036c77c09ab_000000000576,81.352560
77,528,11dd74426e8374ac110c4036c77c09ab_000000000577,219.859345
80,531,11dd74426e8374ac110c4036c77c09ab_000000000580,64.934512
80,532,11dd74426e8374ac110c4036c77c09ab_000000000581,183.168877
80,533,11dd74426e8374ac110c4036c77c09ab_000000000582,215.348545
80,534,11dd74426e8374ac110c4036c77c09ab_000000000583,128.418569
80,535,11dd74426e8374ac110c4036c77c09ab_000000000584,234.269524
80,536,11dd74426e8374ac110c4036c77c09ab_000000000585,39.247802
80,538,11dd74426e8374ac110c4036c77c09ab_000000000593,5.180214
80,539,11dd74426e8374ac110c4036c77c09ab_000000000594,116.717762
80,540,11dd74426e8374ac110c4036c77c09ab_000000000595,92.356595
80,541,11dd74426e8374ac110c4036c77c09ab_000000000596,164.486060
80,542,11dd74426e8374ac110c4036c77c09ab_000000000597,289.505944
80,543,11dd74426e8374ac110c4036c77c09ab_000000000598,447.861939
80,544,11dd74426e8374ac110c4036c77c09ab_000000000599,127.818893
80,545,11dd74426e8374ac110c4036c77c09ab_000000000600,438.039641
80,546,11dd74426e8374ac110c4036c77c09ab_000000000601,43.651424
80,547,11dd74426e8374ac110c4036c77c09ab_000000000602,357.264564
80,548,11dd74426e8374ac110c4036c77c09ab_000000000603,45.691915
80,549,11dd74426e8374ac110c4036c77c09ab_000000000604,201.713372
80,550,11dd74426e8374ac110c4036c77c09ab_000000000605,637.288047
80,551,11dd74426e8374ac110c4036c77c09ab_000000000606,230.802572
80,552,11dd74426e8374ac110c4036c77c09ab_000000000607,485.344261
80,553,11dd74426e8374ac110c4036c77c09ab_000000000608,107.146624
80,554,11dd74426e8374ac110c4036c77c09ab_000000000609,721.253123
80,555,11dd74426e8374ac110c4036c77c09ab_000000000610,144.538098
80,556,11dd74426e8374ac110c4036c77c09ab_000000000611,451.067075
80,557,11dd74426e8374ac110c4036c77c09ab_000000000612,85.232237
80,558,11dd74426e8374ac110c4036c77c09ab_000000000613,36.537689
80,559,11dd74426e8374ac110c4036c77c09ab_000000000614,144.305920
80,560,11dd74426e8374ac110c4036c77c09ab_000000000615,117.064720
80,561,11dd74426e8374ac110c4036c77c09ab_000000000616,81.330207
80,562,11dd74426e8374ac110c4036c77c09ab_000000000617,111.898722
80,563,11dd74426e8374ac110c4036c77c09ab_000000000618,298.269114
80,564,11dd74426e8374ac110c4036c77c09ab_000000000619,246.068910
80,565,11dd74426e8374ac110c4036c77c09ab_000000000620,78.578125
80,566,11dd74426e8374ac110c4036c77c09ab_000000000621,402.751621
80,567,11dd74426e8374ac110c4036c77c09ab_000000000622,51.070463
80,568,11dd74426e8374ac110c4036c77c09ab_000000000623,276.651358
80,569,11dd74426e8374ac110c4036c77c09ab_000000000624,191.148924
80,570,11dd74426e8374ac110c4036c77c09ab_000000000625,283.726518
80,571,11dd74426e8374ac110c4036c77c09ab_000000000626,306.468771
80,572,11dd74426e8374ac110c4036c77c09ab_000000000627,275.694963
80,573,11dd74426e8374ac110c4036c77c09ab_000000000628,278.683336
80,574,11dd74426e8374ac110c4036c77c09ab_000000000629,257.810107
80,575,11dd74426e8374ac110c4036c77c09ab_000000000630,445.731617
80,576,11dd74426e8374ac110c4036c77c09ab_000000000631,145.669535
80,577,11dd74426e8374ac110c4036c77c09ab_000000000632,133.185082
80,578,11dd74426e8374ac110c4036c77c09ab_000000000633,97.603478
140,592,11dd74426e8374ac110c4036c77c09ab_000000000647,760.976978
140,593,11dd74426e8374ac110c4036c77c09ab_000000000648,649.396412
140,594,11dd74426e8374ac110c4036c77c09ab_000000000649,173.660163
140,595,11dd74426e8374ac110c4036c77c09ab_000000000650,472.270373
140,596,11dd74426e8374ac110c4036c77c09ab_000000000651,282.474625
140,597,11dd74426e8374ac110c4036c77c09ab_000000000652,179.280658
140,598,11dd74426e8374ac110c4036c77c09ab_000000000653,55.090513
140,599,11dd74426e8374ac110c4036c77c09ab_000000000654,233.382299
140,600,11dd74426e8374ac110c4036c77c09ab_000000000655,139.105777
140,601,11dd74426e8374ac110c4036c77c09ab_000000000656,44.923122
140,602,11dd74426e8374ac110c4036c77c09ab_000000000657,94.262784
143,605,11dd74426e8374ac110c4036c77c09ab_000000000660,376.121902
144,607,11dd74426e8374ac110c4036c77c09ab_000000000662,476.128866
144,608,11dd74426e8374ac110c4036c77c09ab_000000000663,123.758621
145,607,11dd74426e8374ac110c4036c77c09ab_000000000662,493.475194
145,608,11dd74426e8374ac110c4036c77c09ab_000000000663,97.161658
146,610,11dd74426e8374ac110c4036c77c09ab_000000000665,73.358645
147,610,11dd74426e8374ac110c4036c77c09ab_000000000665,66.919396
148,610,11dd74426e8374ac110c4036c77c09ab_000000000665,301.590595
150,613,11dd74426e8374ac110c4036c77c09ab_000000000668,40.359473
151,613,11dd74426e8374ac110c4036c77c09ab_000000000668,99.085669
152,615,11dd74426e8374ac110c4036c77c09ab_000000000670,50.961013
152,616,11dd74426e8374ac110c4036c77c09ab_000000000671,82.154087
155,619,11dd74426e8374ac110c4036c77c09ab_000000000674,98.235618
155,620,11dd74426e8374ac110c4036c77c09ab_000000000675,44.261033
159,623,11dd74426e8374ac110c4036c77c09ab_000000000678,901.469108
162,626,11dd74426e8374ac110c4036c77c09ab_000000000681,265.121185
162,627,11dd74426e8374ac110c4036c77c09ab_000000000682,207.452165
177,635,11dd74426e8374ac110c4036c77c09ab_000000000690,447.942037
177,636,11dd74426e8374ac110c4036c77c09ab_000000000691,15.027799
178,635,11dd74426e8374ac110c4036c77c09ab_000000000690,145.622849
178,636,11dd74426e8374ac110c4036c77c09ab_000000000691,191.887578
182,640,11dd74426e8374ac110c4036c77c09ab_000000000695,161.644668
182,641,11dd74426e8374ac110c4036c77c09ab_000000000696,4.354095
182,642,11dd74426e8374ac110c4036c77c09ab_000000000697,285.751988
182,643,11dd74426e8374ac110c4036c77c09ab_000000000698,291.598051
182,644,11dd74426e8374ac110c4036c77c09ab_000000000699,609.497706
182,645,11dd74426e8374ac110c4036c77c09ab_000000000700,514.073686
182,646,11dd74426e8374ac110c4036c77c09ab_000000000701,547.752204
182,647,11dd74426e8374ac110c4036c77c09ab_000000000702,151.528590
182,648,11dd74426e8374ac110c4036c77c09ab_000000000703,431.499835
182,649,11dd74426e8374ac110c4036c77c09ab_000000000704,111.058915
182,650,11dd74426e8374ac110c4036c77c09ab_000000000705,82.921706
182,651,11dd74426e8374ac110c4036c77c09ab_000000000706,118.492916
182,652,11dd74426e8374ac110c4036c77c09ab_000000000707,73.650074
182,653,11dd74426e8374ac110c4036c77c09ab_000000000708,243.086215
182,654,11dd74426e8374ac110c4036c77c09ab_000000000709,59.202490
182,655,11dd74426e8374ac110c4036c77c09ab_000000000710,352.280481
182,656,11dd74426e8374ac110c4036c77c09ab_000000000711,56.003912
182,657,11dd74426e8374ac110c4036c77c09ab_000000000712,177.734801
182,658,11dd74426e8374ac110c4036c77c09ab_000000000713,126.073365
182,659,11dd74426e8374ac110c4036c77c09ab_000000000714,156.218066
182,660,11dd74426e8374ac110c4036c77c09ab_000000000715,187.883200
182,661,11dd74426e8374ac110c4036c77c09ab_000000000716,76.868726
182,662,11dd74426e8374ac110c4036c77c09ab_000000000717,271.987279
182,663,11dd74426e8374ac110c4036c77c09ab_000000000718,60.288478
182,664,11dd74426e8374ac110c4036c77c09ab_000000000719,33.811388
182,665,11dd74426e8374ac110c4036c77c09ab_000000000720,82.298176
182,666,11dd74426e8374ac110c4036c77c09ab_000000000721,191.394029
182,667,11dd74426e8374ac110c4036c77c09ab_000000000722,182.184376
182,668,11dd74426e8374ac110c4036c77c09ab_000000000723,303.524938
182,669,11dd74426e8374ac110c4036c77c09ab_000000000724,264.729578
182,670,11dd74426e8374ac110c4036c77c09ab_000000000725,125.567188
182,671,11dd74426e8374ac110c4036c77c09ab_000000000726,165.707282
182,672,11dd74426e8374ac110c4036c77c09ab_000000000727,166.104480
182,673,11dd74426e8374ac110c4036c77c09ab_000000000728,87.535474
182,674,11dd74426e8374ac110c4036c77c09ab_000000000729,77.550275
182,675,11dd74426e8374ac110c4036c77c09ab_000000000730,184.608479
182,676,11dd74426e8374ac110c4036c77c09ab_000000000731,108.061834
182,677,11dd74426e8374ac110c4036c77c09ab_000000000732,249.920529
182,678,11dd74426e8374ac110c4036c77c09ab_000000000733,156.908061
182,679,11dd74426e8374ac110c4036c77c09ab_000000000734,306.131902
182,680,11dd74426e8374ac110c4036c77c09ab_000000000735,163.170814
182,681,11dd74426e8374ac110c4036c77c09ab_000000000736,179.910093
182,682,11dd74426e8374ac110c4036c77c09ab_000000000737,119.492931
182,683,11dd74426e8374ac110c4036c77c09ab_000000000738,92.430025
182,684,11dd74426e8374ac110c4036c77c09ab_000000000739,90.966988
182,685,11dd74426e8374ac110c4036c77c09ab_000000000740,103.659755
182,686,11dd74426e8374ac110c4036c77c09ab_000000000741,47.946201
182,687,11dd74426e8374ac110c4036c77c09ab_000000000742,121.704842
185,690,11dd74426e8374ac110c4036c77c09ab_000000000745,124.069649
185,691,11dd74426e8374ac110c4036c77c09ab_000000000746,182.874480
188,694,11dd74426e8374ac110c4036c77c09ab_000000000749,78.294193
188,695,11dd74426e8374ac110c4036c77c09ab_000000000750,374.047529
188,696,11dd74426e8374ac110c4036c77c09ab_000000000751,287.372934
188,697,11dd74426e8374ac110c4036c77c09ab_000000000752,105.210286
188,698,11dd74426e8374ac110c4036c77c09ab_000000000753,260.241313
188,699,11dd74426e8374ac110c4036c77c09ab_000000000754,134.475185
188,700,11dd74426e8374ac110c4036c77c09ab_000000000755,195.125356
188,701,11dd74426e8374ac110c4036c77c09ab_000000000756,233.736462
188,702,11dd74426e8374ac110c4036c77c09ab_000000000757,53.722164
188,703,11dd74426e8374ac110c4036c77c09ab_000000000758,160.927608
188,704,11dd74426e8374ac110c4036c77c09ab_000000000759,110.416726
188,705,11dd74426e8374ac110c4036c77c09ab_000000000760,271.986596
195,709,11dd74426e8374ac110c4036c77c09ab_000000000764,550.476146
195,710,11dd74426e8374ac110c4036c77c09ab_000000000765,75.005561
195,711,11dd74426e8374ac110c4036c77c09ab_000000000766,178.743826
195,712,11dd74426e8374ac110c4036c77c09ab_000000000767,150.786217
195,713,11dd74426e8374ac110c4036c77c09ab_000000000768,88.284468
195,714,11dd74426e8374ac110c4036c77c09ab_000000000769,138.530576
195,715,11dd74426e8374ac110c4036c77c09ab_000000000770,77.272118
195,716,11dd74426e8374ac110c4036c77c09ab_000000000771,108.318933
195,717,11dd74426e8374ac110c4036c77c09ab_000000000772,204.357856
195,718,11dd74426e8374ac110c4036c77c09ab_000000000773,505.348110
195,719,11dd74426e8374ac110c4036c77c09ab_000000000774,173.870388
195,720,11dd74426e8374ac110c4036c77c09ab_000000000775,351.649065
195,721,11dd74426e8374ac110c4036c77c09ab_000000000776,51.718983
195,722,11dd74426e8374ac110c4036c77c09ab_000000000777,119.484881
195,723,11dd74426e8374ac110c4036c77c09ab_000000000778,29.786151
195,724,11dd74426e8374ac110c4036c77c09ab_000000000779,151.373459
195,725,11dd74426e8374ac110c4036c77c09ab_000000000780,170.511448
195,726,11dd74426e8374ac110c4036c77c09ab_000000000781,272.918994
195,727,11dd74426e8374ac110c4036c77c09ab_000000000782,51.264821
195,728,11dd74426e8374ac110c4036c77c09ab_000000000783,83.280045
195,729,11dd74426e8374ac110c4036c77c09ab_000000000784,166.337487
195,730,11dd74426e8374ac110c4036c77c09ab_000000000785,186.758281
195,731,11dd74426e8374ac110c4036c77c09ab_000000000786,200.921183
195,732,11dd74426e8374ac110c4036c77c09ab_000000000787,388.522863
195,733,11dd74426e8374ac110c4036c77c09ab_000000000788,216.146019
195,734,11dd74426e8374ac110c4036c77c09ab_000000000789,382.313977
195,735,11dd74426e8374ac110c4036c77c09ab_000000000790,182.713890
195,736,11dd74426e8374ac110c4036c77c09ab_000000000791,37.537203
195,737,11dd74426e8374ac110c4036c77c09ab_000000000792,151.826846
198,740,11dd74426e8374ac110c4036c77c09ab_000000000795,120.902454
198,741,11dd74426e8374ac110c4036c77c09ab_000000000796,62.318010
198,742,11dd74426e8374ac110c4036c77c09ab_000000000797,207.413207
198,743,11dd74426e8374ac110c4036c77c09ab_000000000798,90.661677
198,744,11dd74426e8374ac110c4036c77c09ab_000000000799,233.301768
198,745,11dd74426e8374ac110c4036c77c09ab_000000000800,365.975573
198,746,11dd74426e8374ac110c4036c77c09ab_000000000801,250.609415
198,747,11dd74426e8374ac110c4036c77c09ab_000000000802,160.145205
198,748,11dd74426e8374ac110c4036c77c09ab_000000000803,126.494475
198,749,11dd74426e8374ac110c4036c77c09ab_000000000804,85.657758
198,750,11dd74426e8374ac110c4036c77c09ab_000000000805,84.023028
198,751,11dd74426e8374ac110c4036c77c09ab_000000000806,137.481549
198,752,11dd74426e8374ac110c4036c77c09ab_000000000807,167.971298
198,753,11dd74426e8374ac110c4036c77c09ab_000000000808,271.221224
198,754,11dd74426e8374ac110c4036c77c09ab_000000000809,73.963568
198,755,11dd74426e8374ac110c4036c77c09ab_000000000810,73.582240
198,756,11dd74426e8374ac110c4036c77c09ab_000000000811,185.405023
198,757,11dd74426e8374ac110c4036c77c09ab_000000000812,133.778919
198,758,11dd74426e8374ac110c4036c77c09ab_000000000813,189.308977
198,759,11dd74426e8374ac110c4036c77c09ab_000000000814,139.514551
198,760,11dd74426e8374ac110c4036c77c09ab_000000000815,377.078748
198,761,11dd74426e8374ac110c4036c77c09ab_000000000816,150.792192
198,762,11dd74426e8374ac110c4036c77c09ab_000000000817,239.632014
198,763,11dd74426e8374ac110c4036c77c09ab_000000000818,87.862308
198,764,11dd74426e8374ac110c4036c77c09ab_000000000819,89.425987
201,767,11dd74426e8374ac110c4036c77c09ab_000000000822,152.632315
201,768,11dd74426e8374ac110c4036c77c09ab_000000000823,272.818044
201,769,11dd74426e8374ac110c4036c77c09ab_000000000824,649.847295
201,770,11dd74426e8374ac110c4036c77c09ab_000000000825,47.333990
201,771,11dd74426e8374ac110c4036c77c09ab_000000000826,445.155683
201,772,11dd74426e8374ac110c4036c77c09ab_000000000827,166.589875
201,773,11dd74426e8374ac110c4036c77c09ab_000000000828,528.253686
201,774,11dd74426e8374ac110c4036c77c09ab_000000000829,362.493900
201,775,11dd74426e8374ac110c4036c77c09ab_000000000830,32.966315
201,776,11dd74426e8374ac110c4036c77c09ab_000000000831,142.784892
204,779,11dd74426e8374ac110c4036c77c09ab_000000000834,174.126820
204,780,11dd74426e8374ac110c4036c77c09ab_000000000835,194.811339
204,781,11dd74426e8374ac110c4036c77c09ab_000000000836,65.831456
204,782,11dd74426e8374ac110c4036c77c09ab_000000000837,631.509282
204,783,11dd74426e8374ac110c4036c77c09ab_000000000838,271.160326
204,784,11dd74426e8374ac110c4036c77c09ab_000000000839,44.286093
204,785,11dd74426e8374ac110c4036c77c09ab_000000000840,166.087394
204,786,11dd74426e8374ac110c4036c77c09ab_000000000841,179.310117
204,787,11dd74426e8374ac110c4036c77c09ab_000000000842,119.929198
204,788,11dd74426e8374ac110c4036c77c09ab_000000000843,179.745303
204,789,11dd74426e8374ac110c4036c77c09ab_000000000844,96.005239
204,790,11dd74426e8374ac110c4036c77c09ab_000000000845,213.082604
204,791,11dd74426e8374ac110c4036c77c09ab_000000000846,93.967977
204,792,11dd74426e8374ac110c4036c77c09ab_000000000847,142.607939
204,793,11dd74426e8374ac110c4036c77c09ab_000000000848,165.110109
204,794,11dd74426e8374ac110c4036c77c09ab_000000000849,93.160189
204,795,11dd74426e8374ac110c4036c77c09ab_000000000850,106.212155
204,796,11dd74426e8374ac110c4036c77c09ab_000000000851,49.632184
204,797,11dd74426e8374ac110c4036c77c09ab_000000000852,26.387027
204,798,11dd74426e8374ac110c4036c77c09ab_000000000853,112.833731
204,799,11dd74426e8374ac110c4036c77c09ab_000000000854,28.752875
204,800,11dd74426e8374ac110c4036c77c09ab_000000000855,159.900463
204,801,11dd74426e8374ac110c4036c77c09ab_000000000856,26.534229
204,802,11dd74426e8374ac110c4036c77c09ab_000000000857,72.113601
204,803,11dd74426e8374ac110c4036c77c09ab_000000000858,119.591356
204,804,11dd74426e8374ac110c4036c77c09ab_000000000859,72.261219
204,805,11dd74426e8374ac110c4036c77c09ab_000000000860,160.458492
204,806,11dd74426e8374ac110c4036c77c09ab_000000000861,187.950477
204,807,11dd74426e8374ac110c4036c77c09ab_000000000862,68.523677
204,808,11dd74426e8374ac110c4036c77c09ab_000000000863,435.675069
204,809,11dd74426e8374ac110c4036c77c09ab_000000000864,74.836413
210,814,11dd74426e8374ac110c4036c77c09ab_000000000869,122.890739
211,816,11dd74426e8374ac110c4036c77c09ab_000000000871,2.423412
212,816,11dd74426e8374ac110c4036c77c09ab_000000000871,254.157541
213,818,11dd74426e8374ac110c4036c77c09ab_000000000873,370.476128
213,819,11dd74426e8374ac110c4036c77c09ab_000000000874,161.054189
213,820,11dd74426e8374ac110c4036c77c09ab_000000000875,135.271085
213,821,11dd74426e8374ac110c4036c77c09ab_000000000876,62.182874
213,822,11dd74426e8374ac110c4036c77c09ab_000000000877,225.926281
213,823,11dd74426e8374ac110c4036c77c09ab_000000000878,181.455253
213,824,11dd74426e8374ac110c4036c77c09ab_000000000879,215.459979
213,825,11dd74426e8374ac110c4036c77c09ab_000000000880,172.643164
213,826,11dd74426e8374ac110c4036c77c09ab_000000000881,66.336234
213,827,11dd74426e8374ac110c4036c77c09ab_000000000882,206.397262
213,828,11dd74426e8374ac110c4036c77c09ab_000000000883,252.782089
213,829,11dd74426e8374ac110c4036c77c09ab_000000000884,584.527998
216,832,11dd74426e8374ac110c4036c77c09ab_000000000893,1115.200648
216,833,11dd74426e8374ac110c4036c77c09ab_000000000894,868.980769
216,834,11dd74426e8374ac110c4036c77c09ab_000000000895,220.725426
216,835,11dd74426e8374ac110c4036c77c09ab_000000000896,282.592612
216,836,11dd74426e8374ac110c4036c77c09ab_000000000897,282.869764
216,837,11dd74426e8374ac110c4036c77c09ab_000000000898,152.621732
216,838,11dd74426e8374ac110c4036c77c09ab_000000000899,74.436921
216,839,11dd74426e8374ac110c4036c77c09ab_000000000900,38.152301
216,840,11dd74426e8374ac110c4036c77c09ab_000000000901,93.795500
216,841,11dd74426e8374ac110c4036c77c09ab_000000000902,162.835915
216,842,11dd74426e8374ac110c4036c77c09ab_000000000903,146.154100
216,843,11dd74426e8374ac110c4036c77c09ab_000000000904,77.125828
216,844,11dd74426e8374ac110c4036c77c09ab_000000000905,325.120815
216,845,11dd74426e8374ac110c4036c77c09ab_000000000906,218.178899
216,846,11dd74426e8374ac110c4036c77c09ab_000000000907,76.324459
216,847,11dd74426e8374ac110c4036c77c09ab_000000000908,84.757215
216,848,11dd74426e8374ac110c4036c77c09ab_000000000909,30.782835
216,849,11dd74426e8374ac110c4036c77c09ab_000000000910,135.265419
216,850,11dd74426e8374ac110c4036c77c09ab_000000000911,217.349786
216,851,11dd74426e8374ac110c4036c77c09ab_000000000912,248.265393
216,852,11dd74426e8374ac110c4036c77c09ab_000000000913,66.637844
216,853,11dd74426e8374ac110c4036c77c09ab_000000000914,373.515107
218,855,11dd74426e8374ac110c4036c77c09ab_000000000916,569.798300
218,856,11dd74426e8374ac110c4036c77c09ab_000000000917,83.261443
224,859,11dd74426e8374ac110c4036c77c09ab_000000000920,203.723628
224,860,11dd74426e8374ac110c4036c77c09ab_000000000921,234.097051
224,861,11dd74426e8374ac110c4036c77c09ab_000000000922,63.098985
224,862,11dd74426e8374ac110c4036c77c09ab_000000000923,406.752755
224,863,11dd74426e8374ac110c4036c77c09ab_000000000924,546.495741
224,864,11dd74426e8374ac110c4036c77c09ab_000000000925,235.613289
224,865,11dd74426e8374ac110c4036c77c09ab_000000000926,147.150280
224,866,11dd74426e8374ac110c4036c77c09ab_000000000927,59.650381
224,867,11dd74426e8374ac110c4036c77c09ab_000000000928,108.594996
224,868,11dd74426e8374ac110c4036c77c09ab_000000000929,215.331703
224,869,11dd74426e8374ac110c4036c77c09ab_000000000930,293.822686
224,870,11dd74426e8374ac110c4036c77c09ab_000000000931,159.995439
224,871,11dd74426e8374ac110c4036c77c09ab_000000000932,229.260412
224,872,11dd74426e8374ac110c4036c77c09ab_000000000933,15.207298
224,873,11dd74426e8374ac110c4036c77c09ab_000000000934,120.742221
224,874,11dd74426e8374ac110c4036c77c09ab_000000000935,569.301585
224,875,11dd74426e8374ac110c4036c77c09ab_000000000936,88.782426
224,876,11dd74426e8374ac110c4036c77c09ab_000000000937,305.057568
224,877,11dd74426e8374ac110c4036c77c09ab_000000000938,163.250467
227,880,11dd74426e8374ac110c4036c77c09ab_000000000941,132.053710
231,883,11dd74426e8374ac110c4036c77c09ab_000000000944,165.216308
231,884,11dd74426e8374ac110c4036c77c09ab_000000000945,60.720165
231,885,11dd74426e8374ac110c4036c77c09ab_000000000946,173.971706
231,886,11dd74426e8374ac110c4036c77c09ab_000000000947,298.566251
231,887,11dd74426e8374ac110c4036c77c09ab_000000000948,47.993776
231,888,11dd74426e8374ac110c4036c77c09ab_000000000949,611.434435
231,889,11dd74426e8374ac110c4036c77c09ab_000000000950,71.322732
231,890,11dd74426e8374ac110c4036c77c09ab_000000000951,151.554166
231,891,11dd74426e8374ac110c4036c77c09ab_000000000952,177.997660
231,892,11dd74426e8374ac110c4036c77c09ab_000000000953,26.366520
234,895,11dd74426e8374ac110c4036c77c09ab_000000000956,140.343301
234,896,11dd74426e8374ac110c4036c77c09ab_000000000957,331.429763
234,897,11dd74426e8374ac110c4036c77c09ab_000000000958,109.867575
237,900,11dd74426e8374ac110c4036c77c09ab_000000000961,92.109550
237,901,11dd74426e8374ac110c4036c77c09ab_000000000962,55.050281
237,902,11dd74426e8374ac110c4036c77c09ab_000000000963,138.855717
237,903,11dd74426e8374ac110c4036c77c09ab_000000000964,321.444800
237,904,11dd74426e8374ac110c4036c77c09ab_000000000965,84.080791
237,905,11dd74426e8374ac110c4036c77c09ab_000000000966,187.093073
237,906,11dd74426e8374ac110c4036c77c09ab_000000000967,77.461481
237,907,11dd74426e8374ac110c4036c77c09ab_000000000968,45.465522
237,908,11dd74426e8374ac110c4036c77c09ab_000000000969,77.676291
240,911,11dd74426e8374ac110c4036c77c09ab_000000000972,52.114210
240,912,11dd74426e8374ac110c4036c77c09ab_000000000973,140.925248
240,913,11dd74426e8374ac110c4036c77c09ab_000000000974,85.775206
240,914,11dd74426e8374ac110c4036c77c09ab_000000000975,115.298315
240,915,11dd74426e8374ac110c4036c77c09ab_000000000976,385.426023
240,916,11dd74426e8374ac110c4036c77c09ab_000000000977,96.741103
240,917,11dd74426e8374ac110c4036c77c09ab_000000000978,328.132141
246,921,11dd74426e8374ac110c4036c77c09ab_000000000982,304.871960
246,922,11dd74426e8374ac110c4036c77c09ab_000000000983,419.328507
246,923,11dd74426e8374ac110c4036c77c09ab_000000000984,107.029625
246,924,11dd74426e8374ac110c4036c77c09ab_000000000985,170.136981
246,925,11dd74426e8374ac110c4036c77c09ab_000000000986,134.226964
246,926,11dd74426e8374ac110c4036c77c09ab_000000000987,111.274568
246,927,11dd74426e8374ac110c4036c77c09ab_000000000988,84.016388
246,928,11dd74426e8374ac110c4036c77c09ab_000000000989,168.728219
246,929,11dd74426e8374ac110c4036c77c09ab_000000000990,483.909217
246,930,11dd74426e8374ac110c4036c77c09ab_000000000991,82.340864
246,931,11dd74426e8374ac110c4036c77c09ab_000000000992,586.707271
246,932,11dd74426e8374ac110c4036c77c09ab_000000000993,197.592144
246,933,11dd74426e8374ac110c4036c77c09ab_000000000994,140.678329
246,934,11dd74426e8374ac110c4036c77c09ab_000000000995,72.544381
246,935,11dd74426e8374ac110c4036c77c09ab_000000000996,73.223715
246,936,11dd74426e8374ac110c4036c77c09ab_000000000997,331.738393
246,937,11dd74426e8374ac110c4036c77c09ab_000000000998,144.555145
246,938,11dd74426e8374ac110c4036c77c09ab_000000000999,170.889631
246,939,11dd74426e8374ac110c4036c77c09ab_000000001000,771.477118
246,940,11dd74426e8374ac110c4036c77c09ab_000000001001,113.997582
247,942,11dd74426e8374ac110c4036c77c09ab_000000001003,146.247050
247,943,11dd74426e8374ac110c4036c77c09ab_000000001004,67.211006
247,944,11dd74426e8374ac110c4036c77c09ab_000000001005,56.908489
247,945,11dd74426e8374ac110c4036c77c09ab_000000001006,83.315635
247,946,11dd74426e8374ac110c4036c77c09ab_000000001007,94.010425
247,947,11dd74426e8374ac110c4036c77c09ab_000000001008,19.253206
247,948,11dd74426e8374ac110c4036c77c09ab_000000001009,39.192601
247,949,11dd74426e8374ac110c4036c77c09ab_000000001010,20.778022
247,950,11dd74426e8374ac110c4036c77c09ab_000000001011,12.253898
247,951,11dd74426e8374ac110c4036c77c09ab_000000001012,25.301826
247,952,11dd74426e8374ac110c4036c77c09ab_000000001013,40.320990
247,953,11dd74426e8374ac110c4036c77c09ab_000000001014,37.449999
247,954,11dd74426e8374ac110c4036c77c09ab_000000001015,541.997856
248,942,11dd74426e8374ac110c4036c77c09ab_000000001003,220.445706
248,943,11dd74426e8374ac110c4036c77c09ab_000000001004,237.212401
248,944,11dd74426e8374ac110c4036c77c09ab_000000001005,197.302457
248,945,11dd74426e8374ac110c4036c77c09ab_000000001006,133.796702
248,946,11dd74426e8374ac110c4036c77c09ab_000000001007,90.171159
248,947,11dd74426e8374ac110c4036c77c09ab_000000001008,70.892117
248,948,11dd74426e8374ac110c4036c77c09ab_000000001009,95.524401
248,949,11dd74426e8374ac110c4036c77c09ab_000000001010,11.618245
248,950,11dd74426e8374ac110c4036c77c09ab_000000001011,198.308634
248,951,11dd74426e8374ac110c4036c77c09ab_000000001012,100.135191
248,952,11dd74426e8374ac110c4036c77c09ab_000000001013,31.203473
248,953,11dd74426e8374ac110c4036c77c09ab_000000001014,5.460828
248,954,11dd74426e8374ac110c4036c77c09ab_000000001015,244.998773
249,956,11dd74426e8374ac110c4036c77c09ab_000000001017,831.722704
249,957,11dd74426e8374ac110c4036c77c09ab_000000001018,254.100598
252,960,11dd74426e8374ac110c4036c77c09ab_000000001021,261.825872
255,963,11dd74426e8374ac110c4036c77c09ab_000000001024,146.991487
255,964,11dd74426e8374ac110c4036c77c09ab_000000001025,246.652245
255,965,11dd74426e8374ac110c4036c77c09ab_000000001026,96.459556
255,966,11dd74426e8374ac110c4036c77c09ab_000000001027,155.451699
255,967,11dd74426e8374ac110c4036c77c09ab_000000001028,76.446856
255,968,11dd74426e8374ac110c4036c77c09ab_000000001029,80.421817
255,969,11dd74426e8374ac110c4036c77c09ab_000000001030,40.876384
255,970,11dd74426e8374ac110c4036c77c09ab_000000001031,83.236634
255,971,11dd74426e8374ac110c4036c77c09ab_000000001032,532.255861
255,972,11dd74426e8374ac110c4036c77c09ab_000000001033,214.981829
255,973,11dd74426e8374ac110c4036c77c09ab_000000001034,539.933346
255,974,11dd74426e8374ac110c4036c77c09ab_000000001035,435.012516
255,975,11dd74426e8374ac110c4036c77c09ab_000000001036,118.616357
255,976,11dd74426e8374ac110c4036c77c09ab_000000001037,171.133508
255,977,11dd74426e8374ac110c4036c77c09ab_000000001038,293.862639
255,978,11dd74426e8374ac110c4036c77c09ab_000000001039,607.992083
255,979,11dd74426e8374ac110c4036c77c09ab_000000001040,146.838391
255,980,11dd74426e8374ac110c4036c77c09ab_000000001041,339.599488
255,981,11dd74426e8374ac110c4036c77c09ab_000000001042,226.101489
255,982,11dd74426e8374ac110c4036c77c09ab_000000001043,175.867278
255,983,11dd74426e8374ac110c4036c77c09ab_000000001044,86.346661
258,986,11dd74426e8374ac110c4036c77c09ab_000000001051,255.499166
258,987,11dd74426e8374ac110c4036c77c09ab_000000001052,671.533825
258,988,11dd74426e8374ac110c4036c77c09ab_000000001053,508.427471
258,989,11dd74426e8374ac110c4036c77c09ab_000000001054,318.677061
258,990,11dd74426e8374ac110c4036c77c09ab_000000001055,310.613843
258,991,11dd74426e8374ac110c4036c77c09ab_000000001056,189.309684
258,992,11dd74426e8374ac110c4036c77c09ab_000000001057,244.276211
258,993,11dd74426e8374ac110c4036c77c09ab_000000001058,246.535135
258,994,11dd74426e8374ac110c4036c77c09ab_000000001059,144.957905
258,995,11dd74426e8374ac110c4036c77c09ab_000000001060,174.826088
258,996,11dd74426e8374ac110c4036c77c09ab_000000001061,220.496924
261,999,11dd74426e8374ac110c4036c77c09ab_000000001064,383.066156
261,1000,11dd74426e8374ac110c4036c77c09ab_000000001065,306.468703
261,1001,11dd74426e8374ac110c4036c77c09ab_000000001066,293.249162
261,1002,11dd74426e8374ac110c4036c77c09ab_000000001067,235.237055
261,1003,11dd74426e8374ac110c4036c77c09ab_000000001068,135.273244
261,1004,11dd74426e8374ac110c4036c77c09ab_000000001069,107.245245
261,1005,11dd74426e8374ac110c4036c77c09ab_000000001070,150.095382
261,1006,11dd74426e8374ac110c4036c77c09ab_000000001071,226.406213
261,1007,11dd74426e8374ac110c4036c77c09ab_000000001072,143.398297
261,1008,11dd74426e8374ac110c4036c77c09ab_000000001073,242.025690
261,1009,11dd74426e8374ac110c4036c77c09ab_000000001074,112.103937
261,1010,11dd74426e8374ac110c4036c77c09ab_000000001075,212.223141
261,1011,11dd74426e8374ac110c4036c77c09ab_000000001076,149.151414
261,1012,11dd74426e8374ac110c4036c77c09ab_000000001077,223.019756
261,1013,11dd74426e8374ac110c4036c77c09ab_000000001078,167.775422
261,1014,11dd74426e8374ac110c4036c77c09ab_000000001079,254.736032
261,1015,11dd74426e8374ac110c4036c77c09ab_000000001080,239.510525
261,1016,11dd74426e8374ac110c4036c77c09ab_000000001081,174.870331
261,1017,11dd74426e8374ac110c4036c77c09ab_000000001082,409.773337
261,1018,11dd74426e8374ac110c4036c77c09ab_000000001083,226.386321
261,1019,11dd74426e8374ac110c4036c77c09ab_000000001084,31.302352
261,1020,11dd74426e8374ac110c4036c77c09ab_000000001085,622.047544
261,1021,11dd74426e8374ac110c4036c77c09ab_000000001086,1228.940619
261,1022,11dd74426e8374ac110c4036c77c09ab_000000001087,122.480267
261,1023,11dd74426e8374ac110c4036c77c09ab_000000001088,159.270659
261,1024,11dd74426e8374ac110c4036c77c09ab_000000001089,128.152865
261,1025,11dd74426e8374ac110c4036c77c09ab_000000001090,16.521943
261,1026,11dd74426e8374ac110c4036c77c09ab_000000001091,286.940957
261,1027,11dd74426e8374ac110c4036c77c09ab_000000001092,880.381853
261,1028,11dd74426e8374ac110c4036c77c09ab_000000001093,201.007122
261,1029,11dd74426e8374ac110c4036c77c09ab_000000001094,313.264353
261,1030,11dd74426e8374ac110c4036c77c09ab_000000001095,457.602878
261,1031,11dd74426e8374ac110c4036c77c09ab_000000001096,437.800046
261,1032,11dd74426e8374ac110c4036c77c09ab_000000001097,76.559394
261,1033,11dd74426e8374ac110c4036c77c09ab_000000001098,262.407199
261,1034,11dd74426e8374ac110c4036c77c09ab_000000001099,68.554256
262,1036,11dd74426e8374ac110c4036c77c09ab_000000001101,155.133180
263,1036,11dd74426e8374ac110c4036c77c09ab_000000001101,342.979179
264,1038,11dd74426e8374ac110c4036c77c09ab_000000001103,191.258084
264,1039,11dd74426e8374ac110c4036c77c09ab_000000001104,465.626886
264,1040,11dd74426e8374ac110c4036c77c09ab_000000001105,267.853812
264,1041,11dd74426e8374ac110c4036c77c09ab_000000001106,329.956438
264,1042,11dd74426e8374ac110c4036c77c09ab_000000001107,120.264305
264,1043,11dd74426e8374ac110c4036c77c09ab_000000001108,454.456511
264,1044,11dd74426e8374ac110c4036c77c09ab_000000001109,247.366779
264,1045,11dd74426e8374ac110c4036c77c09ab_000000001110,50.446216
264,1046,11dd74426e8374ac110c4036c77c09ab_000000001111,227.964498
264,1047,11dd74426e8374ac110c4036c77c09ab_000000001119,756.711337
264,1048,11dd74426e8374ac110c4036c77c09ab_000000001120,525.151544
264,1049,11dd74426e8374ac110c4036c77c09ab_000000001121,302.149703
264,1050,11dd74426e8374ac110c4036c77c09ab_000000001122,290.465778
264,1051,11dd74426e8374ac110c4036c77c09ab_000000001123,316.449596
264,1052,11dd74426e8374ac110c4036c77c09ab_000000001124,448.787566
264,1053,11dd74426e8374ac110c4036c77c09ab_000000001125,272.240270
264,1054,11dd74426e8374ac110c4036c77c09ab_000000001126,175.071305
264,1055,11dd74426e8374ac110c4036c77c09ab_000000001127,165.411328
264,1056,11dd74426e8374ac110c4036c77c09ab_000000001128,156.266777
264,1057,11dd74426e8374ac110c4036c77c09ab_000000001129,52.207020
264,1058,11dd74426e8374ac110c4036c77c09ab_000000001130,76.574442
264,1059,11dd74426e8374ac110c4036c77c09ab_000000001131,162.080609
264,1060,11dd74426e8374ac110c4036c77c09ab_000000001132,67.698983
264,1061,11dd74426e8374ac110c4036c77c09ab_000000001133,104.123462
264,1062,11dd74426e8374ac110c4036c77c09ab_000000001134,158.248611
264,1063,11dd74426e8374ac110c4036c77c09ab_000000001135,170.620418
264,1064,11dd74426e8374ac110c4036c77c09ab_000000001136,136.460965
264,1065,11dd74426e8374ac110c4036c77c09ab_000000001137,20.077053
267,1068,11dd74426e8374ac110c4036c77c09ab_000000001140,64.864637
267,1069,11dd74426e8374ac110c4036c77c09ab_000000001141,94.432267
267,1070,11dd74426e8374ac110c4036c77c09ab_000000001142,54.389945
267,1071,11dd74426e8374ac110c4036c77c09ab_000000001143,314.539787
267,1072,11dd74426e8374ac110c4036c77c09ab_000000001144,33.496227
267,1073,11dd74426e8374ac110c4036c77c09ab_000000001145,236.115841
267,1074,11dd74426e8374ac110c4036c77c09ab_000000001146,91.511983
267,1075,11dd74426e8374ac110c4036c77c09ab_000000001147,369.534798
267,1076,11dd74426e8374ac110c4036c77c09ab_000000001148,396.880329
267,1077,11dd74426e8374ac110c4036c77c09ab_000000001149,241.671217
267,1078,11dd74426e8374ac110c4036c77c09ab_000000001150,40.438644
267,1079,11dd74426e8374ac110c4036c77c09ab_000000001151,185.783019
267,1080,11dd74426e8374ac110c4036c77c09ab_000000001152,167.354171
267,1081,11dd74426e8374ac110c4036c77c09ab_000000001153,150.761246
267,1082,11dd74426e8374ac110c4036c77c09ab_000000001154,109.324997
267,1083,11dd74426e8374ac110c4036c77c09ab_000000001155,195.950338
267,1084,11dd74426e8374ac110c4036c77c09ab_000000001156,207.687438
267,1085,11dd74426e8374ac110c4036c77c09ab_000000001157,73.104549
267,1086,11dd74426e8374ac110c4036c77c09ab_000000001158,201.987640
267,1087,11dd74426e8374ac110c4036c77c09ab_000000001159,158.597354
267,1088,11dd74426e8374ac110c4036c77c09ab_000000001160,114.629237
267,1089,11dd74426e8374ac110c4036c77c09ab_000000001161,179.716118
267,1090,11dd74426e8374ac110c4036c77c09ab_000000001162,22.011096
267,1091,11dd74426e8374ac110c4036c77c09ab_000000001163,265.631562
267,1092,11dd74426e8374ac110c4036c77c09ab_000000001164,172.281283
267,1093,11dd74426e8374ac110c4036c77c09ab_000000001165,76.977292
267,1094,11dd74426e8374ac110c4036c77c09ab_000000001166,362.913343
267,1095,11dd74426e8374ac110c4036c77c09ab_000000001167,121.246372
267,1096,11dd74426e8374ac110c4036c77c09ab_000000001168,557.278676
267,1097,11dd74426e8374ac110c4036c77c09ab_000000001169,137.852453
267,1098,11dd74426e8374ac110c4036c77c09ab_000000001170,125.230047
267,1099,11dd74426e8374ac110c4036c77c09ab_000000001171,213.464864
267,1100,11dd74426e8374ac110c4036c77c09ab_000000001172,139.220281
272,1103,11dd74426e8374ac110c4036c77c09ab_000000001175,363.314045
272,1104,11dd74426e8374ac110c4036c77c09ab_000000001176,214.095907
272,1105,11dd74426e8374ac110c4036c77c09ab_000000001177,64.225417
272,1106,11dd74426e8374ac110c4036c77c09ab_000000001178,396.957334
272,1107,11dd74426e8374ac110c4036c77c09ab_000000001179,334.399735
272,1108,11dd74426e8374ac110c4036c77c09ab_000000001180,196.606991
272,1109,11dd74426e8374ac110c4036c77c09ab_000000001181,240.970503
272,1110,11dd74426e8374ac110c4036c77c09ab_000000001182,81.025693
272,1111,11dd74426e8374ac110c4036c77c09ab_000000001183,163.112161
272,1112,11dd74426e8374ac110c4036c77c09ab_000000001184,121.503436
272,1113,11dd74426e8374ac110c4036c77c09ab_000000001185,440.829420
273,1115,11dd74426e8374ac110c4036c77c09ab_000000001187,26.613695
274,1115,11dd74426e8374ac110c4036c77c09ab_000000001187,166.223477
275,1117,11dd74426e8374ac110c4036c77c09ab_000000001189,166.785082
275,1118,11dd74426e8374ac110c4036c77c09ab_000000001190,494.425953
275,1119,11dd74426e8374ac110c4036c77c09ab_000000001191,575.297144
275,1120,11dd74426e8374ac110c4036c77c09ab_000000001192,182.261224
275,1121,11dd74426e8374ac110c4036c77c09ab_000000001193,166.818715
275,1122,11dd74426e8374ac110c4036c77c09ab_000000001194,230.161546
275,1123,11dd74426e8374ac110c4036c77c09ab_000000001195,858.996876
275,1124,11dd74426e8374ac110c4036c77c09ab_000000001196,665.553318
275,1125,11dd74426e8374ac110c4036c77c09ab_000000001197,139.757032
275,1126,11dd74426e8374ac110c4036c77c09ab_000000001198,353.952939
275,1127,11dd74426e8374ac110c4036c77c09ab_000000001199,239.488961
275,1128,11dd74426e8374ac110c4036c77c09ab_000000001200,332.414336
287,1135,11dd74426e8374ac110c4036c77c09ab_000000001207,232.783626
287,1136,11dd74426e8374ac110c4036c77c09ab_000000001208,22.865781
287,1137,11dd74426e8374ac110c4036c77c09ab_000000001209,243.333508
287,1138,11dd74426e8374ac110c4036c77c09ab_000000001210,922.057827
291,1141,11dd74426e8374ac110c4036c77c09ab_000000001213,253.715021
292,1141,11dd74426e8374ac110c4036c77c09ab_000000001213,185.686910
298,1145,11dd74426e8374ac110c4036c77c09ab_000000001217,101.601884
298,1146,11dd74426e8374ac110c4036c77c09ab_000000001218,111.732191
298,1147,11dd74426e8374ac110c4036c77c09ab_000000001219,397.615554
298,1148,11dd74426e8374ac110c4036c77c09ab_000000001220,213.500572
298,1149,11dd74426e8374ac110c4036c77c09ab_000000001221,124.230800
298,1150,11dd74426e8374ac110c4036c77c09ab_000000001222,188.226549
298,1151,11dd74426e8374ac110c4036c77c09ab_000000001223,314.669648
298,1152,11dd74426e8374ac110c4036c77c09ab_000000001224,174.872843
298,1153,11dd74426e8374ac110c4036c77c09ab_000000001225,207.823250
298,1154,11dd74426e8374ac110c4036c77c09ab_000000001226,417.855380
298,1155,11dd74426e8374ac110c4036c77c09ab_000000001227,215.362890
298,1156,11dd74426e8374ac110c4036c77c09ab_000000001228,209.132399
298,1157,11dd74426e8374ac110c4036c77c09ab_000000001229,87.319328
298,1158,11dd74426e8374ac110c4036c77c09ab_000000001230,244.889053
298,1159,11dd74426e8374ac110c4036c77c09ab_000000001231,161.004771
